Warp 1.15.0 initialized:
   CUDA Toolkit 12.9, Driver 13.2
   Devices:
     "cpu"      : "x86_64"
     "cuda:0"   : "NVIDIA GeForce RTX 4060 Laptop GPU" (8 GiB, sm_89, mempool enabled)
   Kernel cache:
     /home/gabriel/.cache/warp/1.15.0
[polyscope] Backend: openGL_mock
episode octopus: --mesh coarse -> models/octopus_initial_coarse.npz
--rest-shape: loaded models/octopus_rest_coarse.npz  (rest reference vs tracked start: median 2.14 mm / max 9.40 mm)
tool path retracted 3.4 mm along -tool-axis so the poker starts 0 mm clear of the start-frame mesh
tool trajectory: 155 frames, 5.13 s, start frame = 19 (t0 = 0.633 s, tool-free), origin span (mm) = [ 54.3 106.8 150. ], contact frames = 123, playback x1, verbatim
per-tet material 'field' (E_field) transferred from models/octopus_stiffness_field.npz: 3450 id tets -> 2025 coarse tets, nearest-centroid dist mean 6.5 mm / max 16.3 mm; E (Pa) min 1651 / med 2832 / max 3633, nu 0.4263 -> mu (Pa) 579..1274, lambda (Pa) 3345..7362
tracked surface: whole-body detrend = rigid (reference frame 19)
tracked surface overlay: 155 frames, 15002 verts, 30000 tris, alpha 0.3  (/home/gabriel/auras/warp-mfem/PlushOctopus_T1/mesh_trajectories_canonical.npy)
    Update system took 4.37 ms
    Assemble system took 12.98 ms
    Global solve took 39.90 ms
    Local solve took 0.38 ms
    Line search took 9.71 ms
    Update system took 0.60 ms
    Assemble system took 1.80 ms
    Global solve took 11.24 ms
    Local solve took 0.22 ms
    Line search took 2.86 ms
    Update system took 0.88 ms
    Assemble system took 1.89 ms
    Global solve took 8.08 ms
    Local solve took 0.14 ms
    Line search took 2.14 ms
    Update system took 0.69 ms
    Assemble system took 1.76 ms
    Global solve took 7.74 ms
    Local solve took 0.19 ms
    Line search took 1.95 ms
    Update system took 0.53 ms
    Assemble system took 1.56 ms
    Global solve took 7.64 ms
    Local solve took 0.19 ms
    Line search took 1.99 ms
    Update system took 0.57 ms
    Assemble system took 1.58 ms
    Global solve took 8.14 ms
    Local solve took 0.07 ms
    Line search took 1.71 ms
    Update system took 0.47 ms
    Assemble system took 1.43 ms
    Global solve took 8.81 ms
    Local solve took 0.08 ms
    Line search took 1.74 ms
    Update system took 0.50 ms
    Assemble system took 1.46 ms
    Global solve took 9.48 ms
    Local solve took 0.06 ms
    Line search took 2.66 ms
    Update system took 0.46 ms
    Assemble system took 1.48 ms
    Global solve took 9.98 ms
    Local solve took 0.11 ms
    Line search took 2.31 ms
    Update system took 0.53 ms
    Assemble system took 1.63 ms
    Global solve took 9.57 ms
    Local solve took 0.06 ms
    Line search took 1.75 ms
    Update system took 0.46 ms
    Assemble system took 1.42 ms
    Global solve took 9.81 ms
    Local solve took 0.05 ms
    Line search took 1.52 ms
    Update system took 0.47 ms
    Assemble system took 1.63 ms
    Global solve took 10.20 ms
    Local solve took 0.12 ms
    Line search took 2.50 ms
Step and readback took 253.52 ms
    Update system took 0.44 ms
    Assemble system took 1.54 ms
    Global solve took 9.33 ms
    Local solve took 0.08 ms
    Line search took 3.84 ms
    Update system took 0.52 ms
    Assemble system took 1.57 ms
    Global solve took 9.54 ms
    Local solve took 0.12 ms
    Line search took 4.75 ms
    Update system took 0.52 ms
    Assemble system took 1.55 ms
    Global solve took 8.69 ms
    Local solve took 0.09 ms
    Line search took 2.27 ms
    Update system took 0.51 ms
    Assemble system took 1.45 ms
    Global solve took 8.24 ms
    Local solve took 0.05 ms
    Line search took 1.61 ms
    Update system took 0.42 ms
    Assemble system took 1.37 ms
    Global solve took 8.32 ms
    Local solve took 0.05 ms
    Line search took 1.56 ms
    Update system took 0.42 ms
    Assemble system took 1.39 ms
    Global solve took 8.34 ms
    Local solve took 0.05 ms
    Line search took 1.57 ms
    Update system took 0.44 ms
    Assemble system took 1.40 ms
    Global solve took 6.34 ms
    Local solve took 0.10 ms
    Line search took 3.50 ms
    Update system took 0.61 ms
    Assemble system took 1.54 ms
    Global solve took 6.78 ms
    Local solve took 0.09 ms
    Line search took 1.89 ms
    Update system took 0.56 ms
    Assemble system took 1.59 ms
    Global solve took 6.59 ms
    Local solve took 0.10 ms
    Line search took 1.84 ms
    Update system took 0.52 ms
    Assemble system took 1.50 ms
    Global solve took 6.47 ms
    Local solve took 0.06 ms
    Line search took 1.73 ms
    Update system took 0.49 ms
    Assemble system took 1.89 ms
    Global solve took 6.53 ms
    Local solve took 0.09 ms
    Line search took 1.78 ms
    Update system took 0.53 ms
    Assemble system took 1.49 ms
    Global solve took 7.31 ms
    Local solve took 0.23 ms
    Line search took 1.91 ms
Step and readback took 176.87 ms
    Update system took 0.44 ms
    Assemble system took 1.54 ms
    Global solve took 3.93 ms
    Local solve took 0.09 ms
    Line search took 1.93 ms
    Update system took 0.61 ms
    Assemble system took 1.65 ms
    Global solve took 4.00 ms
    Local solve took 0.08 ms
    Line search took 1.87 ms
    Update system took 0.59 ms
    Assemble system took 1.62 ms
    Global solve took 4.30 ms
    Local solve took 0.08 ms
    Line search took 1.84 ms
    Update system took 0.56 ms
    Assemble system took 1.56 ms
    Global solve took 4.83 ms
    Local solve took 0.12 ms
    Line search took 1.93 ms
    Update system took 0.57 ms
    Assemble system took 1.56 ms
    Global solve took 5.04 ms
    Local solve took 0.09 ms
    Line search took 1.83 ms
    Update system took 0.55 ms
    Assemble system took 1.62 ms
    Global solve took 5.35 ms
    Local solve took 0.10 ms
    Line search took 1.84 ms
    Update system took 0.64 ms
    Assemble system took 1.64 ms
    Global solve took 6.12 ms
    Local solve took 0.12 ms
    Line search took 1.94 ms
    Update system took 0.59 ms
    Assemble system took 1.53 ms
    Global solve took 6.42 ms
    Local solve took 0.11 ms
    Line search took 1.86 ms
    Update system took 0.56 ms
    Assemble system took 1.59 ms
    Global solve took 6.83 ms
    Local solve took 0.10 ms
    Line search took 2.04 ms
    Update system took 0.85 ms
    Assemble system took 2.11 ms
    Global solve took 6.54 ms
    Local solve took 0.15 ms
    Line search took 1.97 ms
    Update system took 0.59 ms
    Assemble system took 1.61 ms
    Global solve took 6.49 ms
    Local solve took 0.13 ms
    Line search took 1.86 ms
    Update system took 0.55 ms
    Assemble system took 1.63 ms
    Global solve took 6.31 ms
    Local solve took 0.10 ms
    Line search took 1.88 ms
Step and readback took 147.00 ms
    Update system took 0.50 ms
    Assemble system took 1.57 ms
    Global solve took 3.68 ms
    Local solve took 0.07 ms
    Line search took 1.78 ms
    Update system took 0.53 ms
    Assemble system took 1.50 ms
    Global solve took 3.79 ms
    Local solve took 0.08 ms
    Line search took 1.91 ms
    Update system took 0.60 ms
    Assemble system took 1.60 ms
    Global solve took 3.91 ms
    Local solve took 0.08 ms
    Line search took 1.74 ms
    Update system took 0.51 ms
    Assemble system took 1.49 ms
    Global solve took 4.45 ms
    Local solve took 0.06 ms
    Line search took 1.68 ms
    Update system took 0.48 ms
    Assemble system took 1.46 ms
    Global solve took 4.86 ms
    Local solve took 0.07 ms
    Line search took 1.67 ms
    Update system took 0.49 ms
    Assemble system took 1.49 ms
    Global solve took 5.28 ms
    Local solve took 0.06 ms
    Line search took 2.67 ms
    Update system took 0.48 ms
    Assemble system took 1.46 ms
    Global solve took 5.28 ms
    Local solve took 0.07 ms
    Line search took 2.20 ms
    Update system took 0.47 ms
    Assemble system took 1.44 ms
    Global solve took 5.48 ms
    Local solve took 0.07 ms
    Line search took 1.68 ms
    Update system took 0.54 ms
    Assemble system took 1.45 ms
    Global solve took 5.79 ms
    Local solve took 0.14 ms
    Line search took 1.84 ms
    Update system took 0.58 ms
    Assemble system took 1.54 ms
    Global solve took 5.75 ms
    Local solve took 0.06 ms
    Line search took 1.67 ms
    Update system took 0.48 ms
    Assemble system took 1.49 ms
    Global solve took 6.09 ms
    Local solve took 0.08 ms
    Line search took 1.72 ms
    Update system took 0.52 ms
    Assemble system took 1.46 ms
    Global solve took 6.35 ms
    Local solve took 0.09 ms
    Line search took 1.84 ms
Step and readback took 140.25 ms
    Update system took 0.45 ms
    Assemble system took 1.57 ms
    Global solve took 2.90 ms
    Local solve took 0.06 ms
    Line search took 1.71 ms
    Update system took 0.48 ms
    Assemble system took 1.49 ms
    Global solve took 3.69 ms
    Local solve took 0.06 ms
    Line search took 1.65 ms
    Update system took 0.48 ms
    Assemble system took 1.45 ms
    Global solve took 3.88 ms
    Local solve took 0.06 ms
    Line search took 1.90 ms
    Update system took 0.62 ms
    Assemble system took 1.85 ms
    Global solve took 4.64 ms
    Local solve took 0.07 ms
    Line search took 2.17 ms
    Update system took 0.65 ms
    Assemble system took 3.48 ms
    Global solve took 5.00 ms
    Local solve took 0.12 ms
    Line search took 2.75 ms
    Update system took 0.93 ms
    Assemble system took 2.35 ms
    Global solve took 5.69 ms
    Local solve took 0.11 ms
    Line search took 4.35 ms
    Update system took 0.93 ms
    Assemble system took 2.42 ms
    Global solve took 5.79 ms
    Local solve took 0.10 ms
    Line search took 3.97 ms
    Update system took 0.76 ms
    Assemble system took 2.19 ms
    Global solve took 6.23 ms
    Local solve took 0.12 ms
    Line search took 3.32 ms
    Update system took 0.83 ms
    Assemble system took 2.24 ms
    Global solve took 5.61 ms
    Local solve took 0.07 ms
    Line search took 1.76 ms
    Update system took 0.47 ms
    Assemble system took 1.51 ms
    Global solve took 5.52 ms
    Local solve took 0.06 ms
    Line search took 1.71 ms
    Update system took 0.48 ms
    Assemble system took 1.54 ms
    Global solve took 5.70 ms
    Local solve took 0.07 ms
    Line search took 3.37 ms
    Update system took 0.51 ms
    Assemble system took 1.55 ms
    Global solve took 6.16 ms
    Local solve took 0.09 ms
    Line search took 2.15 ms
Step and readback took 156.60 ms
    Update system took 0.46 ms
    Assemble system took 1.62 ms
    Global solve took 3.19 ms
    Local solve took 0.06 ms
    Line search took 1.78 ms
    Update system took 0.54 ms
    Assemble system took 1.55 ms
    Global solve took 3.39 ms
    Local solve took 0.05 ms
    Line search took 1.73 ms
    Update system took 0.52 ms
    Assemble system took 1.55 ms
    Global solve took 4.12 ms
    Local solve took 0.06 ms
    Line search took 1.76 ms
    Update system took 0.51 ms
    Assemble system took 1.63 ms
    Global solve took 4.37 ms
    Local solve took 0.07 ms
    Line search took 1.79 ms
    Update system took 0.77 ms
    Assemble system took 1.67 ms
    Global solve took 4.75 ms
    Local solve took 0.07 ms
    Line search took 1.78 ms
    Update system took 1.92 ms
    Assemble system took 1.76 ms
    Global solve took 5.53 ms
    Local solve took 0.12 ms
    Line search took 3.43 ms
    Update system took 0.51 ms
    Assemble system took 1.48 ms
    Global solve took 6.58 ms
    Local solve took 0.14 ms
    Line search took 3.09 ms
    Update system took 0.77 ms
    Assemble system took 1.74 ms
    Global solve took 5.02 ms
    Local solve took 0.06 ms
    Line search took 2.65 ms
    Update system took 0.47 ms
    Assemble system took 1.42 ms
    Global solve took 5.13 ms
    Local solve took 0.06 ms
    Line search took 2.16 ms
    Update system took 0.59 ms
    Assemble system took 1.59 ms
    Global solve took 5.16 ms
    Local solve took 0.06 ms
    Line search took 1.68 ms
    Update system took 0.47 ms
    Assemble system took 1.41 ms
    Global solve took 5.23 ms
    Local solve took 0.06 ms
    Line search took 1.59 ms
    Update system took 0.45 ms
    Assemble system took 1.39 ms
    Global solve took 5.27 ms
    Local solve took 0.05 ms
    Line search took 1.58 ms
Step and readback took 144.32 ms
    Update system took 0.45 ms
    Assemble system took 1.63 ms
    Global solve took 3.52 ms
    Local solve took 0.07 ms
    Line search took 1.73 ms
    Update system took 0.50 ms
    Assemble system took 1.47 ms
    Global solve took 3.67 ms
    Local solve took 0.07 ms
    Line search took 1.68 ms
    Update system took 0.49 ms
    Assemble system took 1.50 ms
    Global solve took 4.11 ms
    Local solve took 0.08 ms
    Line search took 1.74 ms
    Update system took 0.52 ms
    Assemble system took 1.51 ms
    Global solve took 4.76 ms
    Local solve took 0.08 ms
    Line search took 2.81 ms
    Update system took 0.57 ms
    Assemble system took 1.64 ms
    Global solve took 5.43 ms
    Local solve took 0.21 ms
    Line search took 3.78 ms
    Update system took 0.82 ms
    Assemble system took 1.87 ms
    Global solve took 5.90 ms
    Local solve took 0.10 ms
    Line search took 2.46 ms
    Update system took 0.69 ms
    Assemble system took 1.82 ms
    Global solve took 5.32 ms
    Local solve took 0.12 ms
    Line search took 2.00 ms
    Update system took 0.61 ms
    Assemble system took 1.62 ms
    Global solve took 6.72 ms
    Local solve took 0.09 ms
    Line search took 1.82 ms
    Update system took 0.55 ms
    Assemble system took 1.59 ms
    Global solve took 5.22 ms
    Local solve took 0.09 ms
    Line search took 2.03 ms
    Update system took 0.63 ms
    Assemble system took 1.59 ms
    Global solve took 5.20 ms
    Local solve took 0.07 ms
    Line search took 1.71 ms
    Update system took 0.53 ms
    Assemble system took 1.59 ms
    Global solve took 5.54 ms
    Local solve took 0.07 ms
    Line search took 2.30 ms
    Update system took 0.50 ms
    Assemble system took 1.51 ms
    Global solve took 5.30 ms
    Local solve took 0.10 ms
    Line search took 2.00 ms
Step and readback took 147.16 ms
    Update system took 0.50 ms
    Assemble system took 1.87 ms
    Global solve took 10.76 ms
    Local solve took 0.11 ms
    Line search took 2.00 ms
    Update system took 0.62 ms
    Assemble system took 1.52 ms
    Global solve took 11.91 ms
    Local solve took 0.08 ms
    Line search took 2.44 ms
    Update system took 0.56 ms
    Assemble system took 1.50 ms
    Global solve took 10.44 ms
    Local solve took 0.12 ms
    Line search took 2.01 ms
    Update system took 0.62 ms
    Assemble system took 1.64 ms
    Global solve took 8.56 ms
    Local solve took 0.13 ms
    Line search took 2.26 ms
    Update system took 0.57 ms
    Assemble system took 1.48 ms
    Global solve took 6.52 ms
    Local solve took 0.08 ms
    Line search took 1.71 ms
    Update system took 0.58 ms
    Assemble system took 1.58 ms
    Global solve took 6.12 ms
    Local solve took 0.06 ms
    Line search took 2.77 ms
    Update system took 0.51 ms
    Assemble system took 1.73 ms
    Global solve took 5.62 ms
    Local solve took 0.14 ms
    Line search took 2.39 ms
    Update system took 0.83 ms
    Assemble system took 1.69 ms
    Global solve took 6.74 ms
    Local solve took 0.09 ms
    Line search took 1.87 ms
    Update system took 0.57 ms
    Assemble system took 1.60 ms
    Global solve took 5.89 ms
    Local solve took 0.07 ms
    Line search took 2.40 ms
    Update system took 0.76 ms
    Assemble system took 1.61 ms
    Global solve took 5.88 ms
    Local solve took 0.07 ms
    Line search took 1.85 ms
    Update system took 0.57 ms
    Assemble system took 1.72 ms
    Global solve took 5.89 ms
    Local solve took 0.09 ms
    Line search took 1.81 ms
    Update system took 0.52 ms
    Assemble system took 1.54 ms
    Global solve took 7.24 ms
    Local solve took 0.20 ms
    Line search took 2.45 ms
Step and readback took 178.99 ms
    Update system took 0.47 ms
    Assemble system took 1.61 ms
    Global solve took 11.86 ms
    Local solve took 0.07 ms
    Line search took 2.11 ms
    Update system took 0.65 ms
    Assemble system took 1.72 ms
    Global solve took 14.37 ms
    Local solve took 0.22 ms
    Line search took 3.05 ms
    Update system took 0.59 ms
    Assemble system took 1.59 ms
    Global solve took 12.51 ms
    Local solve took 0.08 ms
    Line search took 1.97 ms
    Update system took 0.56 ms
    Assemble system took 1.60 ms
    Global solve took 10.42 ms
    Local solve took 0.11 ms
    Line search took 1.94 ms
    Update system took 0.61 ms
    Assemble system took 1.70 ms
    Global solve took 10.28 ms
    Local solve took 0.18 ms
    Line search took 2.42 ms
    Update system took 0.89 ms
    Assemble system took 1.91 ms
    Global solve took 7.44 ms
    Local solve took 0.07 ms
    Line search took 1.97 ms
    Update system took 0.61 ms
    Assemble system took 1.64 ms
    Global solve took 7.24 ms
    Local solve took 0.11 ms
    Line search took 2.52 ms
    Update system took 0.56 ms
    Assemble system took 1.63 ms
    Global solve took 7.54 ms
    Local solve took 0.17 ms
    Line search took 1.88 ms
    Update system took 0.53 ms
    Assemble system took 1.52 ms
    Global solve took 6.47 ms
    Local solve took 0.07 ms
    Line search took 1.73 ms
    Update system took 0.52 ms
    Assemble system took 1.53 ms
    Global solve took 7.22 ms
    Local solve took 0.09 ms
    Line search took 1.87 ms
    Update system took 0.56 ms
    Assemble system took 1.53 ms
    Global solve took 7.21 ms
    Local solve took 0.08 ms
    Line search took 2.39 ms
    Update system took 0.60 ms
    Assemble system took 2.07 ms
    Global solve took 10.74 ms
    Local solve took 0.19 ms
    Line search took 2.66 ms
Step and readback took 200.89 ms
    Update system took 0.43 ms
    Assemble system took 1.72 ms
    Global solve took 5.43 ms
    Local solve took 0.06 ms
    Line search took 1.72 ms
    Update system took 0.47 ms
    Assemble system took 1.43 ms
    Global solve took 3.88 ms
    Local solve took 0.06 ms
    Line search took 2.31 ms
    Update system took 0.47 ms
    Assemble system took 1.45 ms
    Global solve took 4.10 ms
    Local solve took 0.09 ms
    Line search took 1.90 ms
    Update system took 0.56 ms
    Assemble system took 1.50 ms
    Global solve took 4.34 ms
    Local solve took 0.07 ms
    Line search took 1.89 ms
    Update system took 0.60 ms
    Assemble system took 1.72 ms
    Global solve took 5.71 ms
    Local solve took 0.18 ms
    Line search took 4.13 ms
    Update system took 0.56 ms
    Assemble system took 1.55 ms
    Global solve took 5.62 ms
    Local solve took 0.06 ms
    Line search took 3.85 ms
    Update system took 0.53 ms
    Assemble system took 1.50 ms
    Global solve took 6.14 ms
    Local solve took 0.08 ms
    Line search took 3.47 ms
    Update system took 0.61 ms
    Assemble system took 1.57 ms
    Global solve took 6.85 ms
    Local solve took 0.10 ms
    Line search took 3.75 ms
    Update system took 0.78 ms
    Assemble system took 1.69 ms
    Global solve took 5.32 ms
    Local solve took 0.07 ms
    Line search took 2.76 ms
    Update system took 0.48 ms
    Assemble system took 1.52 ms
    Global solve took 5.72 ms
    Local solve took 0.10 ms
    Line search took 1.92 ms
    Update system took 0.53 ms
    Assemble system took 1.52 ms
    Global solve took 5.66 ms
    Local solve took 0.06 ms
    Line search took 1.70 ms
    Update system took 0.48 ms
    Assemble system took 1.48 ms
    Global solve took 6.12 ms
    Local solve took 0.43 ms
    Line search took 2.46 ms
Step and readback took 154.74 ms
    Update system took 0.47 ms
    Assemble system took 1.52 ms
    Global solve took 6.31 ms
    Local solve took 0.07 ms
    Line search took 6.84 ms
    Update system took 0.58 ms
    Assemble system took 1.51 ms
    Global solve took 6.50 ms
    Local solve took 0.09 ms
    Line search took 6.89 ms
    Update system took 0.67 ms
    Assemble system took 1.61 ms
    Global solve took 9.90 ms
    Local solve took 0.07 ms
    Line search took 9.19 ms
    Update system took 0.69 ms
    Assemble system took 1.65 ms
    Global solve took 14.22 ms
    Local solve took 0.18 ms
    Line search took 11.13 ms
    Update system took 0.61 ms
    Assemble system took 1.60 ms
    Global solve took 14.60 ms
    Local solve took 0.09 ms
    Line search took 4.43 ms
    Update system took 0.58 ms
    Assemble system took 1.61 ms
    Global solve took 10.32 ms
    Local solve took 0.10 ms
    Line search took 4.59 ms
    Update system took 0.72 ms
    Assemble system took 1.64 ms
    Global solve took 10.88 ms
    Local solve took 0.09 ms
    Line search took 4.54 ms
    Update system took 0.85 ms
    Assemble system took 1.64 ms
    Global solve took 9.47 ms
    Local solve took 0.14 ms
    Line search took 2.35 ms
    Update system took 0.84 ms
    Assemble system took 1.86 ms
    Global solve took 4.90 ms
    Local solve took 0.07 ms
    Line search took 1.90 ms
    Update system took 0.67 ms
    Assemble system took 1.99 ms
    Global solve took 5.33 ms
    Local solve took 0.11 ms
    Line search took 1.91 ms
    Update system took 0.53 ms
    Assemble system took 1.49 ms
    Global solve took 5.21 ms
    Local solve took 0.07 ms
    Line search took 1.72 ms
    Update system took 0.50 ms
    Assemble system took 1.55 ms
    Global solve took 5.48 ms
    Local solve took 0.10 ms
    Line search took 2.04 ms
Step and readback took 224.07 ms
    Update system took 0.48 ms
    Assemble system took 1.57 ms
    Global solve took 17.48 ms
    Local solve took 0.18 ms
    Line search took 6.75 ms
    Update system took 1.11 ms
    Assemble system took 2.31 ms
    Global solve took 23.12 ms
    Local solve took 0.13 ms
    Line search took 4.46 ms
    Update system took 1.27 ms
    Assemble system took 1.65 ms
    Global solve took 23.01 ms
    Local solve took 0.11 ms
    Line search took 4.51 ms
    Update system took 0.59 ms
    Assemble system took 1.60 ms
    Global solve took 20.80 ms
    Local solve took 0.24 ms
    Line search took 6.55 ms
    Update system took 0.89 ms
    Assemble system took 1.63 ms
    Global solve took 18.30 ms
    Local solve took 0.12 ms
    Line search took 5.68 ms
    Update system took 0.85 ms
    Assemble system took 1.72 ms
    Global solve took 15.05 ms
    Local solve took 0.11 ms
    Line search took 4.48 ms
    Update system took 0.57 ms
    Assemble system took 1.59 ms
    Global solve took 11.15 ms
    Local solve took 0.14 ms
    Line search took 2.02 ms
    Update system took 0.59 ms
    Assemble system took 1.76 ms
    Global solve took 8.71 ms
    Local solve took 0.10 ms
    Line search took 2.19 ms
    Update system took 0.74 ms
    Assemble system took 1.87 ms
    Global solve took 7.27 ms
    Local solve took 0.08 ms
    Line search took 2.40 ms
    Update system took 0.47 ms
    Assemble system took 1.50 ms
    Global solve took 6.43 ms
    Local solve took 0.10 ms
    Line search took 2.13 ms
    Update system took 0.64 ms
    Assemble system took 1.74 ms
    Global solve took 7.85 ms
    Local solve took 0.22 ms
    Line search took 2.65 ms
    Update system took 1.07 ms
    Assemble system took 1.69 ms
    Global solve took 7.28 ms
    Local solve took 0.14 ms
    Line search took 4.54 ms
Step and readback took 282.06 ms
    Update system took 0.65 ms
    Assemble system took 1.94 ms
    Global solve took 15.95 ms
    Local solve took 0.09 ms
    Line search took 4.56 ms
    Update system took 0.63 ms
    Assemble system took 1.65 ms
    Global solve took 16.56 ms
    Local solve took 0.19 ms
    Line search took 9.04 ms
    Update system took 0.83 ms
    Assemble system took 1.88 ms
    Global solve took 18.72 ms
    Local solve took 0.22 ms
    Line search took 6.66 ms
    Update system took 0.86 ms
    Assemble system took 1.94 ms
    Global solve took 16.20 ms
    Local solve took 0.10 ms
    Line search took 2.88 ms
    Update system took 0.60 ms
    Assemble system took 1.63 ms
    Global solve took 8.99 ms
    Local solve took 0.11 ms
    Line search took 2.53 ms
    Update system took 0.83 ms
    Assemble system took 1.98 ms
    Global solve took 9.16 ms
    Local solve took 0.11 ms
    Line search took 2.56 ms
    Update system took 0.60 ms
    Assemble system took 1.66 ms
    Global solve took 7.50 ms
    Local solve took 0.14 ms
    Line search took 1.92 ms
    Update system took 0.63 ms
    Assemble system took 1.68 ms
    Global solve took 7.10 ms
    Local solve took 0.11 ms
    Line search took 1.87 ms
    Update system took 0.67 ms
    Assemble system took 1.56 ms
    Global solve took 9.27 ms
    Local solve took 0.15 ms
    Line search took 4.94 ms
    Update system took 0.81 ms
    Assemble system took 1.88 ms
    Global solve took 12.52 ms
    Local solve took 0.08 ms
    Line search took 4.56 ms
    Update system took 0.53 ms
    Assemble system took 1.60 ms
    Global solve took 10.67 ms
    Local solve took 0.12 ms
    Line search took 4.54 ms
    Update system took 0.61 ms
    Assemble system took 1.57 ms
    Global solve took 13.34 ms
    Local solve took 0.07 ms
    Line search took 6.94 ms
Step and readback took 263.62 ms
    Update system took 0.45 ms
    Assemble system took 1.57 ms
    Global solve took 12.69 ms
    Local solve took 0.07 ms
    Line search took 1.80 ms
    Update system took 0.50 ms
    Assemble system took 1.52 ms
    Global solve took 13.96 ms
    Local solve took 0.11 ms
    Line search took 1.90 ms
    Update system took 0.53 ms
    Assemble system took 1.56 ms
    Global solve took 10.84 ms
    Local solve took 0.13 ms
    Line search took 2.03 ms
    Update system took 0.56 ms
    Assemble system took 1.52 ms
    Global solve took 9.26 ms
    Local solve took 0.12 ms
    Line search took 1.94 ms
    Update system took 0.56 ms
    Assemble system took 1.57 ms
    Global solve took 7.11 ms
    Local solve took 0.10 ms
    Line search took 6.25 ms
    Update system took 0.57 ms
    Assemble system took 1.55 ms
    Global solve took 13.29 ms
    Local solve took 0.06 ms
    Line search took 4.54 ms
    Update system took 0.54 ms
    Assemble system took 1.58 ms
    Global solve took 10.70 ms
    Local solve took 0.11 ms
    Line search took 4.49 ms
    Update system took 0.72 ms
    Assemble system took 1.90 ms
    Global solve took 12.73 ms
    Local solve took 0.16 ms
    Line search took 7.95 ms
    Update system took 0.80 ms
    Assemble system took 1.62 ms
    Global solve took 10.22 ms
    Local solve took 0.06 ms
    Line search took 4.58 ms
    Update system took 0.50 ms
    Assemble system took 1.57 ms
    Global solve took 10.77 ms
    Local solve took 0.08 ms
    Line search took 4.55 ms
    Update system took 0.62 ms
    Assemble system took 1.81 ms
    Global solve took 12.87 ms
    Local solve took 0.06 ms
    Line search took 1.87 ms
    Update system took 0.58 ms
    Assemble system took 3.28 ms
    Global solve took 6.80 ms
    Local solve took 0.10 ms
    Line search took 2.21 ms
Step and readback took 237.13 ms
    Update system took 0.47 ms
    Assemble system took 1.53 ms
    Global solve took 9.81 ms
    Local solve took 0.11 ms
    Line search took 1.88 ms
    Update system took 0.55 ms
    Assemble system took 1.62 ms
    Global solve took 19.22 ms
    Local solve took 0.07 ms
    Line search took 4.51 ms
    Update system took 0.56 ms
    Assemble system took 1.54 ms
    Global solve took 23.59 ms
    Local solve took 0.13 ms
    Line search took 4.38 ms
    Update system took 0.61 ms
    Assemble system took 1.60 ms
    Global solve took 14.99 ms
    Local solve took 0.18 ms
    Line search took 4.26 ms
    Update system took 0.54 ms
    Assemble system took 1.60 ms
    Global solve took 14.56 ms
    Local solve took 0.15 ms
    Line search took 6.70 ms
    Update system took 0.59 ms
    Assemble system took 1.61 ms
    Global solve took 13.55 ms
    Local solve took 0.11 ms
    Line search took 1.96 ms
    Update system took 0.59 ms
    Assemble system took 1.57 ms
    Global solve took 5.34 ms
    Local solve took 0.06 ms
    Line search took 1.69 ms
    Update system took 0.47 ms
    Assemble system took 1.55 ms
    Global solve took 5.47 ms
    Local solve took 0.07 ms
    Line search took 1.83 ms
    Update system took 0.53 ms
    Assemble system took 1.48 ms
    Global solve took 6.44 ms
    Local solve took 0.09 ms
    Line search took 1.73 ms
    Update system took 0.52 ms
    Assemble system took 1.47 ms
    Global solve took 5.31 ms
    Local solve took 0.07 ms
    Line search took 1.81 ms
    Update system took 0.53 ms
    Assemble system took 1.55 ms
    Global solve took 5.76 ms
    Local solve took 0.11 ms
    Line search took 2.03 ms
    Update system took 0.69 ms
    Assemble system took 1.61 ms
    Global solve took 5.84 ms
    Local solve took 0.09 ms
    Line search took 7.39 ms
Step and readback took 231.47 ms
    Update system took 0.47 ms
    Assemble system took 1.58 ms
    Global solve took 17.35 ms
    Local solve took 0.08 ms
    Line search took 4.61 ms
    Update system took 0.51 ms
    Assemble system took 1.48 ms
    Global solve took 24.09 ms
    Local solve took 0.10 ms
    Line search took 4.59 ms
    Update system took 0.55 ms
    Assemble system took 1.52 ms
    Global solve took 17.90 ms
    Local solve took 0.21 ms
    Line search took 2.59 ms
    Update system took 0.67 ms
    Assemble system took 1.64 ms
    Global solve took 8.00 ms
    Local solve took 0.08 ms
    Line search took 2.36 ms
    Update system took 0.55 ms
    Assemble system took 1.54 ms
    Global solve took 7.51 ms
    Local solve took 0.06 ms
    Line search took 6.92 ms
    Update system took 0.56 ms
    Assemble system took 1.59 ms
    Global solve took 7.56 ms
    Local solve took 0.10 ms
    Line search took 1.92 ms
    Update system took 0.60 ms
    Assemble system took 1.59 ms
    Global solve took 8.42 ms
    Local solve took 0.22 ms
    Line search took 3.83 ms
    Update system took 0.60 ms
    Assemble system took 1.71 ms
    Global solve took 10.20 ms
    Local solve took 0.18 ms
    Line search took 6.85 ms
    Update system took 0.65 ms
    Assemble system took 1.62 ms
    Global solve took 14.16 ms
    Local solve took 0.06 ms
    Line search took 4.66 ms
    Update system took 0.51 ms
    Assemble system took 1.57 ms
    Global solve took 14.07 ms
    Local solve took 0.05 ms
    Line search took 4.64 ms
    Update system took 0.46 ms
    Assemble system took 1.48 ms
    Global solve took 14.20 ms
    Local solve took 0.08 ms
    Line search took 4.60 ms
    Update system took 0.49 ms
    Assemble system took 1.47 ms
    Global solve took 14.60 ms
    Local solve took 0.11 ms
    Line search took 4.47 ms
Step and readback took 270.96 ms
    Update system took 0.51 ms
    Assemble system took 1.63 ms
    Global solve took 16.44 ms
    Local solve took 0.06 ms
    Line search took 4.62 ms
    Update system took 0.51 ms
    Assemble system took 1.53 ms
    Global solve took 15.19 ms
    Local solve took 0.08 ms
    Line search took 2.06 ms
    Update system took 2.04 ms
    Assemble system took 1.59 ms
    Global solve took 8.31 ms
    Local solve took 0.10 ms
    Line search took 2.39 ms
    Update system took 0.76 ms
    Assemble system took 1.82 ms
    Global solve took 6.59 ms
    Local solve took 0.07 ms
    Line search took 1.71 ms
    Update system took 0.50 ms
    Assemble system took 1.51 ms
    Global solve took 5.78 ms
    Local solve took 0.10 ms
    Line search took 1.91 ms
    Update system took 0.59 ms
    Assemble system took 1.55 ms
    Global solve took 6.13 ms
    Local solve took 0.11 ms
    Line search took 1.87 ms
    Update system took 0.57 ms
    Assemble system took 1.58 ms
    Global solve took 6.21 ms
    Local solve took 0.13 ms
    Line search took 4.49 ms
    Update system took 0.61 ms
    Assemble system took 1.65 ms
    Global solve took 13.20 ms
    Local solve took 0.08 ms
    Line search took 11.71 ms
    Update system took 0.71 ms
    Assemble system took 1.57 ms
    Global solve took 13.24 ms
    Local solve took 0.09 ms
    Line search took 9.18 ms
    Update system took 0.60 ms
    Assemble system took 1.55 ms
    Global solve took 13.54 ms
    Local solve took 0.05 ms
    Line search took 4.78 ms
    Update system took 0.57 ms
    Assemble system took 1.70 ms
    Global solve took 14.45 ms
    Local solve took 0.22 ms
    Line search took 5.38 ms
    Update system took 1.08 ms
    Assemble system took 1.91 ms
    Global solve took 13.49 ms
    Local solve took 0.09 ms
    Line search took 22.37 ms
Step and readback took 269.75 ms
    Update system took 0.45 ms
    Assemble system took 1.60 ms
    Global solve took 6.62 ms
    Local solve took 0.09 ms
    Line search took 1.95 ms
    Update system took 0.55 ms
    Assemble system took 1.76 ms
    Global solve took 10.60 ms
    Local solve took 0.12 ms
    Line search took 3.04 ms
    Update system took 0.59 ms
    Assemble system took 1.56 ms
    Global solve took 9.63 ms
    Local solve took 0.13 ms
    Line search took 1.98 ms
    Update system took 0.59 ms
    Assemble system took 1.66 ms
    Global solve took 7.66 ms
    Local solve took 0.12 ms
    Line search took 1.86 ms
    Update system took 1.05 ms
    Assemble system took 1.67 ms
    Global solve took 12.99 ms
    Local solve took 0.06 ms
    Line search took 4.61 ms
    Update system took 0.51 ms
    Assemble system took 1.51 ms
    Global solve took 10.49 ms
    Local solve took 0.08 ms
    Line search took 4.61 ms
    Update system took 0.62 ms
    Assemble system took 1.67 ms
    Global solve took 13.30 ms
    Local solve took 0.19 ms
    Line search took 6.74 ms
    Update system took 0.97 ms
    Assemble system took 1.97 ms
    Global solve took 12.71 ms
    Local solve took 0.14 ms
    Line search took 6.61 ms
    Update system took 0.76 ms
    Assemble system took 1.85 ms
    Global solve took 13.12 ms
    Local solve took 0.05 ms
    Line search took 4.63 ms
    Update system took 0.47 ms
    Assemble system took 1.55 ms
    Global solve took 14.29 ms
    Local solve took 0.13 ms
    Line search took 3.26 ms
    Update system took 1.09 ms
    Assemble system took 2.67 ms
    Global solve took 6.59 ms
    Local solve took 0.08 ms
    Line search took 1.79 ms
    Update system took 0.50 ms
    Assemble system took 1.49 ms
    Global solve took 6.26 ms
    Local solve took 0.08 ms
    Line search took 2.48 ms
Step and readback took 231.25 ms
    Update system took 0.53 ms
    Assemble system took 2.05 ms
    Global solve took 8.10 ms
    Local solve took 0.17 ms
    Line search took 4.32 ms
    Update system took 0.54 ms
    Assemble system took 1.61 ms
    Global solve took 22.18 ms
    Local solve took 0.20 ms
    Line search took 6.45 ms
    Update system took 0.62 ms
    Assemble system took 1.60 ms
    Global solve took 22.88 ms
    Local solve took 0.16 ms
    Line search took 4.38 ms
    Update system took 0.55 ms
    Assemble system took 1.57 ms
    Global solve took 17.57 ms
    Local solve took 0.07 ms
    Line search took 4.55 ms
    Update system took 0.53 ms
    Assemble system took 1.53 ms
    Global solve took 13.97 ms
    Local solve took 0.14 ms
    Line search took 4.63 ms
    Update system took 0.62 ms
    Assemble system took 1.82 ms
    Global solve took 8.56 ms
    Local solve took 0.09 ms
    Line search took 1.72 ms
    Update system took 0.47 ms
    Assemble system took 1.51 ms
    Global solve took 6.00 ms
    Local solve took 0.06 ms
    Line search took 1.72 ms
    Update system took 0.47 ms
    Assemble system took 1.51 ms
    Global solve took 6.42 ms
    Local solve took 0.06 ms
    Line search took 1.70 ms
    Update system took 0.46 ms
    Assemble system took 1.54 ms
    Global solve took 6.72 ms
    Local solve took 0.07 ms
    Line search took 1.85 ms
    Update system took 0.56 ms
    Assemble system took 3.44 ms
    Global solve took 7.53 ms
    Local solve took 0.24 ms
    Line search took 2.77 ms
    Update system took 0.61 ms
    Assemble system took 1.61 ms
    Global solve took 6.69 ms
    Local solve took 0.10 ms
    Line search took 1.86 ms
    Update system took 0.54 ms
    Assemble system took 1.53 ms
    Global solve took 12.74 ms
    Local solve took 0.15 ms
    Line search took 6.66 ms
Step and readback took 245.10 ms
    Update system took 0.44 ms
    Assemble system took 1.61 ms
    Global solve took 19.32 ms
    Local solve took 0.06 ms
    Line search took 6.95 ms
    Update system took 0.93 ms
    Assemble system took 2.79 ms
    Global solve took 17.90 ms
    Local solve took 0.23 ms
    Line search took 6.76 ms
    Update system took 0.65 ms
    Assemble system took 1.58 ms
    Global solve took 14.39 ms
    Local solve took 0.09 ms
    Line search took 4.54 ms
    Update system took 0.62 ms
    Assemble system took 1.77 ms
    Global solve took 7.53 ms
    Local solve took 0.11 ms
    Line search took 2.85 ms
    Update system took 0.55 ms
    Assemble system took 1.54 ms
    Global solve took 6.17 ms
    Local solve took 0.05 ms
    Line search took 1.72 ms
    Update system took 0.47 ms
    Assemble system took 1.53 ms
    Global solve took 5.87 ms
    Local solve took 0.06 ms
    Line search took 1.66 ms
    Update system took 0.50 ms
    Assemble system took 1.46 ms
    Global solve took 5.69 ms
    Local solve took 0.10 ms
    Line search took 2.32 ms
    Update system took 2.21 ms
    Assemble system took 1.71 ms
    Global solve took 6.45 ms
    Local solve took 0.12 ms
    Line search took 3.68 ms
    Update system took 1.04 ms
    Assemble system took 2.16 ms
    Global solve took 6.28 ms
    Local solve took 0.08 ms
    Line search took 6.89 ms
    Update system took 0.66 ms
    Assemble system took 1.68 ms
    Global solve took 11.85 ms
    Local solve took 0.13 ms
    Line search took 4.55 ms
    Update system took 0.77 ms
    Assemble system took 1.74 ms
    Global solve took 13.58 ms
    Local solve took 0.09 ms
    Line search took 6.85 ms
    Update system took 0.52 ms
    Assemble system took 1.61 ms
    Global solve took 14.76 ms
    Local solve took 0.08 ms
    Line search took 4.57 ms
Step and readback took 248.59 ms
    Update system took 0.46 ms
    Assemble system took 1.56 ms
    Global solve took 8.26 ms
    Local solve took 0.06 ms
    Line search took 2.32 ms
    Update system took 0.49 ms
    Assemble system took 1.61 ms
    Global solve took 8.33 ms
    Local solve took 0.06 ms
    Line search took 1.71 ms
    Update system took 0.48 ms
    Assemble system took 1.50 ms
    Global solve took 6.83 ms
    Local solve took 0.09 ms
    Line search took 1.71 ms
    Update system took 0.52 ms
    Assemble system took 1.65 ms
    Global solve took 6.03 ms
    Local solve took 0.12 ms
    Line search took 3.69 ms
    Update system took 0.62 ms
    Assemble system took 1.57 ms
    Global solve took 6.45 ms
    Local solve took 0.22 ms
    Line search took 2.67 ms
    Update system took 0.61 ms
    Assemble system took 1.52 ms
    Global solve took 7.13 ms
    Local solve took 0.08 ms
    Line search took 4.52 ms
    Update system took 0.54 ms
    Assemble system took 1.54 ms
    Global solve took 22.72 ms
    Local solve took 0.06 ms
    Line search took 4.58 ms
    Update system took 0.50 ms
    Assemble system took 1.52 ms
    Global solve took 330.29 ms
    Local solve took 0.22 ms
    Line search took 8.99 ms
    Update system took 0.62 ms
    Assemble system took 1.61 ms
    Global solve took 14.74 ms
    Local solve took 0.21 ms
    Line search took 16.08 ms
    Update system took 0.90 ms
    Assemble system took 1.96 ms
    Global solve took 12.14 ms
    Local solve took 0.08 ms
    Line search took 4.56 ms
    Update system took 0.57 ms
    Assemble system took 1.58 ms
    Global solve took 10.52 ms
    Local solve took 0.07 ms
    Line search took 1.69 ms
    Update system took 0.47 ms
    Assemble system took 1.55 ms
    Global solve took 7.33 ms
    Local solve took 0.08 ms
    Line search took 2.31 ms
Step and readback took 556.27 ms
    Update system took 0.51 ms
    Assemble system took 1.75 ms
    Global solve took 7.08 ms
    Local solve took 0.15 ms
    Line search took 2.56 ms
    Update system took 0.60 ms
    Assemble system took 1.62 ms
    Global solve took 13.08 ms
    Local solve took 0.12 ms
    Line search took 4.43 ms
    Update system took 0.77 ms
    Assemble system took 1.83 ms
    Global solve took 12.35 ms
    Local solve took 0.06 ms
    Line search took 4.66 ms
    Update system took 0.47 ms
    Assemble system took 1.49 ms
    Global solve took 13.65 ms
    Local solve took 0.10 ms
    Line search took 4.47 ms
    Update system took 0.59 ms
    Assemble system took 1.68 ms
    Global solve took 13.54 ms
    Local solve took 0.07 ms
    Line search took 9.46 ms
    Update system took 0.89 ms
    Assemble system took 1.99 ms
    Global solve took 12.64 ms
    Local solve took 0.09 ms
    Line search took 4.68 ms
    Update system took 0.61 ms
    Assemble system took 1.55 ms
    Global solve took 14.28 ms
    Local solve took 0.24 ms
    Line search took 14.74 ms
    Update system took 0.88 ms
    Assemble system took 1.96 ms
    Global solve took 11.19 ms
    Local solve took 0.08 ms
    Line search took 3.32 ms
    Update system took 0.54 ms
    Assemble system took 1.54 ms
    Global solve took 6.51 ms
    Local solve took 0.08 ms
    Line search took 1.74 ms
    Update system took 0.49 ms
    Assemble system took 1.57 ms
    Global solve took 6.12 ms
    Local solve took 0.06 ms
    Line search took 3.64 ms
    Update system took 0.68 ms
    Assemble system took 1.77 ms
    Global solve took 5.85 ms
    Local solve took 0.08 ms
    Line search took 5.79 ms
    Update system took 0.62 ms
    Assemble system took 1.58 ms
    Global solve took 6.59 ms
    Local solve took 0.12 ms
    Line search took 1.90 ms
Step and readback took 247.74 ms
    Update system took 0.45 ms
    Assemble system took 1.58 ms
    Global solve took 14.29 ms
    Local solve took 0.11 ms
    Line search took 16.21 ms
    Update system took 0.60 ms
    Assemble system took 1.55 ms
    Global solve took 14.54 ms
    Local solve took 0.06 ms
    Line search took 11.66 ms
    Update system took 0.55 ms
    Assemble system took 3.30 ms
    Global solve took 12.64 ms
    Local solve took 0.14 ms
    Line search took 13.91 ms
    Update system took 0.68 ms
    Assemble system took 1.72 ms
    Global solve took 15.59 ms
    Local solve took 0.23 ms
    Line search took 6.67 ms
    Update system took 0.94 ms
    Assemble system took 1.97 ms
    Global solve took 13.60 ms
    Local solve took 0.09 ms
    Line search took 11.56 ms
    Update system took 0.64 ms
    Assemble system took 3.21 ms
    Global solve took 13.02 ms
    Local solve took 0.10 ms
    Line search took 5.84 ms
    Update system took 0.75 ms
    Assemble system took 1.99 ms
    Global solve took 9.68 ms
    Local solve took 0.11 ms
    Line search took 4.13 ms
    Update system took 0.56 ms
    Assemble system took 1.66 ms
    Global solve took 6.97 ms
    Local solve took 0.09 ms
    Line search took 2.08 ms
    Update system took 0.59 ms
    Assemble system took 1.54 ms
    Global solve took 7.99 ms
    Local solve took 0.20 ms
    Line search took 4.36 ms
    Update system took 0.94 ms
    Assemble system took 2.09 ms
    Global solve took 6.59 ms
    Local solve took 0.12 ms
    Line search took 1.92 ms
    Update system took 0.58 ms
    Assemble system took 1.54 ms
    Global solve took 6.26 ms
    Local solve took 0.13 ms
    Line search took 9.67 ms
    Update system took 0.89 ms
    Assemble system took 1.89 ms
    Global solve took 12.56 ms
    Local solve took 0.12 ms
    Line search took 4.48 ms
Step and readback took 293.35 ms
    Update system took 0.53 ms
    Assemble system took 1.64 ms
    Global solve took 11.99 ms
    Local solve took 0.07 ms
    Line search took 14.12 ms
    Update system took 0.83 ms
    Assemble system took 1.63 ms
    Global solve took 13.43 ms
    Local solve took 0.19 ms
    Line search took 13.74 ms
    Update system took 0.84 ms
    Assemble system took 1.70 ms
    Global solve took 14.49 ms
    Local solve took 0.10 ms
    Line search took 9.13 ms
    Update system took 0.63 ms
    Assemble system took 1.61 ms
    Global solve took 12.08 ms
    Local solve took 0.17 ms
    Line search took 9.34 ms
    Update system took 1.05 ms
    Assemble system took 1.75 ms
    Global solve took 10.54 ms
    Local solve took 0.11 ms
    Line search took 2.92 ms
    Update system took 0.53 ms
    Assemble system took 1.56 ms
    Global solve took 5.69 ms
    Local solve took 0.08 ms
    Line search took 1.99 ms
    Update system took 0.69 ms
    Assemble system took 1.89 ms
    Global solve took 6.51 ms
    Local solve took 0.08 ms
    Line search took 2.96 ms
    Update system took 0.55 ms
    Assemble system took 1.56 ms
    Global solve took 6.41 ms
    Local solve took 0.49 ms
    Line search took 2.24 ms
    Update system took 0.75 ms
    Assemble system took 1.99 ms
    Global solve took 6.90 ms
    Local solve took 0.12 ms
    Line search took 4.02 ms
    Update system took 0.59 ms
    Assemble system took 1.70 ms
    Global solve took 6.41 ms
    Local solve took 0.10 ms
    Line search took 5.90 ms
    Update system took 0.62 ms
    Assemble system took 1.63 ms
    Global solve took 13.28 ms
    Local solve took 0.23 ms
    Line search took 15.94 ms
    Update system took 1.12 ms
    Assemble system took 2.12 ms
    Global solve took 13.12 ms
    Local solve took 0.10 ms
    Line search took 4.51 ms
Step and readback took 273.39 ms
    Update system took 0.49 ms
    Assemble system took 1.69 ms
    Global solve took 13.39 ms
    Local solve took 0.09 ms
    Line search took 11.52 ms
    Update system took 0.56 ms
    Assemble system took 1.62 ms
    Global solve took 15.36 ms
    Local solve took 0.10 ms
    Line search took 7.27 ms
    Update system took 0.99 ms
    Assemble system took 2.06 ms
    Global solve took 6.62 ms
    Local solve took 0.10 ms
    Line search took 3.04 ms
    Update system took 0.60 ms
    Assemble system took 1.65 ms
    Global solve took 6.09 ms
    Local solve took 0.14 ms
    Line search took 3.39 ms
    Update system took 0.84 ms
    Assemble system took 1.88 ms
    Global solve took 7.01 ms
    Local solve took 0.10 ms
    Line search took 3.10 ms
    Update system took 0.60 ms
    Assemble system took 1.65 ms
    Global solve took 6.82 ms
    Local solve took 0.12 ms
    Line search took 1.98 ms
    Update system took 0.58 ms
    Assemble system took 1.63 ms
    Global solve took 6.52 ms
    Local solve took 0.10 ms
    Line search took 7.73 ms
    Update system took 0.57 ms
    Assemble system took 1.65 ms
    Global solve took 13.59 ms
    Local solve took 0.08 ms
    Line search took 5.88 ms
    Update system took 1.00 ms
    Assemble system took 2.09 ms
    Global solve took 13.32 ms
    Local solve took 0.21 ms
    Line search took 7.77 ms
    Update system took 1.07 ms
    Assemble system took 1.75 ms
    Global solve took 13.87 ms
    Local solve took 0.14 ms
    Line search took 5.72 ms
    Update system took 0.69 ms
    Assemble system took 1.61 ms
    Global solve took 14.33 ms
    Local solve took 0.20 ms
    Line search took 4.47 ms
    Update system took 0.61 ms
    Assemble system took 1.62 ms
    Global solve took 15.92 ms
    Local solve took 0.22 ms
    Line search took 13.69 ms
Step and readback took 274.56 ms
    Update system took 0.49 ms
    Assemble system took 1.58 ms
    Global solve took 17.96 ms
    Local solve took 0.20 ms
    Line search took 4.58 ms
    Update system took 0.56 ms
    Assemble system took 1.56 ms
    Global solve took 8.37 ms
    Local solve took 0.09 ms
    Line search took 3.57 ms
    Update system took 0.55 ms
    Assemble system took 1.57 ms
    Global solve took 7.78 ms
    Local solve took 0.10 ms
    Line search took 3.97 ms
    Update system took 0.55 ms
    Assemble system took 1.72 ms
    Global solve took 8.85 ms
    Local solve took 0.12 ms
    Line search took 5.26 ms
    Update system took 1.10 ms
    Assemble system took 2.17 ms
    Global solve took 8.15 ms
    Local solve took 0.10 ms
    Line search took 10.27 ms
    Update system took 0.84 ms
    Assemble system took 1.62 ms
    Global solve took 14.72 ms
    Local solve took 0.14 ms
    Line search took 4.65 ms
    Update system took 0.60 ms
    Assemble system took 1.62 ms
    Global solve took 34.14 ms
    Local solve took 0.13 ms
    Line search took 4.56 ms
    Update system took 0.85 ms
    Assemble system took 1.94 ms
    Global solve took 12.97 ms
    Local solve took 0.11 ms
    Line search took 4.46 ms
    Update system took 0.74 ms
    Assemble system took 1.61 ms
    Global solve took 13.79 ms
    Local solve took 0.10 ms
    Line search took 4.52 ms
    Update system took 0.56 ms
    Assemble system took 1.58 ms
    Global solve took 15.10 ms
    Local solve took 0.17 ms
    Line search took 6.80 ms
    Update system took 1.04 ms
    Assemble system took 1.68 ms
    Global solve took 13.51 ms
    Local solve took 0.18 ms
    Line search took 6.58 ms
    Update system took 0.59 ms
    Assemble system took 1.59 ms
    Global solve took 6.69 ms
    Local solve took 0.06 ms
    Line search took 1.76 ms
Step and readback took 286.31 ms
    Update system took 0.71 ms
    Assemble system took 1.76 ms
    Global solve took 6.70 ms
    Local solve took 0.15 ms
    Line search took 3.26 ms
    Update system took 0.64 ms
    Assemble system took 1.67 ms
    Global solve took 7.28 ms
    Local solve took 0.09 ms
    Line search took 9.05 ms
    Update system took 0.60 ms
    Assemble system took 1.66 ms
    Global solve took 19.13 ms
    Local solve took 0.06 ms
    Line search took 6.98 ms
    Update system took 0.61 ms
    Assemble system took 1.56 ms
    Global solve took 23.07 ms
    Local solve took 0.07 ms
    Line search took 4.61 ms
    Update system took 0.59 ms
    Assemble system took 1.65 ms
    Global solve took 18.58 ms
    Local solve took 0.11 ms
    Line search took 5.82 ms
    Update system took 0.94 ms
    Assemble system took 2.07 ms
    Global solve took 13.80 ms
    Local solve took 0.13 ms
    Line search took 5.77 ms
    Update system took 0.60 ms
    Assemble system took 1.61 ms
    Global solve took 14.87 ms
    Local solve took 0.10 ms
    Line search took 4.49 ms
    Update system took 0.56 ms
    Assemble system took 1.57 ms
    Global solve took 13.38 ms
    Local solve took 0.09 ms
    Line search took 1.87 ms
    Update system took 0.56 ms
    Assemble system took 1.47 ms
    Global solve took 6.56 ms
    Local solve took 0.11 ms
    Line search took 1.93 ms
    Update system took 0.76 ms
    Assemble system took 1.86 ms
    Global solve took 7.08 ms
    Local solve took 0.07 ms
    Line search took 1.76 ms
    Update system took 0.50 ms
    Assemble system took 1.47 ms
    Global solve took 6.47 ms
    Local solve took 0.07 ms
    Line search took 1.70 ms
    Update system took 0.50 ms
    Assemble system took 1.58 ms
    Global solve took 7.06 ms
    Local solve took 0.13 ms
    Line search took 2.06 ms
Step and readback took 255.55 ms
    Update system took 0.46 ms
    Assemble system took 1.60 ms
    Global solve took 10.12 ms
    Local solve took 0.09 ms
    Line search took 11.49 ms
    Update system took 0.60 ms
    Assemble system took 1.52 ms
    Global solve took 13.89 ms
    Local solve took 0.10 ms
    Line search took 11.46 ms
    Update system took 0.53 ms
    Assemble system took 1.73 ms
    Global solve took 14.54 ms
    Local solve took 0.07 ms
    Line search took 11.47 ms
    Update system took 0.55 ms
    Assemble system took 1.54 ms
    Global solve took 14.26 ms
    Local solve took 0.08 ms
    Line search took 9.27 ms
    Update system took 0.58 ms
    Assemble system took 1.59 ms
    Global solve took 14.06 ms
    Local solve took 0.10 ms
    Line search took 9.13 ms
    Update system took 0.55 ms
    Assemble system took 1.64 ms
    Global solve took 13.63 ms
    Local solve took 0.05 ms
    Line search took 4.57 ms
    Update system took 0.47 ms
    Assemble system took 1.51 ms
    Global solve took 8.69 ms
    Local solve took 0.28 ms
    Line search took 2.49 ms
    Update system took 0.90 ms
    Assemble system took 1.95 ms
    Global solve took 6.68 ms
    Local solve took 0.20 ms
    Line search took 3.12 ms
    Update system took 0.66 ms
    Assemble system took 1.63 ms
    Global solve took 6.21 ms
    Local solve took 0.16 ms
    Line search took 2.25 ms
    Update system took 0.56 ms
    Assemble system took 1.48 ms
    Global solve took 6.02 ms
    Local solve took 0.08 ms
    Line search took 2.56 ms
    Update system took 0.62 ms
    Assemble system took 1.58 ms
    Global solve took 6.12 ms
    Local solve took 0.13 ms
    Line search took 1.87 ms
    Update system took 0.60 ms
    Assemble system took 1.57 ms
    Global solve took 5.86 ms
    Local solve took 0.10 ms
    Line search took 5.46 ms
Step and readback took 255.95 ms
    Update system took 0.50 ms
    Assemble system took 1.62 ms
    Global solve took 17.31 ms
    Local solve took 0.12 ms
    Line search took 11.48 ms
    Update system took 0.58 ms
    Assemble system took 1.57 ms
    Global solve took 14.84 ms
    Local solve took 0.08 ms
    Line search took 13.98 ms
    Update system took 0.56 ms
    Assemble system took 1.60 ms
    Global solve took 15.11 ms
    Local solve took 0.06 ms
    Line search took 11.88 ms
    Update system took 0.71 ms
    Assemble system took 1.64 ms
    Global solve took 15.19 ms
    Local solve took 0.13 ms
    Line search took 12.84 ms
    Update system took 0.60 ms
    Assemble system took 1.83 ms
    Global solve took 14.68 ms
    Local solve took 0.07 ms
    Line search took 13.97 ms
    Update system took 0.53 ms
    Assemble system took 1.62 ms
    Global solve took 15.03 ms
    Local solve took 0.10 ms
    Line search took 11.67 ms
    Update system took 1.00 ms
    Assemble system took 2.01 ms
    Global solve took 13.58 ms
    Local solve took 0.08 ms
    Line search took 4.56 ms
    Update system took 0.58 ms
    Assemble system took 1.56 ms
    Global solve took 14.86 ms
    Local solve took 0.06 ms
    Line search took 4.62 ms
    Update system took 0.54 ms
    Assemble system took 1.54 ms
    Global solve took 15.85 ms
    Local solve took 0.22 ms
    Line search took 6.68 ms
    Update system took 0.97 ms
    Assemble system took 1.93 ms
    Global solve took 15.20 ms
    Local solve took 0.22 ms
    Line search took 6.52 ms
    Update system took 0.84 ms
    Assemble system took 1.91 ms
    Global solve took 13.50 ms
    Local solve took 0.07 ms
    Line search took 6.92 ms
    Update system took 0.66 ms
    Assemble system took 1.63 ms
    Global solve took 13.75 ms
    Local solve took 0.06 ms
    Line search took 4.62 ms
Step and readback took 355.44 ms
    Update system took 0.55 ms
    Assemble system took 2.06 ms
    Global solve took 14.67 ms
    Local solve took 0.07 ms
    Line search took 10.76 ms
    Update system took 0.88 ms
    Assemble system took 1.93 ms
    Global solve took 14.06 ms
    Local solve took 0.10 ms
    Line search took 11.70 ms
    Update system took 0.64 ms
    Assemble system took 1.61 ms
    Global solve took 13.98 ms
    Local solve took 0.21 ms
    Line search took 4.50 ms
    Update system took 0.94 ms
    Assemble system took 1.76 ms
    Global solve took 7.36 ms
    Local solve took 0.09 ms
    Line search took 3.48 ms
    Update system took 0.54 ms
    Assemble system took 1.54 ms
    Global solve took 7.50 ms
    Local solve took 0.09 ms
    Line search took 2.77 ms
    Update system took 0.56 ms
    Assemble system took 1.52 ms
    Global solve took 6.07 ms
    Local solve took 0.11 ms
    Line search took 3.63 ms
    Update system took 0.61 ms
    Assemble system took 1.63 ms
    Global solve took 6.04 ms
    Local solve took 0.10 ms
    Line search took 2.97 ms
    Update system took 0.61 ms
    Assemble system took 1.54 ms
    Global solve took 6.15 ms
    Local solve took 0.09 ms
    Line search took 8.18 ms
    Update system took 0.96 ms
    Assemble system took 1.91 ms
    Global solve took 12.99 ms
    Local solve took 0.12 ms
    Line search took 8.02 ms
    Update system took 0.59 ms
    Assemble system took 1.62 ms
    Global solve took 14.38 ms
    Local solve took 0.18 ms
    Line search took 5.67 ms
    Update system took 0.92 ms
    Assemble system took 2.08 ms
    Global solve took 17.85 ms
    Local solve took 0.21 ms
    Line search took 6.66 ms
    Update system took 0.93 ms
    Assemble system took 1.89 ms
    Global solve took 13.88 ms
    Local solve took 0.06 ms
    Line search took 4.70 ms
Step and readback took 274.26 ms
    Update system took 0.45 ms
    Assemble system took 1.55 ms
    Global solve took 6.73 ms
    Local solve took 0.07 ms
    Line search took 2.85 ms
    Update system took 0.54 ms
    Assemble system took 1.59 ms
    Global solve took 6.78 ms
    Local solve took 0.06 ms
    Line search took 4.35 ms
    Update system took 0.57 ms
    Assemble system took 1.49 ms
    Global solve took 6.63 ms
    Local solve took 0.12 ms
    Line search took 3.58 ms
    Update system took 0.62 ms
    Assemble system took 1.54 ms
    Global solve took 7.02 ms
    Local solve took 0.19 ms
    Line search took 5.38 ms
    Update system took 0.65 ms
    Assemble system took 1.62 ms
    Global solve took 10.68 ms
    Local solve took 0.07 ms
    Line search took 11.43 ms
    Update system took 0.57 ms
    Assemble system took 1.63 ms
    Global solve took 13.08 ms
    Local solve took 0.06 ms
    Line search took 9.17 ms
    Update system took 0.51 ms
    Assemble system took 1.72 ms
    Global solve took 13.52 ms
    Local solve took 0.07 ms
    Line search took 6.90 ms
    Update system took 0.51 ms
    Assemble system took 1.54 ms
    Global solve took 13.89 ms
    Local solve took 0.08 ms
    Line search took 4.50 ms
    Update system took 0.51 ms
    Assemble system took 1.55 ms
    Global solve took 14.41 ms
    Local solve took 0.05 ms
    Line search took 14.01 ms
    Update system took 0.54 ms
    Assemble system took 1.56 ms
    Global solve took 8.58 ms
    Local solve took 0.08 ms
    Line search took 2.31 ms
    Update system took 0.51 ms
    Assemble system took 1.59 ms
    Global solve took 7.00 ms
    Local solve took 0.09 ms
    Line search took 3.00 ms
    Update system took 0.55 ms
    Assemble system took 1.55 ms
    Global solve took 6.68 ms
    Local solve took 0.07 ms
    Line search took 2.20 ms
Step and readback took 245.33 ms
    Update system took 0.43 ms
    Assemble system took 1.54 ms
    Global solve took 12.78 ms
    Local solve took 0.14 ms
    Line search took 13.60 ms
    Update system took 0.59 ms
    Assemble system took 1.56 ms
    Global solve took 16.33 ms
    Local solve took 0.21 ms
    Line search took 17.28 ms
    Update system took 0.66 ms
    Assemble system took 1.71 ms
    Global solve took 18.60 ms
    Local solve took 0.17 ms
    Line search took 15.97 ms
    Update system took 0.65 ms
    Assemble system took 1.60 ms
    Global solve took 14.35 ms
    Local solve took 0.08 ms
    Line search took 10.33 ms
    Update system took 0.61 ms
    Assemble system took 1.59 ms
    Global solve took 7.18 ms
    Local solve took 0.06 ms
    Line search took 2.80 ms
    Update system took 0.49 ms
    Assemble system took 1.50 ms
    Global solve took 6.82 ms
    Local solve took 0.09 ms
    Line search took 4.03 ms
    Update system took 0.57 ms
    Assemble system took 1.54 ms
    Global solve took 8.40 ms
    Local solve took 0.20 ms
    Line search took 2.48 ms
    Update system took 0.87 ms
    Assemble system took 1.88 ms
    Global solve took 6.91 ms
    Local solve took 0.12 ms
    Line search took 2.04 ms
    Update system took 0.59 ms
    Assemble system took 1.58 ms
    Global solve took 7.00 ms
    Local solve took 0.11 ms
    Line search took 5.25 ms
    Update system took 0.59 ms
    Assemble system took 1.58 ms
    Global solve took 15.54 ms
    Local solve took 0.20 ms
    Line search took 6.73 ms
    Update system took 0.61 ms
    Assemble system took 1.62 ms
    Global solve took 14.88 ms
    Local solve took 0.12 ms
    Line search took 4.48 ms
    Update system took 1.03 ms
    Assemble system took 1.99 ms
    Global solve took 16.76 ms
    Local solve took 0.15 ms
    Line search took 6.66 ms
Step and readback took 300.97 ms
    Update system took 0.45 ms
    Assemble system took 1.84 ms
    Global solve took 16.89 ms
    Local solve took 0.18 ms
    Line search took 6.54 ms
    Update system took 0.61 ms
    Assemble system took 1.48 ms
    Global solve took 8.71 ms
    Local solve took 0.22 ms
    Line search took 4.26 ms
    Update system took 0.60 ms
    Assemble system took 1.61 ms
    Global solve took 8.20 ms
    Local solve took 0.07 ms
    Line search took 4.47 ms
    Update system took 0.59 ms
    Assemble system took 1.61 ms
    Global solve took 7.79 ms
    Local solve took 0.12 ms
    Line search took 3.08 ms
    Update system took 0.58 ms
    Assemble system took 1.60 ms
    Global solve took 8.61 ms
    Local solve took 0.12 ms
    Line search took 3.16 ms
    Update system took 0.90 ms
    Assemble system took 1.73 ms
    Global solve took 13.12 ms
    Local solve took 0.10 ms
    Line search took 4.51 ms
    Update system took 1.06 ms
    Assemble system took 2.24 ms
    Global solve took 14.54 ms
    Local solve took 0.12 ms
    Line search took 6.78 ms
    Update system took 0.58 ms
    Assemble system took 1.61 ms
    Global solve took 14.66 ms
    Local solve took 0.07 ms
    Line search took 4.61 ms
    Update system took 0.53 ms
    Assemble system took 1.57 ms
    Global solve took 18.43 ms
    Local solve took 0.13 ms
    Line search took 4.38 ms
    Update system took 0.57 ms
    Assemble system took 1.66 ms
    Global solve took 19.40 ms
    Local solve took 0.13 ms
    Line search took 4.54 ms
    Update system took 0.72 ms
    Assemble system took 1.71 ms
    Global solve took 19.28 ms
    Local solve took 0.10 ms
    Line search took 8.15 ms
    Update system took 0.88 ms
    Assemble system took 1.93 ms
    Global solve took 11.02 ms
    Local solve took 0.12 ms
    Line search took 2.48 ms
Step and readback took 279.54 ms
    Update system took 0.47 ms
    Assemble system took 1.63 ms
    Global solve took 8.13 ms
    Local solve took 0.16 ms
    Line search took 3.51 ms
    Update system took 0.66 ms
    Assemble system took 1.63 ms
    Global solve took 7.28 ms
    Local solve took 0.12 ms
    Line search took 11.75 ms
    Update system took 1.49 ms
    Assemble system took 1.61 ms
    Global solve took 13.14 ms
    Local solve took 0.21 ms
    Line search took 11.25 ms
    Update system took 0.82 ms
    Assemble system took 1.90 ms
    Global solve took 16.95 ms
    Local solve took 0.07 ms
    Line search took 4.61 ms
    Update system took 0.48 ms
    Assemble system took 1.62 ms
    Global solve took 14.58 ms
    Local solve took 0.06 ms
    Line search took 4.62 ms
    Update system took 0.54 ms
    Assemble system took 1.57 ms
    Global solve took 14.87 ms
    Local solve took 0.05 ms
    Line search took 4.63 ms
    Update system took 0.53 ms
    Assemble system took 3.14 ms
    Global solve took 15.89 ms
    Local solve took 0.08 ms
    Line search took 4.55 ms
    Update system took 0.58 ms
    Assemble system took 1.59 ms
    Global solve took 12.80 ms
    Local solve took 0.07 ms
    Line search took 1.71 ms
    Update system took 0.49 ms
    Assemble system took 1.51 ms
    Global solve took 7.56 ms
    Local solve took 0.06 ms
    Line search took 1.73 ms
    Update system took 0.48 ms
    Assemble system took 1.56 ms
    Global solve took 7.58 ms
    Local solve took 0.06 ms
    Line search took 1.71 ms
    Update system took 0.49 ms
    Assemble system took 1.48 ms
    Global solve took 7.56 ms
    Local solve took 0.10 ms
    Line search took 1.90 ms
    Update system took 0.60 ms
    Assemble system took 1.65 ms
    Global solve took 8.30 ms
    Local solve took 0.58 ms
    Line search took 2.02 ms
Step and readback took 249.06 ms
    Update system took 0.47 ms
    Assemble system took 1.67 ms
    Global solve took 16.72 ms
    Local solve took 0.08 ms
    Line search took 18.53 ms
    Update system took 0.55 ms
    Assemble system took 1.56 ms
    Global solve took 18.26 ms
    Local solve took 0.13 ms
    Line search took 11.31 ms
    Update system took 0.54 ms
    Assemble system took 1.53 ms
    Global solve took 17.94 ms
    Local solve took 0.08 ms
    Line search took 6.81 ms
    Update system took 0.55 ms
    Assemble system took 1.51 ms
    Global solve took 15.04 ms
    Local solve took 0.06 ms
    Line search took 2.28 ms
    Update system took 0.49 ms
    Assemble system took 1.56 ms
    Global solve took 7.36 ms
    Local solve took 0.06 ms
    Line search took 1.73 ms
    Update system took 0.49 ms
    Assemble system took 1.51 ms
    Global solve took 7.75 ms
    Local solve took 0.08 ms
    Line search took 1.73 ms
    Update system took 0.56 ms
    Assemble system took 3.24 ms
    Global solve took 8.09 ms
    Local solve took 0.13 ms
    Line search took 2.48 ms
    Update system took 0.87 ms
    Assemble system took 2.01 ms
    Global solve took 8.46 ms
    Local solve took 0.11 ms
    Line search took 2.44 ms
    Update system took 0.57 ms
    Assemble system took 1.58 ms
    Global solve took 8.07 ms
    Local solve took 0.09 ms
    Line search took 4.53 ms
    Update system took 0.56 ms
    Assemble system took 1.57 ms
    Global solve took 14.79 ms
    Local solve took 0.07 ms
    Line search took 4.58 ms
    Update system took 0.51 ms
    Assemble system took 1.56 ms
    Global solve took 18.01 ms
    Local solve took 0.15 ms
    Line search took 6.77 ms
    Update system took 0.60 ms
    Assemble system took 1.58 ms
    Global solve took 17.92 ms
    Local solve took 0.05 ms
    Line search took 4.63 ms
Step and readback took 292.15 ms
    Update system took 0.45 ms
    Assemble system took 1.52 ms
    Global solve took 14.24 ms
    Local solve took 0.09 ms
    Line search took 4.57 ms
    Update system took 0.54 ms
    Assemble system took 1.57 ms
    Global solve took 7.71 ms
    Local solve took 0.07 ms
    Line search took 1.68 ms
    Update system took 0.48 ms
    Assemble system took 1.50 ms
    Global solve took 6.03 ms
    Local solve took 0.06 ms
    Line search took 1.71 ms
    Update system took 0.47 ms
    Assemble system took 1.50 ms
    Global solve took 6.36 ms
    Local solve took 0.08 ms
    Line search took 1.81 ms
    Update system took 0.53 ms
    Assemble system took 1.52 ms
    Global solve took 7.06 ms
    Local solve took 0.08 ms
    Line search took 1.87 ms
    Update system took 0.57 ms
    Assemble system took 1.56 ms
    Global solve took 7.64 ms
    Local solve took 0.11 ms
    Line search took 1.93 ms
    Update system took 0.58 ms
    Assemble system took 1.55 ms
    Global solve took 7.83 ms
    Local solve took 0.09 ms
    Line search took 4.54 ms
    Update system took 0.61 ms
    Assemble system took 1.70 ms
    Global solve took 15.10 ms
    Local solve took 0.12 ms
    Line search took 4.49 ms
    Update system took 0.77 ms
    Assemble system took 1.84 ms
    Global solve took 17.16 ms
    Local solve took 0.08 ms
    Line search took 4.54 ms
    Update system took 0.53 ms
    Assemble system took 1.55 ms
    Global solve took 18.01 ms
    Local solve took 0.09 ms
    Line search took 4.56 ms
    Update system took 0.56 ms
    Assemble system took 1.56 ms
    Global solve took 18.06 ms
    Local solve took 0.10 ms
    Line search took 4.49 ms
    Update system took 0.79 ms
    Assemble system took 1.82 ms
    Global solve took 17.30 ms
    Local solve took 0.06 ms
    Line search took 20.84 ms
Step and readback took 259.41 ms
    Update system took 0.45 ms
    Assemble system took 1.69 ms
    Global solve took 4.22 ms
    Local solve took 0.08 ms
    Line search took 1.87 ms
    Update system took 0.55 ms
    Assemble system took 1.57 ms
    Global solve took 4.62 ms
    Local solve took 0.08 ms
    Line search took 1.88 ms
    Update system took 0.58 ms
    Assemble system took 1.60 ms
    Global solve took 4.64 ms
    Local solve took 0.06 ms
    Line search took 1.67 ms
    Update system took 0.50 ms
    Assemble system took 1.51 ms
    Global solve took 5.05 ms
    Local solve took 0.09 ms
    Line search took 1.88 ms
    Update system took 0.57 ms
    Assemble system took 1.78 ms
    Global solve took 5.51 ms
    Local solve took 0.11 ms
    Line search took 1.86 ms
    Update system took 0.57 ms
    Assemble system took 1.57 ms
    Global solve took 10.44 ms
    Local solve took 0.06 ms
    Line search took 4.59 ms
    Update system took 0.51 ms
    Assemble system took 1.50 ms
    Global solve took 13.70 ms
    Local solve took 0.05 ms
    Line search took 4.64 ms
    Update system took 0.51 ms
    Assemble system took 1.56 ms
    Global solve took 14.71 ms
    Local solve took 0.19 ms
    Line search took 6.65 ms
    Update system took 0.94 ms
    Assemble system took 1.92 ms
    Global solve took 13.60 ms
    Local solve took 0.16 ms
    Line search took 4.43 ms
    Update system took 0.73 ms
    Assemble system took 1.71 ms
    Global solve took 15.80 ms
    Local solve took 0.12 ms
    Line search took 4.56 ms
    Update system took 0.71 ms
    Assemble system took 1.83 ms
    Global solve took 17.63 ms
    Local solve took 0.10 ms
    Line search took 4.52 ms
    Update system took 0.59 ms
    Assemble system took 1.59 ms
    Global solve took 17.60 ms
    Local solve took 0.05 ms
    Line search took 4.62 ms
Step and readback took 231.18 ms
    Update system took 0.46 ms
    Assemble system took 1.58 ms
    Global solve took 10.30 ms
    Local solve took 0.16 ms
    Line search took 2.41 ms
    Update system took 0.82 ms
    Assemble system took 1.92 ms
    Global solve took 7.64 ms
    Local solve took 0.12 ms
    Line search took 2.27 ms
    Update system took 0.81 ms
    Assemble system took 1.95 ms
    Global solve took 6.86 ms
    Local solve took 0.11 ms
    Line search took 1.91 ms
    Update system took 0.58 ms
    Assemble system took 1.57 ms
    Global solve took 7.17 ms
    Local solve took 0.10 ms
    Line search took 5.64 ms
    Update system took 0.54 ms
    Assemble system took 1.53 ms
    Global solve took 13.77 ms
    Local solve took 0.08 ms
    Line search took 4.54 ms
    Update system took 0.53 ms
    Assemble system took 1.55 ms
    Global solve took 14.48 ms
    Local solve took 0.49 ms
    Line search took 6.23 ms
    Update system took 0.60 ms
    Assemble system took 1.73 ms
    Global solve took 16.17 ms
    Local solve took 0.12 ms
    Line search took 4.48 ms
    Update system took 0.87 ms
    Assemble system took 1.90 ms
    Global solve took 16.90 ms
    Local solve took 0.10 ms
    Line search took 4.55 ms
    Update system took 0.58 ms
    Assemble system took 1.53 ms
    Global solve took 17.65 ms
    Local solve took 0.06 ms
    Line search took 4.59 ms
    Update system took 0.46 ms
    Assemble system took 1.48 ms
    Global solve took 18.04 ms
    Local solve took 0.12 ms
    Line search took 4.45 ms
    Update system took 0.59 ms
    Assemble system took 1.59 ms
    Global solve took 15.13 ms
    Local solve took 0.07 ms
    Line search took 6.90 ms
    Update system took 0.46 ms
    Assemble system took 1.50 ms
    Global solve took 11.93 ms
    Local solve took 0.06 ms
    Line search took 1.66 ms
Step and readback took 266.55 ms
    Update system took 0.46 ms
    Assemble system took 1.67 ms
    Global solve took 3.43 ms
    Local solve took 0.11 ms
    Line search took 2.38 ms
    Update system took 0.90 ms
    Assemble system took 1.97 ms
    Global solve took 4.77 ms
    Local solve took 0.18 ms
    Line search took 2.41 ms
    Update system took 0.94 ms
    Assemble system took 2.04 ms
    Global solve took 4.54 ms
    Local solve took 0.08 ms
    Line search took 4.02 ms
    Update system took 0.56 ms
    Assemble system took 1.54 ms
    Global solve took 9.79 ms
    Local solve took 0.07 ms
    Line search took 4.51 ms
    Update system took 0.52 ms
    Assemble system took 1.55 ms
    Global solve took 10.55 ms
    Local solve took 0.05 ms
    Line search took 4.63 ms
    Update system took 0.45 ms
    Assemble system took 1.50 ms
    Global solve took 13.86 ms
    Local solve took 0.08 ms
    Line search took 7.04 ms
    Update system took 0.73 ms
    Assemble system took 1.78 ms
    Global solve took 13.28 ms
    Local solve took 0.09 ms
    Line search took 4.63 ms
    Update system took 0.59 ms
    Assemble system took 1.64 ms
    Global solve took 13.47 ms
    Local solve took 0.06 ms
    Line search took 4.61 ms
    Update system took 0.51 ms
    Assemble system took 1.49 ms
    Global solve took 14.43 ms
    Local solve took 0.06 ms
    Line search took 6.93 ms
    Update system took 0.48 ms
    Assemble system took 1.49 ms
    Global solve took 14.84 ms
    Local solve took 0.21 ms
    Line search took 6.47 ms
    Update system took 0.57 ms
    Assemble system took 1.59 ms
    Global solve took 14.26 ms
    Local solve took 0.07 ms
    Line search took 1.71 ms
    Update system took 0.48 ms
    Assemble system took 1.49 ms
    Global solve took 6.53 ms
    Local solve took 0.06 ms
    Line search took 1.65 ms
Step and readback took 234.73 ms
    Update system took 0.65 ms
    Assemble system took 1.97 ms
    Global solve took 4.26 ms
    Local solve took 0.14 ms
    Line search took 2.13 ms
    Update system took 0.60 ms
    Assemble system took 1.59 ms
    Global solve took 4.34 ms
    Local solve took 0.09 ms
    Line search took 1.83 ms
    Update system took 0.53 ms
    Assemble system took 1.48 ms
    Global solve took 8.40 ms
    Local solve took 0.07 ms
    Line search took 6.81 ms
    Update system took 0.49 ms
    Assemble system took 1.53 ms
    Global solve took 10.62 ms
    Local solve took 0.08 ms
    Line search took 4.61 ms
    Update system took 0.72 ms
    Assemble system took 1.88 ms
    Global solve took 12.38 ms
    Local solve took 0.06 ms
    Line search took 4.55 ms
    Update system took 0.49 ms
    Assemble system took 1.53 ms
    Global solve took 13.46 ms
    Local solve took 0.08 ms
    Line search took 4.60 ms
    Update system took 0.54 ms
    Assemble system took 3.29 ms
    Global solve took 11.99 ms
    Local solve took 0.08 ms
    Line search took 4.57 ms
    Update system took 0.88 ms
    Assemble system took 1.97 ms
    Global solve took 13.01 ms
    Local solve took 0.06 ms
    Line search took 4.59 ms
    Update system took 0.50 ms
    Assemble system took 1.52 ms
    Global solve took 13.84 ms
    Local solve took 0.06 ms
    Line search took 2.26 ms
    Update system took 0.49 ms
    Assemble system took 1.45 ms
    Global solve took 6.15 ms
    Local solve took 0.06 ms
    Line search took 1.66 ms
    Update system took 0.47 ms
    Assemble system took 1.49 ms
    Global solve took 5.99 ms
    Local solve took 0.06 ms
    Line search took 1.66 ms
    Update system took 0.45 ms
    Assemble system took 1.54 ms
    Global solve took 6.62 ms
    Local solve took 0.11 ms
    Line search took 1.98 ms
Step and readback took 216.43 ms
    Update system took 0.43 ms
    Assemble system took 1.53 ms
    Global solve took 12.39 ms
    Local solve took 0.06 ms
    Line search took 4.57 ms
    Update system took 0.51 ms
    Assemble system took 1.59 ms
    Global solve took 13.33 ms
    Local solve took 0.09 ms
    Line search took 4.47 ms
    Update system took 0.55 ms
    Assemble system took 1.56 ms
    Global solve took 10.87 ms
    Local solve took 0.11 ms
    Line search took 4.39 ms
    Update system took 0.73 ms
    Assemble system took 1.91 ms
    Global solve took 12.85 ms
    Local solve took 0.06 ms
    Line search took 4.59 ms
    Update system took 0.52 ms
    Assemble system took 1.47 ms
    Global solve took 13.67 ms
    Local solve took 0.23 ms
    Line search took 6.62 ms
    Update system took 1.09 ms
    Assemble system took 2.38 ms
    Global solve took 12.26 ms
    Local solve took 0.14 ms
    Line search took 10.62 ms
    Update system took 1.16 ms
    Assemble system took 2.66 ms
    Global solve took 6.81 ms
    Local solve took 0.14 ms
    Line search took 4.58 ms
    Update system took 1.06 ms
    Assemble system took 2.44 ms
    Global solve took 7.33 ms
    Local solve took 0.12 ms
    Line search took 3.58 ms
    Update system took 0.54 ms
    Assemble system took 1.54 ms
    Global solve took 6.07 ms
    Local solve took 0.09 ms
    Line search took 3.83 ms
    Update system took 0.77 ms
    Assemble system took 1.93 ms
    Global solve took 6.40 ms
    Local solve took 0.19 ms
    Line search took 3.61 ms
    Update system took 0.91 ms
    Assemble system took 1.57 ms
    Global solve took 5.84 ms
    Local solve took 0.10 ms
    Line search took 2.43 ms
    Update system took 0.55 ms
    Assemble system took 1.51 ms
    Global solve took 11.48 ms
    Local solve took 0.07 ms
    Line search took 4.53 ms
Step and readback took 244.36 ms
    Update system took 0.50 ms
    Assemble system took 1.58 ms
    Global solve took 7.63 ms
    Local solve took 0.06 ms
    Line search took 4.58 ms
    Update system took 0.48 ms
    Assemble system took 1.49 ms
    Global solve took 10.31 ms
    Local solve took 0.05 ms
    Line search took 4.69 ms
    Update system took 0.45 ms
    Assemble system took 1.48 ms
    Global solve took 14.13 ms
    Local solve took 0.13 ms
    Line search took 4.59 ms
    Update system took 0.69 ms
    Assemble system took 1.59 ms
    Global solve took 14.08 ms
    Local solve took 0.25 ms
    Line search took 2.75 ms
    Update system took 0.89 ms
    Assemble system took 1.88 ms
    Global solve took 6.37 ms
    Local solve took 0.06 ms
    Line search took 3.44 ms
    Update system took 0.57 ms
    Assemble system took 1.66 ms
    Global solve took 5.63 ms
    Local solve took 0.14 ms
    Line search took 3.72 ms
    Update system took 0.55 ms
    Assemble system took 1.54 ms
    Global solve took 6.72 ms
    Local solve took 0.08 ms
    Line search took 3.34 ms
    Update system took 0.55 ms
    Assemble system took 1.58 ms
    Global solve took 6.36 ms
    Local solve took 0.11 ms
    Line search took 2.92 ms
    Update system took 0.59 ms
    Assemble system took 1.57 ms
    Global solve took 6.42 ms
    Local solve took 0.08 ms
    Line search took 7.13 ms
    Update system took 0.72 ms
    Assemble system took 3.28 ms
    Global solve took 12.50 ms
    Local solve took 0.22 ms
    Line search took 7.80 ms
    Update system took 0.97 ms
    Assemble system took 2.14 ms
    Global solve took 16.81 ms
    Local solve took 0.22 ms
    Line search took 5.50 ms
    Update system took 0.85 ms
    Assemble system took 1.90 ms
    Global solve took 14.47 ms
    Local solve took 0.07 ms
    Line search took 4.68 ms
Step and readback took 244.05 ms
    Update system took 0.58 ms
    Assemble system took 1.87 ms
    Global solve took 9.71 ms
    Local solve took 0.07 ms
    Line search took 4.56 ms
    Update system took 0.52 ms
    Assemble system took 1.57 ms
    Global solve took 6.50 ms
    Local solve took 0.09 ms
    Line search took 1.76 ms
    Update system took 0.53 ms
    Assemble system took 1.52 ms
    Global solve took 4.58 ms
    Local solve took 0.09 ms
    Line search took 1.78 ms
    Update system took 0.52 ms
    Assemble system took 1.68 ms
    Global solve took 7.97 ms
    Local solve took 0.23 ms
    Line search took 2.69 ms
    Update system took 0.88 ms
    Assemble system took 1.92 ms
    Global solve took 5.70 ms
    Local solve took 0.12 ms
    Line search took 4.20 ms
    Update system took 1.11 ms
    Assemble system took 1.79 ms
    Global solve took 5.96 ms
    Local solve took 0.12 ms
    Line search took 3.46 ms
    Update system took 0.60 ms
    Assemble system took 1.64 ms
    Global solve took 6.27 ms
    Local solve took 0.20 ms
    Line search took 4.11 ms
    Update system took 0.82 ms
    Assemble system took 1.87 ms
    Global solve took 11.12 ms
    Local solve took 0.08 ms
    Line search took 9.14 ms
    Update system took 0.54 ms
    Assemble system took 1.66 ms
    Global solve took 13.32 ms
    Local solve took 0.07 ms
    Line search took 7.07 ms
    Update system took 0.61 ms
    Assemble system took 1.64 ms
    Global solve took 13.82 ms
    Local solve took 0.09 ms
    Line search took 4.53 ms
    Update system took 0.55 ms
    Assemble system took 1.64 ms
    Global solve took 13.95 ms
    Local solve took 0.06 ms
    Line search took 6.08 ms
    Update system took 1.11 ms
    Assemble system took 2.17 ms
    Global solve took 13.12 ms
    Local solve took 0.10 ms
    Line search took 4.49 ms
Step and readback took 231.32 ms
    Update system took 0.45 ms
    Assemble system took 1.60 ms
    Global solve took 10.43 ms
    Local solve took 0.13 ms
    Line search took 2.08 ms
    Update system took 0.64 ms
    Assemble system took 1.77 ms
    Global solve took 12.24 ms
    Local solve took 0.44 ms
    Line search took 2.98 ms
    Update system took 0.99 ms
    Assemble system took 1.77 ms
    Global solve took 10.79 ms
    Local solve took 0.12 ms
    Line search took 1.90 ms
    Update system took 0.58 ms
    Assemble system took 1.59 ms
    Global solve took 25.53 ms
    Local solve took 0.13 ms
    Line search took 6.75 ms
    Update system took 0.79 ms
    Assemble system took 1.91 ms
    Global solve took 33.27 ms
    Local solve took 0.23 ms
    Line search took 6.54 ms
    Update system took 0.80 ms
    Assemble system took 1.83 ms
    Global solve took 22.96 ms
    Local solve took 0.13 ms
    Line search took 4.60 ms
    Update system took 0.90 ms
    Assemble system took 2.00 ms
    Global solve took 17.52 ms
    Local solve took 0.15 ms
    Line search took 6.69 ms
    Update system took 0.60 ms
    Assemble system took 1.63 ms
    Global solve took 14.27 ms
    Local solve took 0.07 ms
    Line search took 4.55 ms
    Update system took 0.50 ms
    Assemble system took 1.62 ms
    Global solve took 6.39 ms
    Local solve took 0.06 ms
    Line search took 1.71 ms
    Update system took 0.50 ms
    Assemble system took 1.59 ms
    Global solve took 7.13 ms
    Local solve took 0.11 ms
    Line search took 1.97 ms
    Update system took 0.57 ms
    Assemble system took 1.55 ms
    Global solve took 7.03 ms
    Local solve took 0.06 ms
    Line search took 1.74 ms
    Update system took 0.62 ms
    Assemble system took 1.62 ms
    Global solve took 7.32 ms
    Local solve took 0.17 ms
    Line search took 2.42 ms
Step and readback took 282.14 ms
    Update system took 0.49 ms
    Assemble system took 1.54 ms
    Global solve took 8.26 ms
    Local solve took 0.18 ms
    Line search took 4.31 ms
    Update system took 0.68 ms
    Assemble system took 1.66 ms
    Global solve took 8.80 ms
    Local solve took 0.09 ms
    Line search took 4.56 ms
    Update system took 0.53 ms
    Assemble system took 1.56 ms
    Global solve took 9.93 ms
    Local solve took 0.14 ms
    Line search took 8.86 ms
    Update system took 0.56 ms
    Assemble system took 1.60 ms
    Global solve took 14.23 ms
    Local solve took 0.07 ms
    Line search took 11.60 ms
    Update system took 0.69 ms
    Assemble system took 2.00 ms
    Global solve took 13.91 ms
    Local solve took 0.13 ms
    Line search took 11.39 ms
    Update system took 0.58 ms
    Assemble system took 1.59 ms
    Global solve took 13.97 ms
    Local solve took 0.11 ms
    Line search took 3.45 ms
    Update system took 0.56 ms
    Assemble system took 1.89 ms
    Global solve took 7.43 ms
    Local solve took 0.08 ms
    Line search took 3.18 ms
    Update system took 0.81 ms
    Assemble system took 1.87 ms
    Global solve took 7.59 ms
    Local solve took 0.10 ms
    Line search took 1.86 ms
    Update system took 0.51 ms
    Assemble system took 1.57 ms
    Global solve took 7.14 ms
    Local solve took 0.10 ms
    Line search took 1.91 ms
    Update system took 0.57 ms
    Assemble system took 1.57 ms
    Global solve took 6.40 ms
    Local solve took 0.12 ms
    Line search took 1.88 ms
    Update system took 0.55 ms
    Assemble system took 1.53 ms
    Global solve took 6.08 ms
    Local solve took 0.12 ms
    Line search took 5.99 ms
    Update system took 0.58 ms
    Assemble system took 1.55 ms
    Global solve took 13.69 ms
    Local solve took 0.75 ms
    Line search took 5.85 ms
Step and readback took 245.12 ms
    Update system took 0.48 ms
    Assemble system took 1.68 ms
    Global solve took 19.07 ms
    Local solve took 0.07 ms
    Line search took 4.64 ms
    Update system took 0.53 ms
    Assemble system took 1.57 ms
    Global solve took 23.42 ms
    Local solve took 0.14 ms
    Line search took 4.45 ms
    Update system took 0.95 ms
    Assemble system took 2.18 ms
    Global solve took 26.94 ms
    Local solve took 0.16 ms
    Line search took 4.05 ms
    Update system took 0.64 ms
    Assemble system took 1.75 ms
    Global solve took 11.30 ms
    Local solve took 0.12 ms
    Line search took 1.97 ms
    Update system took 0.56 ms
    Assemble system took 1.57 ms
    Global solve took 7.96 ms
    Local solve took 0.07 ms
    Line search took 1.78 ms
    Update system took 0.55 ms
    Assemble system took 1.49 ms
    Global solve took 9.03 ms
    Local solve took 0.53 ms
    Line search took 2.24 ms
    Update system took 0.63 ms
    Assemble system took 2.18 ms
    Global solve took 7.26 ms
    Local solve took 0.12 ms
    Line search took 2.58 ms
    Update system took 0.60 ms
    Assemble system took 1.56 ms
    Global solve took 5.37 ms
    Local solve took 0.11 ms
    Line search took 8.07 ms
    Update system took 0.88 ms
    Assemble system took 1.59 ms
    Global solve took 10.65 ms
    Local solve took 0.15 ms
    Line search took 5.56 ms
    Update system took 0.63 ms
    Assemble system took 1.58 ms
    Global solve took 10.84 ms
    Local solve took 0.13 ms
    Line search took 4.46 ms
    Update system took 0.71 ms
    Assemble system took 1.83 ms
    Global solve took 13.11 ms
    Local solve took 0.14 ms
    Line search took 4.54 ms
    Update system took 0.91 ms
    Assemble system took 1.96 ms
    Global solve took 12.91 ms
    Local solve took 0.13 ms
    Line search took 6.78 ms
Step and readback took 273.15 ms
    Update system took 0.45 ms
    Assemble system took 1.58 ms
    Global solve took 9.33 ms
    Local solve took 0.08 ms
    Line search took 1.93 ms
    Update system took 0.50 ms
    Assemble system took 1.53 ms
    Global solve took 6.85 ms
    Local solve took 0.08 ms
    Line search took 3.59 ms
    Update system took 0.70 ms
    Assemble system took 1.66 ms
    Global solve took 11.07 ms
    Local solve took 0.20 ms
    Line search took 2.62 ms
    Update system took 0.99 ms
    Assemble system took 2.39 ms
    Global solve took 10.31 ms
    Local solve took 0.14 ms
    Line search took 2.06 ms
    Update system took 0.60 ms
    Assemble system took 1.57 ms
    Global solve took 17.47 ms
    Local solve took 0.25 ms
    Line search took 6.54 ms
    Update system took 0.70 ms
    Assemble system took 1.68 ms
    Global solve took 18.15 ms
    Local solve took 0.08 ms
    Line search took 13.87 ms
    Update system took 0.59 ms
    Assemble system took 1.63 ms
    Global solve took 14.94 ms
    Local solve took 0.07 ms
    Line search took 4.63 ms
    Update system took 0.53 ms
    Assemble system took 1.50 ms
    Global solve took 18.40 ms
    Local solve took 0.08 ms
    Line search took 4.54 ms
    Update system took 0.50 ms
    Assemble system took 1.45 ms
    Global solve took 18.18 ms
    Local solve took 0.06 ms
    Line search took 5.00 ms
    Update system took 0.95 ms
    Assemble system took 1.65 ms
    Global solve took 14.50 ms
    Local solve took 0.26 ms
    Line search took 6.53 ms
    Update system took 0.96 ms
    Assemble system took 1.94 ms
    Global solve took 7.34 ms
    Local solve took 0.11 ms
    Line search took 1.86 ms
    Update system took 0.50 ms
    Assemble system took 1.46 ms
    Global solve took 6.15 ms
    Local solve took 0.06 ms
    Line search took 1.70 ms
Step and readback took 268.07 ms
    Update system took 0.45 ms
    Assemble system took 2.48 ms
    Global solve took 9.22 ms
    Local solve took 0.59 ms
    Line search took 2.34 ms
    Update system took 0.58 ms
    Assemble system took 1.63 ms
    Global solve took 17.00 ms
    Local solve took 0.22 ms
    Line search took 7.62 ms
    Update system took 0.95 ms
    Assemble system took 2.02 ms
    Global solve took 16.76 ms
    Local solve took 0.13 ms
    Line search took 4.41 ms
    Update system took 0.58 ms
    Assemble system took 1.57 ms
    Global solve took 14.43 ms
    Local solve took 0.07 ms
    Line search took 4.68 ms
    Update system took 0.59 ms
    Assemble system took 3.31 ms
    Global solve took 12.51 ms
    Local solve took 0.09 ms
    Line search took 4.60 ms
    Update system took 0.72 ms
    Assemble system took 1.77 ms
    Global solve took 13.91 ms
    Local solve took 0.15 ms
    Line search took 4.40 ms
    Update system took 0.77 ms
    Assemble system took 1.75 ms
    Global solve took 14.92 ms
    Local solve took 0.20 ms
    Line search took 2.55 ms
    Update system took 1.13 ms
    Assemble system took 2.10 ms
    Global solve took 7.87 ms
    Local solve took 0.18 ms
    Line search took 3.09 ms
    Update system took 0.83 ms
    Assemble system took 2.24 ms
    Global solve took 8.01 ms
    Local solve took 0.20 ms
    Line search took 2.17 ms
    Update system took 0.69 ms
    Assemble system took 1.95 ms
    Global solve took 6.49 ms
    Local solve took 0.18 ms
    Line search took 2.31 ms
    Update system took 0.63 ms
    Assemble system took 2.15 ms
    Global solve took 6.51 ms
    Local solve took 0.12 ms
    Line search took 2.21 ms
    Update system took 0.63 ms
    Assemble system took 1.83 ms
    Global solve took 6.63 ms
    Local solve took 0.14 ms
    Line search took 1.98 ms
Step and readback took 247.31 ms
    Update system took 0.44 ms
    Assemble system took 1.58 ms
    Global solve took 18.61 ms
    Local solve took 0.23 ms
    Line search took 6.49 ms
    Update system took 0.69 ms
    Assemble system took 1.59 ms
    Global solve took 24.22 ms
    Local solve took 0.12 ms
    Line search took 4.44 ms
    Update system took 0.56 ms
    Assemble system took 1.64 ms
    Global solve took 14.74 ms
    Local solve took 0.07 ms
    Line search took 4.90 ms
    Update system took 0.89 ms
    Assemble system took 1.52 ms
    Global solve took 13.51 ms
    Local solve took 0.18 ms
    Line search took 6.58 ms
    Update system took 0.62 ms
    Assemble system took 1.59 ms
    Global solve took 13.84 ms
    Local solve took 0.10 ms
    Line search took 4.52 ms
    Update system took 0.56 ms
    Assemble system took 1.58 ms
    Global solve took 9.48 ms
    Local solve took 0.11 ms
    Line search took 1.82 ms
    Update system took 0.53 ms
    Assemble system took 1.51 ms
    Global solve took 6.45 ms
    Local solve took 0.49 ms
    Line search took 2.06 ms
    Update system took 0.78 ms
    Assemble system took 1.89 ms
    Global solve took 7.87 ms
    Local solve took 0.14 ms
    Line search took 2.12 ms
    Update system took 0.64 ms
    Assemble system took 1.73 ms
    Global solve took 7.34 ms
    Local solve took 0.15 ms
    Line search took 4.48 ms
    Update system took 0.60 ms
    Assemble system took 1.59 ms
    Global solve took 6.83 ms
    Local solve took 0.12 ms
    Line search took 1.90 ms
    Update system took 0.57 ms
    Assemble system took 1.55 ms
    Global solve took 7.12 ms
    Local solve took 0.10 ms
    Line search took 5.52 ms
    Update system took 0.56 ms
    Assemble system took 1.58 ms
    Global solve took 14.49 ms
    Local solve took 0.06 ms
    Line search took 4.59 ms
Step and readback took 260.78 ms
    Update system took 0.59 ms
    Assemble system took 1.64 ms
    Global solve took 18.44 ms
    Local solve took 0.12 ms
    Line search took 10.50 ms
    Update system took 0.68 ms
    Assemble system took 1.63 ms
    Global solve took 27.14 ms
    Local solve took 0.23 ms
    Line search took 6.58 ms
    Update system took 0.68 ms
    Assemble system took 1.69 ms
    Global solve took 10.37 ms
    Local solve took 0.10 ms
    Line search took 1.92 ms
    Update system took 0.56 ms
    Assemble system took 1.55 ms
    Global solve took 6.18 ms
    Local solve took 0.14 ms
    Line search took 2.36 ms
    Update system took 0.71 ms
    Assemble system took 2.25 ms
    Global solve took 6.51 ms
    Local solve took 0.09 ms
    Line search took 2.20 ms
    Update system took 0.68 ms
    Assemble system took 2.06 ms
    Global solve took 6.07 ms
    Local solve took 0.15 ms
    Line search took 2.79 ms
    Update system took 0.81 ms
    Assemble system took 2.36 ms
    Global solve took 6.77 ms
    Local solve took 0.19 ms
    Line search took 3.37 ms
    Update system took 0.89 ms
    Assemble system took 2.30 ms
    Global solve took 6.82 ms
    Local solve took 0.17 ms
    Line search took 6.21 ms
    Update system took 0.80 ms
    Assemble system took 2.14 ms
    Global solve took 13.19 ms
    Local solve took 0.12 ms
    Line search took 13.61 ms
    Update system took 0.64 ms
    Assemble system took 1.60 ms
    Global solve took 13.85 ms
    Local solve took 0.21 ms
    Line search took 6.43 ms
    Update system took 0.90 ms
    Assemble system took 1.60 ms
    Global solve took 13.66 ms
    Local solve took 0.12 ms
    Line search took 16.09 ms
    Update system took 0.63 ms
    Assemble system took 1.63 ms
    Global solve took 14.07 ms
    Local solve took 0.16 ms
    Line search took 20.53 ms
Step and readback took 307.32 ms
    Update system took 0.43 ms
    Assemble system took 1.52 ms
    Global solve took 6.36 ms
    Local solve took 0.09 ms
    Line search took 2.53 ms
    Update system took 0.58 ms
    Assemble system took 1.56 ms
    Global solve took 7.00 ms
    Local solve took 0.23 ms
    Line search took 2.60 ms
    Update system took 0.59 ms
    Assemble system took 1.55 ms
    Global solve took 5.66 ms
    Local solve took 0.09 ms
    Line search took 5.26 ms
    Update system took 0.58 ms
    Assemble system took 1.63 ms
    Global solve took 10.39 ms
    Local solve took 0.12 ms
    Line search took 4.44 ms
    Update system took 0.63 ms
    Assemble system took 1.61 ms
    Global solve took 10.57 ms
    Local solve took 0.09 ms
    Line search took 4.54 ms
    Update system took 0.62 ms
    Assemble system took 1.70 ms
    Global solve took 17.82 ms
    Local solve took 0.15 ms
    Line search took 4.45 ms
    Update system took 0.67 ms
    Assemble system took 1.76 ms
    Global solve took 13.64 ms
    Local solve took 0.14 ms
    Line search took 7.95 ms
    Update system took 1.07 ms
    Assemble system took 2.43 ms
    Global solve took 12.43 ms
    Local solve took 0.12 ms
    Line search took 4.40 ms
    Update system took 0.62 ms
    Assemble system took 1.73 ms
    Global solve took 296.93 ms
    Local solve took 0.12 ms
    Line search took 12.97 ms
    Update system took 0.96 ms
    Assemble system took 2.06 ms
    Global solve took 13.36 ms
    Local solve took 0.19 ms
    Line search took 2.63 ms
    Update system took 1.49 ms
    Assemble system took 2.12 ms
    Global solve took 7.72 ms
    Local solve took 0.09 ms
    Line search took 1.93 ms
    Update system took 0.57 ms
    Assemble system took 1.63 ms
    Global solve took 7.96 ms
    Local solve took 0.09 ms
    Line search took 2.10 ms
Step and readback took 534.77 ms
    Update system took 0.52 ms
    Assemble system took 1.87 ms
    Global solve took 12.46 ms
    Local solve took 0.12 ms
    Line search took 4.45 ms
    Update system took 0.69 ms
    Assemble system took 1.68 ms
    Global solve took 17.86 ms
    Local solve took 0.13 ms
    Line search took 6.60 ms
    Update system took 0.60 ms
    Assemble system took 1.61 ms
    Global solve took 13.58 ms
    Local solve took 0.08 ms
    Line search took 6.93 ms
    Update system took 0.73 ms
    Assemble system took 3.32 ms
    Global solve took 15.83 ms
    Local solve took 0.12 ms
    Line search took 4.48 ms
    Update system took 0.67 ms
    Assemble system took 1.74 ms
    Global solve took 13.25 ms
    Local solve took 0.14 ms
    Line search took 4.53 ms
    Update system took 0.64 ms
    Assemble system took 1.70 ms
    Global solve took 13.90 ms
    Local solve took 0.08 ms
    Line search took 4.57 ms
    Update system took 0.58 ms
    Assemble system took 1.69 ms
    Global solve took 14.48 ms
    Local solve took 0.08 ms
    Line search took 4.61 ms
    Update system took 0.64 ms
    Assemble system took 3.35 ms
    Global solve took 12.98 ms
    Local solve took 0.11 ms
    Line search took 1.96 ms
    Update system took 0.57 ms
    Assemble system took 1.67 ms
    Global solve took 8.56 ms
    Local solve took 0.10 ms
    Line search took 1.95 ms
    Update system took 0.58 ms
    Assemble system took 1.71 ms
    Global solve took 8.84 ms
    Local solve took 0.08 ms
    Line search took 1.88 ms
    Update system took 0.57 ms
    Assemble system took 1.59 ms
    Global solve took 8.51 ms
    Local solve took 0.10 ms
    Line search took 2.02 ms
    Update system took 0.64 ms
    Assemble system took 1.72 ms
    Global solve took 8.76 ms
    Local solve took 0.11 ms
    Line search took 2.11 ms
Step and readback took 262.19 ms
    Update system took 0.49 ms
    Assemble system took 1.91 ms
    Global solve took 12.88 ms
    Local solve took 0.09 ms
    Line search took 4.60 ms
    Update system took 0.78 ms
    Assemble system took 1.88 ms
    Global solve took 13.81 ms
    Local solve took 0.07 ms
    Line search took 4.64 ms
    Update system took 0.55 ms
    Assemble system took 1.63 ms
    Global solve took 13.87 ms
    Local solve took 0.12 ms
    Line search took 6.78 ms
    Update system took 0.67 ms
    Assemble system took 1.84 ms
    Global solve took 14.50 ms
    Local solve took 0.18 ms
    Line search took 4.44 ms
    Update system took 0.71 ms
    Assemble system took 1.76 ms
    Global solve took 13.37 ms
    Local solve took 0.15 ms
    Line search took 9.13 ms
    Update system took 0.72 ms
    Assemble system took 1.79 ms
    Global solve took 9.34 ms
    Local solve took 0.14 ms
    Line search took 2.02 ms
    Update system took 0.70 ms
    Assemble system took 3.44 ms
    Global solve took 6.69 ms
    Local solve took 0.14 ms
    Line search took 2.01 ms
    Update system took 0.58 ms
    Assemble system took 1.57 ms
    Global solve took 6.50 ms
    Local solve took 0.12 ms
    Line search took 1.96 ms
    Update system took 0.57 ms
    Assemble system took 1.56 ms
    Global solve took 6.71 ms
    Local solve took 0.11 ms
    Line search took 3.27 ms
    Update system took 0.63 ms
    Assemble system took 1.70 ms
    Global solve took 6.39 ms
    Local solve took 0.13 ms
    Line search took 1.92 ms
    Update system took 0.61 ms
    Assemble system took 1.61 ms
    Global solve took 6.40 ms
    Local solve took 0.14 ms
    Line search took 2.02 ms
    Update system took 0.59 ms
    Assemble system took 1.59 ms
    Global solve took 12.60 ms
    Local solve took 0.12 ms
    Line search took 7.91 ms
Step and readback took 239.77 ms
    Update system took 0.48 ms
    Assemble system took 1.64 ms
    Global solve took 13.19 ms
    Local solve took 0.07 ms
    Line search took 6.83 ms
    Update system took 0.56 ms
    Assemble system took 1.59 ms
    Global solve took 18.37 ms
    Local solve took 0.10 ms
    Line search took 4.46 ms
    Update system took 0.59 ms
    Assemble system took 1.56 ms
    Global solve took 11.82 ms
    Local solve took 0.27 ms
    Line search took 2.13 ms
    Update system took 0.65 ms
    Assemble system took 1.62 ms
    Global solve took 6.74 ms
    Local solve took 0.12 ms
    Line search took 3.74 ms
    Update system took 0.65 ms
    Assemble system took 1.90 ms
    Global solve took 6.88 ms
    Local solve took 0.10 ms
    Line search took 4.18 ms
    Update system took 0.64 ms
    Assemble system took 1.64 ms
    Global solve took 6.48 ms
    Local solve took 0.10 ms
    Line search took 2.98 ms
    Update system took 0.89 ms
    Assemble system took 1.74 ms
    Global solve took 7.56 ms
    Local solve took 0.11 ms
    Line search took 2.48 ms
    Update system took 0.64 ms
    Assemble system took 1.60 ms
    Global solve took 6.85 ms
    Local solve took 0.11 ms
    Line search took 13.79 ms
    Update system took 1.14 ms
    Assemble system took 2.34 ms
    Global solve took 13.33 ms
    Local solve took 0.12 ms
    Line search took 5.78 ms
    Update system took 0.63 ms
    Assemble system took 1.71 ms
    Global solve took 17.75 ms
    Local solve took 0.09 ms
    Line search took 4.63 ms
    Update system took 0.59 ms
    Assemble system took 1.63 ms
    Global solve took 19.45 ms
    Local solve took 0.11 ms
    Line search took 4.65 ms
    Update system took 0.61 ms
    Assemble system took 1.65 ms
    Global solve took 18.91 ms
    Local solve took 0.22 ms
    Line search took 6.81 ms
Step and readback took 279.67 ms
    Update system took 0.56 ms
    Assemble system took 1.94 ms
    Global solve took 6.88 ms
    Local solve took 0.12 ms
    Line search took 4.55 ms
    Update system took 0.66 ms
    Assemble system took 1.70 ms
    Global solve took 7.63 ms
    Local solve took 0.14 ms
    Line search took 2.02 ms
    Update system took 0.68 ms
    Assemble system took 1.71 ms
    Global solve took 6.34 ms
    Local solve took 0.12 ms
    Line search took 2.13 ms
    Update system took 0.60 ms
    Assemble system took 1.65 ms
    Global solve took 6.38 ms
    Local solve took 0.26 ms
    Line search took 2.82 ms
    Update system took 0.73 ms
    Assemble system took 1.62 ms
    Global solve took 6.16 ms
    Local solve took 0.12 ms
    Line search took 4.23 ms
    Update system took 0.61 ms
    Assemble system took 1.73 ms
    Global solve took 13.46 ms
    Local solve took 0.13 ms
    Line search took 9.16 ms
    Update system took 0.67 ms
    Assemble system took 1.66 ms
    Global solve took 13.78 ms
    Local solve took 0.14 ms
    Line search took 6.67 ms
    Update system took 0.71 ms
    Assemble system took 1.90 ms
    Global solve took 14.00 ms
    Local solve took 0.24 ms
    Line search took 13.46 ms
    Update system took 0.74 ms
    Assemble system took 1.80 ms
    Global solve took 14.28 ms
    Local solve took 0.15 ms
    Line search took 4.38 ms
    Update system took 0.68 ms
    Assemble system took 1.70 ms
    Global solve took 14.71 ms
    Local solve took 0.15 ms
    Line search took 4.41 ms
    Update system took 0.64 ms
    Assemble system took 1.62 ms
    Global solve took 14.79 ms
    Local solve took 0.15 ms
    Line search took 5.45 ms
    Update system took 0.62 ms
    Assemble system took 1.76 ms
    Global solve took 6.98 ms
    Local solve took 0.13 ms
    Line search took 2.83 ms
Step and readback took 250.74 ms
    Update system took 0.46 ms
    Assemble system took 1.59 ms
    Global solve took 6.33 ms
    Local solve took 0.19 ms
    Line search took 4.24 ms
    Update system took 0.70 ms
    Assemble system took 1.83 ms
    Global solve took 5.59 ms
    Local solve took 0.07 ms
    Line search took 9.14 ms
    Update system took 0.73 ms
    Assemble system took 3.33 ms
    Global solve took 10.90 ms
    Local solve took 0.11 ms
    Line search took 4.42 ms
    Update system took 0.58 ms
    Assemble system took 1.62 ms
    Global solve took 13.46 ms
    Local solve took 0.07 ms
    Line search took 4.50 ms
    Update system took 0.53 ms
    Assemble system took 1.59 ms
    Global solve took 13.86 ms
    Local solve took 0.07 ms
    Line search took 6.88 ms
    Update system took 0.57 ms
    Assemble system took 1.61 ms
    Global solve took 14.47 ms
    Local solve took 0.08 ms
    Line search took 4.62 ms
    Update system took 1.94 ms
    Assemble system took 1.70 ms
    Global solve took 15.92 ms
    Local solve took 0.20 ms
    Line search took 8.76 ms
    Update system took 0.62 ms
    Assemble system took 1.67 ms
    Global solve took 14.95 ms
    Local solve took 0.10 ms
    Line search took 4.56 ms
    Update system took 0.59 ms
    Assemble system took 1.63 ms
    Global solve took 9.92 ms
    Local solve took 0.09 ms
    Line search took 1.91 ms
    Update system took 0.58 ms
    Assemble system took 1.61 ms
    Global solve took 8.75 ms
    Local solve took 0.08 ms
    Line search took 10.51 ms
    Update system took 0.60 ms
    Assemble system took 1.72 ms
    Global solve took 8.56 ms
    Local solve took 0.21 ms
    Line search took 2.48 ms
    Update system took 0.65 ms
    Assemble system took 1.77 ms
    Global solve took 8.98 ms
    Local solve took 0.17 ms
    Line search took 2.16 ms
Step and readback took 259.40 ms
    Update system took 0.54 ms
    Assemble system took 1.76 ms
    Global solve took 17.95 ms
    Local solve took 0.11 ms
    Line search took 13.97 ms
    Update system took 1.08 ms
    Assemble system took 2.27 ms
    Global solve took 17.45 ms
    Local solve took 0.13 ms
    Line search took 11.52 ms
    Update system took 0.70 ms
    Assemble system took 1.81 ms
    Global solve took 19.71 ms
    Local solve took 0.24 ms
    Line search took 8.75 ms
    Update system took 0.68 ms
    Assemble system took 1.73 ms
    Global solve took 296.69 ms
    Local solve took 0.17 ms
    Line search took 4.36 ms
    Update system took 0.65 ms
    Assemble system took 1.84 ms
    Global solve took 10.26 ms
    Local solve took 0.16 ms
    Line search took 6.62 ms
    Update system took 0.81 ms
    Assemble system took 1.98 ms
    Global solve took 9.55 ms
    Local solve took 0.17 ms
    Line search took 4.50 ms
    Update system took 1.12 ms
    Assemble system took 2.35 ms
    Global solve took 8.49 ms
    Local solve took 0.15 ms
    Line search took 4.37 ms
    Update system took 0.68 ms
    Assemble system took 1.84 ms
    Global solve took 6.62 ms
    Local solve took 0.12 ms
    Line search took 2.04 ms
    Update system took 0.64 ms
    Assemble system took 1.88 ms
    Global solve took 5.64 ms
    Local solve took 0.09 ms
    Line search took 2.07 ms
    Update system took 0.67 ms
    Assemble system took 1.98 ms
    Global solve took 6.08 ms
    Local solve took 0.10 ms
    Line search took 1.99 ms
    Update system took 0.65 ms
    Assemble system took 1.80 ms
    Global solve took 6.54 ms
    Local solve took 0.18 ms
    Line search took 3.82 ms
    Update system took 0.68 ms
    Assemble system took 1.81 ms
    Global solve took 6.03 ms
    Local solve took 0.13 ms
    Line search took 2.38 ms
Step and readback took 546.87 ms
    Update system took 0.51 ms
    Assemble system took 1.63 ms
    Global solve took 11.99 ms
    Local solve took 0.07 ms
    Line search took 13.89 ms
    Update system took 0.63 ms
    Assemble system took 1.73 ms
    Global solve took 13.11 ms
    Local solve took 0.10 ms
    Line search took 9.19 ms
    Update system took 0.73 ms
    Assemble system took 1.82 ms
    Global solve took 12.85 ms
    Local solve took 0.11 ms
    Line search took 9.10 ms
    Update system took 0.63 ms
    Assemble system took 1.73 ms
    Global solve took 12.08 ms
    Local solve took 0.08 ms
    Line search took 3.05 ms
    Update system took 0.61 ms
    Assemble system took 1.93 ms
    Global solve took 5.93 ms
    Local solve took 0.13 ms
    Line search took 3.25 ms
    Update system took 0.64 ms
    Assemble system took 1.80 ms
    Global solve took 5.82 ms
    Local solve took 0.12 ms
    Line search took 2.07 ms
    Update system took 0.64 ms
    Assemble system took 1.78 ms
    Global solve took 7.64 ms
    Local solve took 0.22 ms
    Line search took 2.68 ms
    Update system took 0.70 ms
    Assemble system took 1.85 ms
    Global solve took 6.87 ms
    Local solve took 0.13 ms
    Line search took 2.05 ms
    Update system took 0.65 ms
    Assemble system took 1.75 ms
    Global solve took 6.71 ms
    Local solve took 0.14 ms
    Line search took 2.05 ms
    Update system took 0.65 ms
    Assemble system took 1.78 ms
    Global solve took 13.63 ms
    Local solve took 0.17 ms
    Line search took 4.42 ms
    Update system took 0.68 ms
    Assemble system took 1.72 ms
    Global solve took 13.75 ms
    Local solve took 0.09 ms
    Line search took 4.56 ms
    Update system took 0.61 ms
    Assemble system took 1.68 ms
    Global solve took 14.43 ms
    Local solve took 0.08 ms
    Line search took 4.60 ms
Step and readback took 253.75 ms
    Update system took 0.45 ms
    Assemble system took 1.72 ms
    Global solve took 9.94 ms
    Local solve took 0.12 ms
    Line search took 4.17 ms
    Update system took 0.63 ms
    Assemble system took 1.75 ms
    Global solve took 5.93 ms
    Local solve took 0.11 ms
    Line search took 4.02 ms
    Update system took 0.74 ms
    Assemble system took 1.89 ms
    Global solve took 5.41 ms
    Local solve took 0.10 ms
    Line search took 3.25 ms
    Update system took 0.63 ms
    Assemble system took 1.69 ms
    Global solve took 5.35 ms
    Local solve took 0.14 ms
    Line search took 4.69 ms
    Update system took 0.67 ms
    Assemble system took 1.82 ms
    Global solve took 5.63 ms
    Local solve took 0.13 ms
    Line search took 2.24 ms
    Update system took 0.73 ms
    Assemble system took 1.82 ms
    Global solve took 6.11 ms
    Local solve took 0.13 ms
    Line search took 2.08 ms
    Update system took 0.64 ms
    Assemble system took 1.74 ms
    Global solve took 10.77 ms
    Local solve took 0.09 ms
    Line search took 4.52 ms
    Update system took 0.65 ms
    Assemble system took 1.95 ms
    Global solve took 12.80 ms
    Local solve took 0.12 ms
    Line search took 4.42 ms
    Update system took 0.62 ms
    Assemble system took 1.78 ms
    Global solve took 14.64 ms
    Local solve took 0.16 ms
    Line search took 11.65 ms
    Update system took 1.09 ms
    Assemble system took 2.21 ms
    Global solve took 16.22 ms
    Local solve took 0.10 ms
    Line search took 4.50 ms
    Update system took 0.62 ms
    Assemble system took 1.63 ms
    Global solve took 17.45 ms
    Local solve took 0.12 ms
    Line search took 4.51 ms
    Update system took 0.64 ms
    Assemble system took 1.69 ms
    Global solve took 17.45 ms
    Local solve took 0.10 ms
    Line search took 4.55 ms
Step and readback took 251.05 ms
    Update system took 0.47 ms
    Assemble system took 1.59 ms
    Global solve took 7.32 ms
    Local solve took 0.12 ms
    Line search took 3.36 ms
    Update system took 0.69 ms
    Assemble system took 1.93 ms
    Global solve took 6.74 ms
    Local solve took 0.11 ms
    Line search took 3.81 ms
    Update system took 0.65 ms
    Assemble system took 1.67 ms
    Global solve took 9.68 ms
    Local solve took 0.10 ms
    Line search took 9.12 ms
    Update system took 0.66 ms
    Assemble system took 1.88 ms
    Global solve took 14.31 ms
    Local solve took 0.23 ms
    Line search took 6.46 ms
    Update system took 0.66 ms
    Assemble system took 1.76 ms
    Global solve took 13.89 ms
    Local solve took 0.09 ms
    Line search took 4.55 ms
    Update system took 0.60 ms
    Assemble system took 1.64 ms
    Global solve took 15.01 ms
    Local solve took 0.13 ms
    Line search took 6.74 ms
    Update system took 0.65 ms
    Assemble system took 1.83 ms
    Global solve took 18.77 ms
    Local solve took 0.14 ms
    Line search took 4.47 ms
    Update system took 0.98 ms
    Assemble system took 2.24 ms
    Global solve took 16.38 ms
    Local solve took 0.33 ms
    Line search took 6.32 ms
    Update system took 1.04 ms
    Assemble system took 2.11 ms
    Global solve took 8.04 ms
    Local solve took 0.11 ms
    Line search took 4.56 ms
    Update system took 0.64 ms
    Assemble system took 1.73 ms
    Global solve took 6.87 ms
    Local solve took 0.10 ms
    Line search took 2.00 ms
    Update system took 0.59 ms
    Assemble system took 1.65 ms
    Global solve took 6.67 ms
    Local solve took 0.11 ms
    Line search took 1.95 ms
    Update system took 0.60 ms
    Assemble system took 1.67 ms
    Global solve took 7.91 ms
    Local solve took 0.16 ms
    Line search took 2.16 ms
Step and readback took 251.70 ms
    Update system took 0.49 ms
    Assemble system took 1.66 ms
    Global solve took 12.49 ms
    Local solve took 0.07 ms
    Line search took 6.78 ms
    Update system took 0.56 ms
    Assemble system took 1.65 ms
    Global solve took 10.32 ms
    Local solve took 0.10 ms
    Line search took 6.78 ms
    Update system took 0.68 ms
    Assemble system took 1.76 ms
    Global solve took 13.82 ms
    Local solve took 0.22 ms
    Line search took 6.45 ms
    Update system took 0.65 ms
    Assemble system took 1.69 ms
    Global solve took 12.98 ms
    Local solve took 0.13 ms
    Line search took 4.41 ms
    Update system took 0.61 ms
    Assemble system took 1.67 ms
    Global solve took 10.66 ms
    Local solve took 0.09 ms
    Line search took 4.51 ms
    Update system took 0.57 ms
    Assemble system took 1.75 ms
    Global solve took 10.94 ms
    Local solve took 0.12 ms
    Line search took 2.05 ms
    Update system took 0.62 ms
    Assemble system took 1.70 ms
    Global solve took 7.18 ms
    Local solve took 0.15 ms
    Line search took 2.00 ms
    Update system took 0.92 ms
    Assemble system took 2.97 ms
    Global solve took 8.03 ms
    Local solve took 0.11 ms
    Line search took 2.01 ms
    Update system took 0.59 ms
    Assemble system took 1.65 ms
    Global solve took 7.17 ms
    Local solve took 0.11 ms
    Line search took 2.06 ms
    Update system took 0.64 ms
    Assemble system took 1.71 ms
    Global solve took 6.75 ms
    Local solve took 0.12 ms
    Line search took 2.57 ms
    Update system took 0.63 ms
    Assemble system took 1.73 ms
    Global solve took 6.75 ms
    Local solve took 0.09 ms
    Line search took 4.49 ms
    Update system took 0.64 ms
    Assemble system took 1.72 ms
    Global solve took 13.57 ms
    Local solve took 0.10 ms
    Line search took 4.51 ms
Step and readback took 236.81 ms
    Update system took 0.68 ms
    Assemble system took 2.06 ms
    Global solve took 8.25 ms
    Local solve took 0.06 ms
    Line search took 9.22 ms
    Update system took 0.64 ms
    Assemble system took 1.70 ms
    Global solve took 22.95 ms
    Local solve took 0.10 ms
    Line search took 9.18 ms
    Update system took 0.64 ms
    Assemble system took 1.81 ms
    Global solve took 6.73 ms
    Local solve took 0.08 ms
    Line search took 5.44 ms
    Update system took 0.61 ms
    Assemble system took 1.64 ms
    Global solve took 7.48 ms
    Local solve took 0.08 ms
    Line search took 3.99 ms
    Update system took 0.55 ms
    Assemble system took 1.64 ms
    Global solve took 8.62 ms
    Local solve took 0.14 ms
    Line search took 2.06 ms
    Update system took 0.63 ms
    Assemble system took 1.77 ms
    Global solve took 7.28 ms
    Local solve took 0.19 ms
    Line search took 2.08 ms
    Update system took 0.68 ms
    Assemble system took 1.85 ms
    Global solve took 7.60 ms
    Local solve took 0.19 ms
    Line search took 6.96 ms
    Update system took 0.62 ms
    Assemble system took 1.73 ms
    Global solve took 13.55 ms
    Local solve took 0.15 ms
    Line search took 4.47 ms
    Update system took 0.61 ms
    Assemble system took 1.63 ms
    Global solve took 14.20 ms
    Local solve took 0.11 ms
    Line search took 6.80 ms
    Update system took 0.62 ms
    Assemble system took 1.69 ms
    Global solve took 14.00 ms
    Local solve took 0.14 ms
    Line search took 4.47 ms
    Update system took 0.64 ms
    Assemble system took 1.70 ms
    Global solve took 17.56 ms
    Local solve took 0.14 ms
    Line search took 4.49 ms
    Update system took 0.65 ms
    Assemble system took 3.45 ms
    Global solve took 15.83 ms
    Local solve took 0.23 ms
    Line search took 6.43 ms
Step and readback took 277.39 ms
    Update system took 0.48 ms
    Assemble system took 1.71 ms
    Global solve took 15.09 ms
    Local solve took 0.12 ms
    Line search took 3.70 ms
    Update system took 0.58 ms
    Assemble system took 1.56 ms
    Global solve took 7.41 ms
    Local solve took 0.13 ms
    Line search took 3.49 ms
    Update system took 0.57 ms
    Assemble system took 1.54 ms
    Global solve took 6.31 ms
    Local solve took 0.08 ms
    Line search took 3.38 ms
    Update system took 0.54 ms
    Assemble system took 1.54 ms
    Global solve took 8.21 ms
    Local solve took 0.12 ms
    Line search took 4.65 ms
    Update system took 0.60 ms
    Assemble system took 1.57 ms
    Global solve took 7.85 ms
    Local solve took 0.15 ms
    Line search took 3.47 ms
    Update system took 0.69 ms
    Assemble system took 1.64 ms
    Global solve took 14.38 ms
    Local solve took 0.10 ms
    Line search took 9.15 ms
    Update system took 0.61 ms
    Assemble system took 1.65 ms
    Global solve took 14.84 ms
    Local solve took 0.23 ms
    Line search took 6.44 ms
    Update system took 0.66 ms
    Assemble system took 1.72 ms
    Global solve took 14.58 ms
    Local solve took 0.10 ms
    Line search took 4.59 ms
    Update system took 0.57 ms
    Assemble system took 1.62 ms
    Global solve took 14.36 ms
    Local solve took 0.08 ms
    Line search took 4.56 ms
    Update system took 0.60 ms
    Assemble system took 1.63 ms
    Global solve took 14.90 ms
    Local solve took 0.13 ms
    Line search took 4.42 ms
    Update system took 0.65 ms
    Assemble system took 1.83 ms
    Global solve took 14.66 ms
    Local solve took 0.14 ms
    Line search took 8.97 ms
    Update system took 0.73 ms
    Assemble system took 1.75 ms
    Global solve took 14.16 ms
    Local solve took 0.13 ms
    Line search took 4.43 ms
Step and readback took 270.74 ms
    Update system took 0.49 ms
    Assemble system took 1.64 ms
    Global solve took 7.33 ms
    Local solve took 0.12 ms
    Line search took 3.03 ms
    Update system took 0.60 ms
    Assemble system took 1.61 ms
    Global solve took 6.78 ms
    Local solve took 0.09 ms
    Line search took 3.69 ms
    Update system took 0.62 ms
    Assemble system took 1.72 ms
    Global solve took 6.67 ms
    Local solve took 0.11 ms
    Line search took 4.79 ms
    Update system took 0.63 ms
    Assemble system took 1.70 ms
    Global solve took 6.93 ms
    Local solve took 0.15 ms
    Line search took 9.26 ms
    Update system took 0.73 ms
    Assemble system took 1.77 ms
    Global solve took 12.82 ms
    Local solve took 0.15 ms
    Line search took 13.60 ms
    Update system took 0.70 ms
    Assemble system took 1.89 ms
    Global solve took 13.43 ms
    Local solve took 0.13 ms
    Line search took 11.38 ms
    Update system took 0.63 ms
    Assemble system took 1.72 ms
    Global solve took 13.69 ms
    Local solve took 0.11 ms
    Line search took 11.45 ms
    Update system took 0.65 ms
    Assemble system took 1.69 ms
    Global solve took 13.94 ms
    Local solve took 0.13 ms
    Line search took 4.45 ms
    Update system took 0.68 ms
    Assemble system took 1.76 ms
    Global solve took 10.61 ms
    Local solve took 0.42 ms
    Line search took 13.09 ms
    Update system took 0.63 ms
    Assemble system took 1.68 ms
    Global solve took 9.21 ms
    Local solve took 0.09 ms
    Line search took 1.92 ms
    Update system took 0.56 ms
    Assemble system took 1.60 ms
    Global solve took 6.07 ms
    Local solve took 0.09 ms
    Line search took 1.91 ms
    Update system took 0.60 ms
    Assemble system took 2.46 ms
    Global solve took 6.98 ms
    Local solve took 0.11 ms
    Line search took 3.59 ms
Step and readback took 262.25 ms
    Update system took 0.47 ms
    Assemble system took 1.58 ms
    Global solve took 11.32 ms
    Local solve took 0.07 ms
    Line search took 9.21 ms
    Update system took 0.52 ms
    Assemble system took 1.60 ms
    Global solve took 14.18 ms
    Local solve took 0.06 ms
    Line search took 13.85 ms
    Update system took 0.55 ms
    Assemble system took 1.59 ms
    Global solve took 19.00 ms
    Local solve took 0.11 ms
    Line search took 11.79 ms
    Update system took 0.70 ms
    Assemble system took 1.62 ms
    Global solve took 18.97 ms
    Local solve took 0.20 ms
    Line search took 11.97 ms
    Update system took 0.89 ms
    Assemble system took 2.02 ms
    Global solve took 17.00 ms
    Local solve took 0.08 ms
    Line search took 11.71 ms
    Update system took 0.55 ms
    Assemble system took 1.61 ms
    Global solve took 18.00 ms
    Local solve took 0.11 ms
    Line search took 4.57 ms
    Update system took 0.66 ms
    Assemble system took 1.86 ms
    Global solve took 17.56 ms
    Local solve took 0.10 ms
    Line search took 1.82 ms
    Update system took 0.56 ms
    Assemble system took 1.66 ms
    Global solve took 7.70 ms
    Local solve took 0.07 ms
    Line search took 1.80 ms
    Update system took 0.50 ms
    Assemble system took 1.56 ms
    Global solve took 8.09 ms
    Local solve took 0.07 ms
    Line search took 1.76 ms
    Update system took 0.53 ms
    Assemble system took 1.56 ms
    Global solve took 8.30 ms
    Local solve took 0.10 ms
    Line search took 1.99 ms
    Update system took 0.62 ms
    Assemble system took 1.73 ms
    Global solve took 8.49 ms
    Local solve took 0.13 ms
    Line search took 2.48 ms
    Update system took 0.77 ms
    Assemble system took 3.56 ms
    Global solve took 9.23 ms
    Local solve took 0.11 ms
    Line search took 4.54 ms
Step and readback took 298.72 ms
    Update system took 0.47 ms
    Assemble system took 1.72 ms
    Global solve took 15.44 ms
    Local solve took 0.07 ms
    Line search took 9.22 ms
    Update system took 0.59 ms
    Assemble system took 1.69 ms
    Global solve took 17.70 ms
    Local solve took 0.33 ms
    Line search took 15.64 ms
    Update system took 0.68 ms
    Assemble system took 1.66 ms
    Global solve took 17.78 ms
    Local solve took 0.06 ms
    Line search took 9.39 ms
    Update system took 0.52 ms
    Assemble system took 1.51 ms
    Global solve took 15.18 ms
    Local solve took 0.06 ms
    Line search took 5.53 ms
    Update system took 0.58 ms
    Assemble system took 3.15 ms
    Global solve took 8.88 ms
    Local solve took 0.21 ms
    Line search took 3.56 ms
    Update system took 0.74 ms
    Assemble system took 1.65 ms
    Global solve took 7.11 ms
    Local solve took 0.06 ms
    Line search took 1.67 ms
    Update system took 0.57 ms
    Assemble system took 1.72 ms
    Global solve took 7.22 ms
    Local solve took 0.09 ms
    Line search took 4.71 ms
    Update system took 0.54 ms
    Assemble system took 1.52 ms
    Global solve took 6.52 ms
    Local solve took 0.16 ms
    Line search took 2.47 ms
    Update system took 0.57 ms
    Assemble system took 1.57 ms
    Global solve took 6.86 ms
    Local solve took 0.08 ms
    Line search took 12.28 ms
    Update system took 0.56 ms
    Assemble system took 1.57 ms
    Global solve took 13.93 ms
    Local solve took 0.10 ms
    Line search took 4.48 ms
    Update system took 0.69 ms
    Assemble system took 1.74 ms
    Global solve took 14.64 ms
    Local solve took 0.06 ms
    Line search took 18.48 ms
    Update system took 0.57 ms
    Assemble system took 1.64 ms
    Global solve took 14.76 ms
    Local solve took 0.09 ms
    Line search took 4.52 ms
Step and readback took 302.67 ms
    Update system took 0.45 ms
    Assemble system took 1.58 ms
    Global solve took 8.00 ms
    Local solve took 0.10 ms
    Line search took 3.67 ms
    Update system took 0.58 ms
    Assemble system took 1.73 ms
    Global solve took 7.57 ms
    Local solve took 0.06 ms
    Line search took 3.89 ms
    Update system took 0.49 ms
    Assemble system took 1.55 ms
    Global solve took 7.51 ms
    Local solve took 0.08 ms
    Line search took 5.30 ms
    Update system took 0.60 ms
    Assemble system took 1.56 ms
    Global solve took 7.86 ms
    Local solve took 0.13 ms
    Line search took 2.98 ms
    Update system took 0.58 ms
    Assemble system took 1.59 ms
    Global solve took 9.32 ms
    Local solve took 0.11 ms
    Line search took 11.38 ms
    Update system took 0.97 ms
    Assemble system took 2.00 ms
    Global solve took 13.21 ms
    Local solve took 0.08 ms
    Line search took 4.57 ms
    Update system took 0.52 ms
    Assemble system took 1.52 ms
    Global solve took 15.19 ms
    Local solve took 0.09 ms
    Line search took 5.00 ms
    Update system took 0.71 ms
    Assemble system took 1.79 ms
    Global solve took 14.80 ms
    Local solve took 0.06 ms
    Line search took 4.64 ms
    Update system took 0.50 ms
    Assemble system took 1.53 ms
    Global solve took 15.43 ms
    Local solve took 0.15 ms
    Line search took 6.62 ms
    Update system took 0.57 ms
    Assemble system took 1.58 ms
    Global solve took 15.13 ms
    Local solve took 0.07 ms
    Line search took 4.58 ms
    Update system took 0.56 ms
    Assemble system took 1.64 ms
    Global solve took 15.03 ms
    Local solve took 0.06 ms
    Line search took 3.94 ms
    Update system took 0.52 ms
    Assemble system took 1.53 ms
    Global solve took 8.43 ms
    Local solve took 0.10 ms
    Line search took 1.79 ms
Step and readback took 258.62 ms
    Update system took 0.47 ms
    Assemble system took 1.60 ms
    Global solve took 7.69 ms
    Local solve took 0.12 ms
    Line search took 2.97 ms
    Update system took 0.57 ms
    Assemble system took 1.55 ms
    Global solve took 11.82 ms
    Local solve took 0.07 ms
    Line search took 13.79 ms
    Update system took 0.57 ms
    Assemble system took 1.92 ms
    Global solve took 17.24 ms
    Local solve took 0.08 ms
    Line search took 16.17 ms
    Update system took 0.65 ms
    Assemble system took 1.74 ms
    Global solve took 18.59 ms
    Local solve took 0.05 ms
    Line search took 7.03 ms
    Update system took 0.47 ms
    Assemble system took 1.47 ms
    Global solve took 19.07 ms
    Local solve took 0.05 ms
    Line search took 4.66 ms
    Update system took 0.52 ms
    Assemble system took 1.51 ms
    Global solve took 18.53 ms
    Local solve took 0.09 ms
    Line search took 3.57 ms
    Update system took 0.65 ms
    Assemble system took 2.13 ms
    Global solve took 8.81 ms
    Local solve took 0.08 ms
    Line search took 1.85 ms
    Update system took 0.51 ms
    Assemble system took 1.52 ms
    Global solve took 8.91 ms
    Local solve took 0.07 ms
    Line search took 2.28 ms
    Update system took 0.48 ms
    Assemble system took 1.55 ms
    Global solve took 8.93 ms
    Local solve took 0.08 ms
    Line search took 1.91 ms
    Update system took 0.89 ms
    Assemble system took 1.93 ms
    Global solve took 8.97 ms
    Local solve took 0.11 ms
    Line search took 1.86 ms
    Update system took 0.57 ms
    Assemble system took 1.99 ms
    Global solve took 15.49 ms
    Local solve took 0.25 ms
    Line search took 8.76 ms
    Update system took 0.62 ms
    Assemble system took 1.58 ms
    Global solve took 18.78 ms
    Local solve took 0.07 ms
    Line search took 4.60 ms
Step and readback took 294.99 ms
    Update system took 0.54 ms
    Assemble system took 3.47 ms
    Global solve took 21.16 ms
    Local solve took 0.08 ms
    Line search took 9.27 ms
    Update system took 0.53 ms
    Assemble system took 1.51 ms
    Global solve took 18.71 ms
    Local solve took 0.08 ms
    Line search took 4.33 ms
    Update system took 0.52 ms
    Assemble system took 1.53 ms
    Global solve took 9.08 ms
    Local solve took 0.07 ms
    Line search took 1.76 ms
    Update system took 0.49 ms
    Assemble system took 1.49 ms
    Global solve took 9.08 ms
    Local solve took 0.18 ms
    Line search took 4.04 ms
    Update system took 0.72 ms
    Assemble system took 1.95 ms
    Global solve took 8.97 ms
    Local solve took 0.15 ms
    Line search took 2.31 ms
    Update system took 0.60 ms
    Assemble system took 1.55 ms
    Global solve took 8.21 ms
    Local solve took 0.17 ms
    Line search took 6.48 ms
    Update system took 0.91 ms
    Assemble system took 1.74 ms
    Global solve took 17.13 ms
    Local solve took 0.06 ms
    Line search took 4.58 ms
    Update system took 0.51 ms
    Assemble system took 1.55 ms
    Global solve took 19.04 ms
    Local solve took 0.17 ms
    Line search took 9.08 ms
    Update system took 1.04 ms
    Assemble system took 2.00 ms
    Global solve took 16.99 ms
    Local solve took 0.16 ms
    Line search took 6.58 ms
    Update system took 0.98 ms
    Assemble system took 1.59 ms
    Global solve took 17.65 ms
    Local solve took 0.11 ms
    Line search took 4.53 ms
    Update system took 0.54 ms
    Assemble system took 1.57 ms
    Global solve took 18.23 ms
    Local solve took 0.07 ms
    Line search took 2.75 ms
    Update system took 0.73 ms
    Assemble system took 1.94 ms
    Global solve took 10.64 ms
    Local solve took 0.12 ms
    Line search took 2.79 ms
Step and readback took 296.97 ms
    Update system took 0.45 ms
    Assemble system took 1.59 ms
    Global solve took 8.47 ms
    Local solve took 0.11 ms
    Line search took 3.55 ms
    Update system took 0.58 ms
    Assemble system took 1.53 ms
    Global solve took 16.24 ms
    Local solve took 0.07 ms
    Line search took 16.28 ms
    Update system took 0.88 ms
    Assemble system took 1.95 ms
    Global solve took 18.15 ms
    Local solve took 0.06 ms
    Line search took 4.59 ms
    Update system took 0.46 ms
    Assemble system took 1.50 ms
    Global solve took 19.06 ms
    Local solve took 0.13 ms
    Line search took 4.47 ms
    Update system took 0.57 ms
    Assemble system took 1.62 ms
    Global solve took 19.13 ms
    Local solve took 0.06 ms
    Line search took 4.66 ms
    Update system took 0.55 ms
    Assemble system took 1.54 ms
    Global solve took 19.23 ms
    Local solve took 0.09 ms
    Line search took 4.58 ms
    Update system took 0.53 ms
    Assemble system took 1.58 ms
    Global solve took 19.55 ms
    Local solve took 0.08 ms
    Line search took 4.66 ms
    Update system took 0.53 ms
    Assemble system took 1.50 ms
    Global solve took 17.67 ms
    Local solve took 0.11 ms
    Line search took 1.85 ms
    Update system took 0.55 ms
    Assemble system took 1.52 ms
    Global solve took 9.14 ms
    Local solve took 0.19 ms
    Line search took 1.83 ms
    Update system took 0.57 ms
    Assemble system took 1.53 ms
    Global solve took 8.25 ms
    Local solve took 0.07 ms
    Line search took 1.82 ms
    Update system took 0.58 ms
    Assemble system took 1.54 ms
    Global solve took 8.29 ms
    Local solve took 0.18 ms
    Line search took 3.05 ms
    Update system took 0.57 ms
    Assemble system took 1.56 ms
    Global solve took 8.18 ms
    Local solve took 0.11 ms
    Line search took 1.95 ms
Step and readback took 281.87 ms
    Update system took 0.46 ms
    Assemble system took 1.64 ms
    Global solve took 12.84 ms
    Local solve took 0.07 ms
    Line search took 6.92 ms
    Update system took 0.74 ms
    Assemble system took 1.84 ms
    Global solve took 14.15 ms
    Local solve took 0.06 ms
    Line search took 4.63 ms
    Update system took 0.48 ms
    Assemble system took 1.54 ms
    Global solve took 18.14 ms
    Local solve took 0.09 ms
    Line search took 9.18 ms
    Update system took 0.57 ms
    Assemble system took 1.55 ms
    Global solve took 17.91 ms
    Local solve took 0.06 ms
    Line search took 6.92 ms
    Update system took 0.51 ms
    Assemble system took 1.55 ms
    Global solve took 18.34 ms
    Local solve took 0.06 ms
    Line search took 4.62 ms
    Update system took 0.53 ms
    Assemble system took 1.60 ms
    Global solve took 18.49 ms
    Local solve took 0.08 ms
    Line search took 1.74 ms
    Update system took 0.49 ms
    Assemble system took 1.50 ms
    Global solve took 9.22 ms
    Local solve took 0.07 ms
    Line search took 1.76 ms
    Update system took 0.50 ms
    Assemble system took 1.48 ms
    Global solve took 9.82 ms
    Local solve took 0.15 ms
    Line search took 2.22 ms
    Update system took 0.95 ms
    Assemble system took 1.98 ms
    Global solve took 9.51 ms
    Local solve took 0.21 ms
    Line search took 2.95 ms
    Update system took 0.57 ms
    Assemble system took 1.58 ms
    Global solve took 8.91 ms
    Local solve took 0.18 ms
    Line search took 2.48 ms
    Update system took 0.84 ms
    Assemble system took 1.66 ms
    Global solve took 17.31 ms
    Local solve took 0.06 ms
    Line search took 9.27 ms
    Update system took 0.49 ms
    Assemble system took 1.56 ms
    Global solve took 18.97 ms
    Local solve took 0.09 ms
    Line search took 9.45 ms
Step and readback took 296.50 ms
    Update system took 0.47 ms
    Assemble system took 1.55 ms
    Global solve took 11.82 ms
    Local solve took 0.06 ms
    Line search took 4.66 ms
    Update system took 0.46 ms
    Assemble system took 1.46 ms
    Global solve took 14.47 ms
    Local solve took 0.05 ms
    Line search took 4.68 ms
    Update system took 0.45 ms
    Assemble system took 1.50 ms
    Global solve took 15.01 ms
    Local solve took 0.11 ms
    Line search took 4.51 ms
    Update system took 0.73 ms
    Assemble system took 1.85 ms
    Global solve took 17.12 ms
    Local solve took 0.06 ms
    Line search took 4.62 ms
    Update system took 0.50 ms
    Assemble system took 1.53 ms
    Global solve took 8.85 ms
    Local solve took 0.07 ms
    Line search took 1.76 ms
    Update system took 0.50 ms
    Assemble system took 1.49 ms
    Global solve took 8.15 ms
    Local solve took 0.06 ms
    Line search took 1.70 ms
    Update system took 0.46 ms
    Assemble system took 1.46 ms
    Global solve took 9.01 ms
    Local solve took 0.10 ms
    Line search took 1.84 ms
    Update system took 0.59 ms
    Assemble system took 1.65 ms
    Global solve took 8.79 ms
    Local solve took 0.12 ms
    Line search took 3.69 ms
    Update system took 1.06 ms
    Assemble system took 2.02 ms
    Global solve took 9.31 ms
    Local solve took 0.09 ms
    Line search took 5.33 ms
    Update system took 0.76 ms
    Assemble system took 1.85 ms
    Global solve took 17.88 ms
    Local solve took 0.06 ms
    Line search took 4.63 ms
    Update system took 0.47 ms
    Assemble system took 1.54 ms
    Global solve took 18.92 ms
    Local solve took 0.06 ms
    Line search took 4.66 ms
    Update system took 0.64 ms
    Assemble system took 1.60 ms
    Global solve took 18.49 ms
    Local solve took 0.12 ms
    Line search took 4.44 ms
Step and readback took 264.26 ms
    Update system took 0.45 ms
    Assemble system took 1.54 ms
    Global solve took 8.61 ms
    Local solve took 0.06 ms
    Line search took 4.63 ms
    Update system took 0.59 ms
    Assemble system took 1.67 ms
    Global solve took 10.34 ms
    Local solve took 0.09 ms
    Line search took 4.54 ms
    Update system took 0.71 ms
    Assemble system took 1.78 ms
    Global solve took 9.65 ms
    Local solve took 0.11 ms
    Line search took 1.85 ms
    Update system took 0.53 ms
    Assemble system took 1.54 ms
    Global solve took 7.14 ms
    Local solve took 0.33 ms
    Line search took 4.05 ms
    Update system took 1.17 ms
    Assemble system took 2.74 ms
    Global solve took 8.39 ms
    Local solve took 0.16 ms
    Line search took 3.25 ms
    Update system took 1.23 ms
    Assemble system took 2.99 ms
    Global solve took 8.37 ms
    Local solve took 0.28 ms
    Line search took 3.37 ms
    Update system took 1.31 ms
    Assemble system took 2.31 ms
    Global solve took 7.52 ms
    Local solve took 0.14 ms
    Line search took 2.80 ms
    Update system took 0.95 ms
    Assemble system took 2.58 ms
    Global solve took 8.21 ms
    Local solve took 0.15 ms
    Line search took 6.71 ms
    Update system took 0.78 ms
    Assemble system took 2.02 ms
    Global solve took 16.53 ms
    Local solve took 0.21 ms
    Line search took 6.64 ms
    Update system took 1.12 ms
    Assemble system took 2.10 ms
    Global solve took 17.23 ms
    Local solve took 0.13 ms
    Line search took 4.75 ms
    Update system took 0.76 ms
    Assemble system took 1.91 ms
    Global solve took 17.33 ms
    Local solve took 0.06 ms
    Line search took 4.63 ms
    Update system took 0.54 ms
    Assemble system took 1.60 ms
    Global solve took 18.20 ms
    Local solve took 0.19 ms
    Line search took 4.74 ms
Step and readback took 260.18 ms
    Update system took 0.45 ms
    Assemble system took 1.63 ms
    Global solve took 4.04 ms
    Local solve took 0.06 ms
    Line search took 1.72 ms
    Update system took 0.45 ms
    Assemble system took 1.54 ms
    Global solve took 4.54 ms
    Local solve took 0.43 ms
    Line search took 2.36 ms
    Update system took 0.82 ms
    Assemble system took 1.96 ms
    Global solve took 4.99 ms
    Local solve took 0.08 ms
    Line search took 1.82 ms
    Update system took 0.56 ms
    Assemble system took 1.55 ms
    Global solve took 5.08 ms
    Local solve took 0.11 ms
    Line search took 1.89 ms
    Update system took 0.55 ms
    Assemble system took 1.60 ms
    Global solve took 6.08 ms
    Local solve took 0.28 ms
    Line search took 2.46 ms
    Update system took 0.84 ms
    Assemble system took 1.88 ms
    Global solve took 11.76 ms
    Local solve took 0.10 ms
    Line search took 4.45 ms
    Update system took 0.55 ms
    Assemble system took 1.52 ms
    Global solve took 13.97 ms
    Local solve took 0.06 ms
    Line search took 4.54 ms
    Update system took 0.51 ms
    Assemble system took 1.50 ms
    Global solve took 14.66 ms
    Local solve took 0.08 ms
    Line search took 4.61 ms
    Update system took 0.70 ms
    Assemble system took 1.75 ms
    Global solve took 14.14 ms
    Local solve took 0.08 ms
    Line search took 4.56 ms
    Update system took 0.53 ms
    Assemble system took 1.57 ms
    Global solve took 14.65 ms
    Local solve took 0.08 ms
    Line search took 4.53 ms
    Update system took 0.50 ms
    Assemble system took 1.48 ms
    Global solve took 15.16 ms
    Local solve took 0.06 ms
    Line search took 4.60 ms
    Update system took 0.47 ms
    Assemble system took 1.49 ms
    Global solve took 15.44 ms
    Local solve took 0.14 ms
    Line search took 2.70 ms
Step and readback took 223.61 ms
    Update system took 0.44 ms
    Assemble system took 1.57 ms
    Global solve took 4.19 ms
    Local solve took 0.07 ms
    Line search took 1.86 ms
    Update system took 0.59 ms
    Assemble system took 1.56 ms
    Global solve took 4.20 ms
    Local solve took 0.09 ms
    Line search took 1.85 ms
    Update system took 0.56 ms
    Assemble system took 1.62 ms
    Global solve took 4.91 ms
    Local solve took 0.10 ms
    Line search took 1.94 ms
    Update system took 0.60 ms
    Assemble system took 1.51 ms
    Global solve took 5.62 ms
    Local solve took 0.14 ms
    Line search took 4.76 ms
    Update system took 0.62 ms
    Assemble system took 1.65 ms
    Global solve took 10.57 ms
    Local solve took 0.07 ms
    Line search took 4.54 ms
    Update system took 0.69 ms
    Assemble system took 1.83 ms
    Global solve took 13.02 ms
    Local solve took 0.07 ms
    Line search took 4.62 ms
    Update system took 0.52 ms
    Assemble system took 1.61 ms
    Global solve took 14.94 ms
    Local solve took 0.05 ms
    Line search took 4.63 ms
    Update system took 0.46 ms
    Assemble system took 1.44 ms
    Global solve took 18.12 ms
    Local solve took 0.08 ms
    Line search took 6.95 ms
    Update system took 0.52 ms
    Assemble system took 3.13 ms
    Global solve took 16.12 ms
    Local solve took 0.09 ms
    Line search took 4.56 ms
    Update system took 0.56 ms
    Assemble system took 1.57 ms
    Global solve took 15.20 ms
    Local solve took 0.08 ms
    Line search took 4.55 ms
    Update system took 0.50 ms
    Assemble system took 1.49 ms
    Global solve took 15.28 ms
    Local solve took 0.06 ms
    Line search took 4.60 ms
    Update system took 0.48 ms
    Assemble system took 1.51 ms
    Global solve took 11.29 ms
    Local solve took 0.07 ms
    Line search took 1.77 ms
Step and readback took 239.90 ms
    Update system took 0.49 ms
    Assemble system took 1.83 ms
    Global solve took 4.95 ms
    Local solve took 0.12 ms
    Line search took 2.36 ms
    Update system took 0.99 ms
    Assemble system took 1.99 ms
    Global solve took 5.72 ms
    Local solve took 0.20 ms
    Line search took 2.58 ms
    Update system took 0.67 ms
    Assemble system took 1.57 ms
    Global solve took 5.86 ms
    Local solve took 0.22 ms
    Line search took 2.42 ms
    Update system took 0.83 ms
    Assemble system took 2.00 ms
    Global solve took 10.90 ms
    Local solve took 0.08 ms
    Line search took 4.53 ms
    Update system took 0.65 ms
    Assemble system took 1.73 ms
    Global solve took 10.65 ms
    Local solve took 0.10 ms
    Line search took 4.45 ms
    Update system took 0.60 ms
    Assemble system took 1.57 ms
    Global solve took 14.10 ms
    Local solve took 0.06 ms
    Line search took 4.70 ms
    Update system took 0.68 ms
    Assemble system took 1.79 ms
    Global solve took 14.47 ms
    Local solve took 0.07 ms
    Line search took 11.51 ms
    Update system took 0.56 ms
    Assemble system took 1.58 ms
    Global solve took 14.12 ms
    Local solve took 0.05 ms
    Line search took 9.32 ms
    Update system took 0.75 ms
    Assemble system took 1.77 ms
    Global solve took 13.76 ms
    Local solve took 0.09 ms
    Line search took 6.80 ms
    Update system took 0.55 ms
    Assemble system took 1.54 ms
    Global solve took 7.97 ms
    Local solve took 0.08 ms
    Line search took 1.73 ms
    Update system took 0.51 ms
    Assemble system took 1.50 ms
    Global solve took 7.61 ms
    Local solve took 0.06 ms
    Line search took 1.69 ms
    Update system took 0.46 ms
    Assemble system took 1.53 ms
    Global solve took 8.10 ms
    Local solve took 0.09 ms
    Line search took 1.87 ms
Step and readback took 236.53 ms
    Update system took 0.58 ms
    Assemble system took 1.84 ms
    Global solve took 11.61 ms
    Local solve took 0.06 ms
    Line search took 6.87 ms
    Update system took 0.46 ms
    Assemble system took 1.47 ms
    Global solve took 13.42 ms
    Local solve took 0.09 ms
    Line search took 6.87 ms
    Update system took 0.59 ms
    Assemble system took 1.61 ms
    Global solve took 14.10 ms
    Local solve took 0.07 ms
    Line search took 6.91 ms
    Update system took 0.53 ms
    Assemble system took 1.64 ms
    Global solve took 14.08 ms
    Local solve took 0.11 ms
    Line search took 4.48 ms
    Update system took 0.58 ms
    Assemble system took 1.70 ms
    Global solve took 14.38 ms
    Local solve took 0.05 ms
    Line search took 4.60 ms
    Update system took 0.46 ms
    Assemble system took 1.48 ms
    Global solve took 17.86 ms
    Local solve took 0.07 ms
    Line search took 4.60 ms
    Update system took 0.52 ms
    Assemble system took 1.56 ms
    Global solve took 8.86 ms
    Local solve took 0.08 ms
    Line search took 1.76 ms
    Update system took 0.50 ms
    Assemble system took 1.49 ms
    Global solve took 7.86 ms
    Local solve took 0.08 ms
    Line search took 1.92 ms
    Update system took 2.05 ms
    Assemble system took 1.61 ms
    Global solve took 7.92 ms
    Local solve took 0.07 ms
    Line search took 1.72 ms
    Update system took 0.49 ms
    Assemble system took 1.54 ms
    Global solve took 8.16 ms
    Local solve took 0.09 ms
    Line search took 1.86 ms
    Update system took 0.59 ms
    Assemble system took 1.58 ms
    Global solve took 7.95 ms
    Local solve took 0.11 ms
    Line search took 2.46 ms
    Update system took 0.57 ms
    Assemble system took 1.55 ms
    Global solve took 10.36 ms
    Local solve took 0.07 ms
    Line search took 4.60 ms
Step and readback took 247.02 ms
    Update system took 0.52 ms
    Assemble system took 1.84 ms
    Global solve took 18.37 ms
    Local solve took 0.15 ms
    Line search took 4.51 ms
    Update system took 0.63 ms
    Assemble system took 1.59 ms
    Global solve took 18.11 ms
    Local solve took 0.06 ms
    Line search took 4.65 ms
    Update system took 0.49 ms
    Assemble system took 1.51 ms
    Global solve took 18.52 ms
    Local solve took 0.05 ms
    Line search took 5.05 ms
    Update system took 0.60 ms
    Assemble system took 1.45 ms
    Global solve took 18.65 ms
    Local solve took 0.09 ms
    Line search took 4.61 ms
    Update system took 0.59 ms
    Assemble system took 1.68 ms
    Global solve took 19.44 ms
    Local solve took 0.06 ms
    Line search took 4.70 ms
    Update system took 0.57 ms
    Assemble system took 1.54 ms
    Global solve took 10.21 ms
    Local solve took 0.07 ms
    Line search took 2.35 ms
    Update system took 0.51 ms
    Assemble system took 1.52 ms
    Global solve took 9.38 ms
    Local solve took 0.08 ms
    Line search took 1.77 ms
    Update system took 0.55 ms
    Assemble system took 2.01 ms
    Global solve took 10.35 ms
    Local solve took 0.17 ms
    Line search took 3.60 ms
    Update system took 1.13 ms
    Assemble system took 1.83 ms
    Global solve took 8.83 ms
    Local solve took 0.12 ms
    Line search took 1.93 ms
    Update system took 0.57 ms
    Assemble system took 1.61 ms
    Global solve took 9.54 ms
    Local solve took 0.18 ms
    Line search took 11.18 ms
    Update system took 0.84 ms
    Assemble system took 1.81 ms
    Global solve took 17.50 ms
    Local solve took 0.06 ms
    Line search took 13.93 ms
    Update system took 0.55 ms
    Assemble system took 1.51 ms
    Global solve took 18.50 ms
    Local solve took 0.08 ms
    Line search took 18.45 ms
Step and readback took 315.47 ms
    Update system took 0.47 ms
    Assemble system took 1.59 ms
    Global solve took 16.40 ms
    Local solve took 0.14 ms
    Line search took 6.68 ms
    Update system took 0.78 ms
    Assemble system took 1.60 ms
    Global solve took 8.11 ms
    Local solve took 0.08 ms
    Line search took 1.82 ms
    Update system took 0.50 ms
    Assemble system took 1.51 ms
    Global solve took 8.32 ms
    Local solve took 0.06 ms
    Line search took 1.73 ms
    Update system took 0.47 ms
    Assemble system took 1.47 ms
    Global solve took 8.37 ms
    Local solve took 0.08 ms
    Line search took 1.95 ms
    Update system took 0.60 ms
    Assemble system took 1.58 ms
    Global solve took 8.40 ms
    Local solve took 0.11 ms
    Line search took 1.92 ms
    Update system took 0.58 ms
    Assemble system took 1.59 ms
    Global solve took 8.30 ms
    Local solve took 0.10 ms
    Line search took 1.88 ms
    Update system took 0.56 ms
    Assemble system took 1.52 ms
    Global solve took 17.01 ms
    Local solve took 0.15 ms
    Line search took 6.62 ms
    Update system took 0.81 ms
    Assemble system took 1.92 ms
    Global solve took 17.19 ms
    Local solve took 0.05 ms
    Line search took 4.64 ms
    Update system took 0.46 ms
    Assemble system took 1.46 ms
    Global solve took 18.66 ms
    Local solve took 0.05 ms
    Line search took 4.66 ms
    Update system took 0.51 ms
    Assemble system took 1.51 ms
    Global solve took 18.73 ms
    Local solve took 0.12 ms
    Line search took 4.43 ms
    Update system took 0.72 ms
    Assemble system took 1.79 ms
    Global solve took 17.87 ms
    Local solve took 0.14 ms
    Line search took 4.52 ms
    Update system took 0.60 ms
    Assemble system took 1.58 ms
    Global solve took 18.40 ms
    Local solve took 0.05 ms
    Line search took 4.64 ms
Step and readback took 272.59 ms
    Update system took 0.44 ms
    Assemble system took 1.51 ms
    Global solve took 7.78 ms
    Local solve took 0.06 ms
    Line search took 2.29 ms
    Update system took 0.49 ms
    Assemble system took 1.52 ms
    Global solve took 9.08 ms
    Local solve took 0.10 ms
    Line search took 1.88 ms
    Update system took 0.56 ms
    Assemble system took 1.57 ms
    Global solve took 7.87 ms
    Local solve took 0.11 ms
    Line search took 1.88 ms
    Update system took 0.57 ms
    Assemble system took 1.66 ms
    Global solve took 15.01 ms
    Local solve took 0.07 ms
    Line search took 4.91 ms
    Update system took 0.88 ms
    Assemble system took 1.72 ms
    Global solve took 16.67 ms
    Local solve took 0.07 ms
    Line search took 4.68 ms
    Update system took 0.51 ms
    Assemble system took 1.51 ms
    Global solve took 15.25 ms
    Local solve took 0.07 ms
    Line search took 4.67 ms
    Update system took 0.50 ms
    Assemble system took 1.53 ms
    Global solve took 15.34 ms
    Local solve took 0.06 ms
    Line search took 4.67 ms
    Update system took 0.52 ms
    Assemble system took 1.52 ms
    Global solve took 18.64 ms
    Local solve took 0.20 ms
    Line search took 8.93 ms
    Update system took 0.90 ms
    Assemble system took 2.00 ms
    Global solve took 17.31 ms
    Local solve took 0.08 ms
    Line search took 4.61 ms
    Update system took 0.54 ms
    Assemble system took 1.57 ms
    Global solve took 18.56 ms
    Local solve took 0.12 ms
    Line search took 7.11 ms
    Update system took 1.49 ms
    Assemble system took 1.70 ms
    Global solve took 17.00 ms
    Local solve took 0.14 ms
    Line search took 5.28 ms
    Update system took 0.83 ms
    Assemble system took 2.20 ms
    Global solve took 8.59 ms
    Local solve took 0.10 ms
    Line search took 1.93 ms
Step and readback took 280.52 ms
    Update system took 0.51 ms
    Assemble system took 1.61 ms
    Global solve took 4.80 ms
    Local solve took 0.12 ms
    Line search took 2.07 ms
    Update system took 0.69 ms
    Assemble system took 1.73 ms
    Global solve took 5.75 ms
    Local solve took 0.10 ms
    Line search took 1.95 ms
    Update system took 0.57 ms
    Assemble system took 1.55 ms
    Global solve took 12.67 ms
    Local solve took 0.10 ms
    Line search took 4.33 ms
    Update system took 0.81 ms
    Assemble system took 1.88 ms
    Global solve took 13.32 ms
    Local solve took 0.06 ms
    Line search took 4.56 ms
    Update system took 0.49 ms
    Assemble system took 1.63 ms
    Global solve took 14.40 ms
    Local solve took 0.05 ms
    Line search took 4.64 ms
    Update system took 0.49 ms
    Assemble system took 1.48 ms
    Global solve took 14.38 ms
    Local solve took 0.07 ms
    Line search took 4.59 ms
    Update system took 0.53 ms
    Assemble system took 1.55 ms
    Global solve took 14.65 ms
    Local solve took 0.17 ms
    Line search took 8.97 ms
    Update system took 0.87 ms
    Assemble system took 2.00 ms
    Global solve took 13.84 ms
    Local solve took 0.06 ms
    Line search took 7.03 ms
    Update system took 0.55 ms
    Assemble system took 1.57 ms
    Global solve took 14.96 ms
    Local solve took 0.09 ms
    Line search took 4.60 ms
    Update system took 0.60 ms
    Assemble system took 1.58 ms
    Global solve took 17.48 ms
    Local solve took 0.05 ms
    Line search took 3.06 ms
    Update system took 0.59 ms
    Assemble system took 3.29 ms
    Global solve took 8.34 ms
    Local solve took 0.16 ms
    Line search took 2.44 ms
    Update system took 0.83 ms
    Assemble system took 1.73 ms
    Global solve took 7.90 ms
    Local solve took 0.07 ms
    Line search took 1.91 ms
Step and readback took 255.70 ms
    Update system took 0.54 ms
    Assemble system took 1.79 ms
    Global solve took 4.40 ms
    Local solve took 0.09 ms
    Line search took 9.24 ms
    Update system took 0.63 ms
    Assemble system took 1.61 ms
    Global solve took 6.24 ms
    Local solve took 0.07 ms
    Line search took 6.84 ms
    Update system took 0.57 ms
    Assemble system took 1.88 ms
    Global solve took 13.39 ms
    Local solve took 0.08 ms
    Line search took 4.56 ms
    Update system took 0.57 ms
    Assemble system took 1.58 ms
    Global solve took 13.80 ms
    Local solve took 0.07 ms
    Line search took 4.57 ms
    Update system took 0.52 ms
    Assemble system took 1.56 ms
    Global solve took 14.33 ms
    Local solve took 0.06 ms
    Line search took 4.65 ms
    Update system took 0.51 ms
    Assemble system took 1.53 ms
    Global solve took 14.41 ms
    Local solve took 0.12 ms
    Line search took 6.88 ms
    Update system took 0.90 ms
    Assemble system took 1.97 ms
    Global solve took 13.09 ms
    Local solve took 0.07 ms
    Line search took 4.63 ms
    Update system took 0.64 ms
    Assemble system took 1.77 ms
    Global solve took 13.68 ms
    Local solve took 0.09 ms
    Line search took 6.91 ms
    Update system took 0.56 ms
    Assemble system took 1.52 ms
    Global solve took 11.80 ms
    Local solve took 0.10 ms
    Line search took 2.43 ms
    Update system took 0.57 ms
    Assemble system took 1.61 ms
    Global solve took 6.38 ms
    Local solve took 0.07 ms
    Line search took 2.28 ms
    Update system took 0.49 ms
    Assemble system took 1.61 ms
    Global solve took 7.12 ms
    Local solve took 0.09 ms
    Line search took 1.83 ms
    Update system took 0.55 ms
    Assemble system took 1.83 ms
    Global solve took 7.08 ms
    Local solve took 0.08 ms
    Line search took 4.11 ms
Step and readback took 244.47 ms
    Update system took 0.46 ms
    Assemble system took 1.53 ms
    Global solve took 12.16 ms
    Local solve took 0.06 ms
    Line search took 4.53 ms
    Update system took 0.49 ms
    Assemble system took 3.27 ms
    Global solve took 12.16 ms
    Local solve took 0.15 ms
    Line search took 6.81 ms
    Update system took 0.94 ms
    Assemble system took 2.02 ms
    Global solve took 16.92 ms
    Local solve took 0.08 ms
    Line search took 4.54 ms
    Update system took 0.79 ms
    Assemble system took 1.89 ms
    Global solve took 16.57 ms
    Local solve took 0.06 ms
    Line search took 4.60 ms
    Update system took 0.50 ms
    Assemble system took 1.57 ms
    Global solve took 14.27 ms
    Local solve took 0.05 ms
    Line search took 4.65 ms
    Update system took 0.52 ms
    Assemble system took 1.62 ms
    Global solve took 14.31 ms
    Local solve took 0.15 ms
    Line search took 8.92 ms
    Update system took 0.54 ms
    Assemble system took 1.63 ms
    Global solve took 9.57 ms
    Local solve took 0.13 ms
    Line search took 1.77 ms
    Update system took 0.55 ms
    Assemble system took 1.55 ms
    Global solve took 6.17 ms
    Local solve took 0.07 ms
    Line search took 1.73 ms
    Update system took 0.51 ms
    Assemble system took 1.54 ms
    Global solve took 6.04 ms
    Local solve took 0.08 ms
    Line search took 3.45 ms
    Update system took 0.53 ms
    Assemble system took 1.55 ms
    Global solve took 6.51 ms
    Local solve took 0.07 ms
    Line search took 1.87 ms
    Update system took 0.56 ms
    Assemble system took 1.68 ms
    Global solve took 6.07 ms
    Local solve took 0.11 ms
    Line search took 4.73 ms
    Update system took 0.66 ms
    Assemble system took 1.80 ms
    Global solve took 6.64 ms
    Local solve took 0.14 ms
    Line search took 3.00 ms
Step and readback took 239.16 ms
    Update system took 0.44 ms
    Assemble system took 1.60 ms
    Global solve took 16.10 ms
    Local solve took 0.06 ms
    Line search took 4.59 ms
    Update system took 0.47 ms
    Assemble system took 1.57 ms
    Global solve took 19.04 ms
    Local solve took 0.07 ms
    Line search took 4.66 ms
    Update system took 0.60 ms
    Assemble system took 1.56 ms
    Global solve took 14.58 ms
    Local solve took 0.08 ms
    Line search took 4.54 ms
    Update system took 0.53 ms
    Assemble system took 1.60 ms
    Global solve took 13.97 ms
    Local solve took 0.06 ms
    Line search took 6.87 ms
    Update system took 0.50 ms
    Assemble system took 1.54 ms
    Global solve took 13.59 ms
    Local solve took 0.06 ms
    Line search took 4.59 ms
    Update system took 0.50 ms
    Assemble system took 1.61 ms
    Global solve took 6.65 ms
    Local solve took 0.16 ms
    Line search took 2.07 ms
    Update system took 0.67 ms
    Assemble system took 1.74 ms
    Global solve took 6.59 ms
    Local solve took 0.09 ms
    Line search took 3.51 ms
    Update system took 0.53 ms
    Assemble system took 1.60 ms
    Global solve took 7.09 ms
    Local solve took 0.09 ms
    Line search took 5.62 ms
    Update system took 0.51 ms
    Assemble system took 1.61 ms
    Global solve took 6.56 ms
    Local solve took 0.17 ms
    Line search took 2.58 ms
    Update system took 0.98 ms
    Assemble system took 2.31 ms
    Global solve took 7.18 ms
    Local solve took 0.11 ms
    Line search took 5.15 ms
    Update system took 0.60 ms
    Assemble system took 1.62 ms
    Global solve took 11.11 ms
    Local solve took 0.06 ms
    Line search took 22.87 ms
    Update system took 0.61 ms
    Assemble system took 1.65 ms
    Global solve took 14.24 ms
    Local solve took 0.09 ms
    Line search took 4.53 ms
Step and readback took 269.19 ms
    Update system took 0.46 ms
    Assemble system took 1.62 ms
    Global solve took 7.70 ms
    Local solve took 0.07 ms
    Line search took 4.59 ms
    Update system took 0.53 ms
    Assemble system took 1.65 ms
    Global solve took 13.98 ms
    Local solve took 0.07 ms
    Line search took 3.81 ms
    Update system took 0.53 ms
    Assemble system took 1.60 ms
    Global solve took 7.10 ms
    Local solve took 0.08 ms
    Line search took 1.94 ms
    Update system took 0.52 ms
    Assemble system took 1.62 ms
    Global solve took 6.34 ms
    Local solve took 0.10 ms
    Line search took 2.17 ms
    Update system took 0.73 ms
    Assemble system took 1.83 ms
    Global solve took 6.44 ms
    Local solve took 0.10 ms
    Line search took 1.76 ms
    Update system took 0.57 ms
    Assemble system took 1.70 ms
    Global solve took 6.63 ms
    Local solve took 0.11 ms
    Line search took 3.03 ms
    Update system took 0.59 ms
    Assemble system took 1.70 ms
    Global solve took 6.19 ms
    Local solve took 0.11 ms
    Line search took 3.07 ms
    Update system took 0.61 ms
    Assemble system took 1.70 ms
    Global solve took 8.78 ms
    Local solve took 0.08 ms
    Line search took 6.85 ms
    Update system took 0.52 ms
    Assemble system took 1.78 ms
    Global solve took 14.55 ms
    Local solve took 0.16 ms
    Line search took 4.91 ms
    Update system took 0.87 ms
    Assemble system took 1.93 ms
    Global solve took 17.33 ms
    Local solve took 0.06 ms
    Line search took 4.66 ms
    Update system took 0.55 ms
    Assemble system took 1.62 ms
    Global solve took 18.17 ms
    Local solve took 0.05 ms
    Line search took 4.67 ms
    Update system took 0.49 ms
    Assemble system took 1.52 ms
    Global solve took 19.56 ms
    Local solve took 0.19 ms
    Line search took 6.66 ms
Step and readback took 242.48 ms
    Update system took 0.46 ms
    Assemble system took 1.63 ms
    Global solve took 18.87 ms
    Local solve took 0.07 ms
    Line search took 4.60 ms
    Update system took 0.57 ms
    Assemble system took 1.61 ms
    Global solve took 12.06 ms
    Local solve took 0.30 ms
    Line search took 2.07 ms
    Update system took 0.84 ms
    Assemble system took 2.02 ms
    Global solve took 7.94 ms
    Local solve took 0.15 ms
    Line search took 2.93 ms
    Update system took 0.83 ms
    Assemble system took 1.94 ms
    Global solve took 7.48 ms
    Local solve took 0.13 ms
    Line search took 1.91 ms
    Update system took 0.62 ms
    Assemble system took 1.73 ms
    Global solve took 7.90 ms
    Local solve took 0.12 ms
    Line search took 1.97 ms
    Update system took 0.64 ms
    Assemble system took 1.69 ms
    Global solve took 7.80 ms
    Local solve took 0.11 ms
    Line search took 6.72 ms
    Update system took 0.60 ms
    Assemble system took 1.63 ms
    Global solve took 17.78 ms
    Local solve took 0.20 ms
    Line search took 8.82 ms
    Update system took 0.63 ms
    Assemble system took 1.67 ms
    Global solve took 17.65 ms
    Local solve took 0.06 ms
    Line search took 4.64 ms
    Update system took 0.51 ms
    Assemble system took 1.51 ms
    Global solve took 18.10 ms
    Local solve took 0.08 ms
    Line search took 4.59 ms
    Update system took 0.52 ms
    Assemble system took 1.53 ms
    Global solve took 18.42 ms
    Local solve took 0.16 ms
    Line search took 6.61 ms
    Update system took 0.86 ms
    Assemble system took 1.96 ms
    Global solve took 17.78 ms
    Local solve took 0.07 ms
    Line search took 4.63 ms
    Update system took 0.52 ms
    Assemble system took 1.57 ms
    Global solve took 18.71 ms
    Local solve took 0.05 ms
    Line search took 4.63 ms
Step and readback took 289.09 ms
    Update system took 0.51 ms
    Assemble system took 1.58 ms
    Global solve took 8.91 ms
    Local solve took 0.06 ms
    Line search took 1.78 ms
    Update system took 0.49 ms
    Assemble system took 1.52 ms
    Global solve took 8.80 ms
    Local solve took 0.08 ms
    Line search took 1.87 ms
    Update system took 0.58 ms
    Assemble system took 1.60 ms
    Global solve took 7.69 ms
    Local solve took 0.17 ms
    Line search took 1.97 ms
    Update system took 0.66 ms
    Assemble system took 1.65 ms
    Global solve took 6.91 ms
    Local solve took 0.11 ms
    Line search took 1.86 ms
    Update system took 0.58 ms
    Assemble system took 1.64 ms
    Global solve took 11.38 ms
    Local solve took 0.06 ms
    Line search took 4.60 ms
    Update system took 0.59 ms
    Assemble system took 3.18 ms
    Global solve took 16.29 ms
    Local solve took 0.13 ms
    Line search took 4.46 ms
    Update system took 0.73 ms
    Assemble system took 1.93 ms
    Global solve took 17.30 ms
    Local solve took 0.07 ms
    Line search took 4.55 ms
    Update system took 0.52 ms
    Assemble system took 1.57 ms
    Global solve took 18.67 ms
    Local solve took 0.07 ms
    Line search took 4.57 ms
    Update system took 0.52 ms
    Assemble system took 1.54 ms
    Global solve took 18.80 ms
    Local solve took 0.12 ms
    Line search took 9.04 ms
    Update system took 0.61 ms
    Assemble system took 1.59 ms
    Global solve took 19.09 ms
    Local solve took 0.18 ms
    Line search took 6.66 ms
    Update system took 0.91 ms
    Assemble system took 1.90 ms
    Global solve took 17.96 ms
    Local solve took 0.15 ms
    Line search took 7.19 ms
    Update system took 0.84 ms
    Assemble system took 1.88 ms
    Global solve took 18.09 ms
    Local solve took 0.09 ms
    Line search took 4.53 ms
Step and readback took 287.07 ms
    Update system took 0.45 ms
    Assemble system took 1.56 ms
    Global solve took 5.87 ms
    Local solve took 0.08 ms
    Line search took 1.87 ms
    Update system took 0.53 ms
    Assemble system took 1.58 ms
    Global solve took 9.28 ms
    Local solve took 0.16 ms
    Line search took 1.94 ms
    Update system took 0.61 ms
    Assemble system took 1.57 ms
    Global solve took 6.56 ms
    Local solve took 0.12 ms
    Line search took 3.60 ms
    Update system took 0.59 ms
    Assemble system took 1.54 ms
    Global solve took 11.58 ms
    Local solve took 0.09 ms
    Line search took 5.49 ms
    Update system took 0.54 ms
    Assemble system took 1.56 ms
    Global solve took 14.03 ms
    Local solve took 0.05 ms
    Line search took 4.65 ms
    Update system took 0.47 ms
    Assemble system took 1.55 ms
    Global solve took 14.80 ms
    Local solve took 0.08 ms
    Line search took 4.58 ms
    Update system took 0.51 ms
    Assemble system took 1.53 ms
    Global solve took 15.10 ms
    Local solve took 0.06 ms
    Line search took 7.01 ms
    Update system took 0.52 ms
    Assemble system took 1.69 ms
    Global solve took 18.01 ms
    Local solve took 0.12 ms
    Line search took 4.46 ms
    Update system took 0.59 ms
    Assemble system took 1.58 ms
    Global solve took 18.54 ms
    Local solve took 0.05 ms
    Line search took 4.63 ms
    Update system took 0.48 ms
    Assemble system took 1.50 ms
    Global solve took 18.85 ms
    Local solve took 0.05 ms
    Line search took 4.63 ms
    Update system took 0.48 ms
    Assemble system took 1.55 ms
    Global solve took 18.81 ms
    Local solve took 0.07 ms
    Line search took 4.62 ms
    Update system took 0.53 ms
    Assemble system took 1.54 ms
    Global solve took 12.80 ms
    Local solve took 0.07 ms
    Line search took 2.22 ms
Step and readback took 271.16 ms
    Update system took 0.46 ms
    Assemble system took 1.62 ms
    Global solve took 7.16 ms
    Local solve took 0.16 ms
    Line search took 3.75 ms
    Update system took 0.83 ms
    Assemble system took 3.55 ms
    Global solve took 6.93 ms
    Local solve took 0.11 ms
    Line search took 1.93 ms
    Update system took 0.56 ms
    Assemble system took 1.54 ms
    Global solve took 11.56 ms
    Local solve took 0.14 ms
    Line search took 6.59 ms
    Update system took 0.83 ms
    Assemble system took 1.87 ms
    Global solve took 16.52 ms
    Local solve took 0.06 ms
    Line search took 6.94 ms
    Update system took 0.50 ms
    Assemble system took 1.60 ms
    Global solve took 17.90 ms
    Local solve took 0.05 ms
    Line search took 4.63 ms
    Update system took 0.76 ms
    Assemble system took 2.81 ms
    Global solve took 17.19 ms
    Local solve took 0.05 ms
    Line search took 4.62 ms
    Update system took 0.58 ms
    Assemble system took 1.67 ms
    Global solve took 18.54 ms
    Local solve took 0.09 ms
    Line search took 6.84 ms
    Update system took 0.54 ms
    Assemble system took 1.58 ms
    Global solve took 18.50 ms
    Local solve took 0.05 ms
    Line search took 4.62 ms
    Update system took 0.52 ms
    Assemble system took 1.58 ms
    Global solve took 18.61 ms
    Local solve took 0.10 ms
    Line search took 4.59 ms
    Update system took 0.66 ms
    Assemble system took 1.64 ms
    Global solve took 16.76 ms
    Local solve took 0.08 ms
    Line search took 1.80 ms
    Update system took 0.51 ms
    Assemble system took 1.50 ms
    Global solve took 8.68 ms
    Local solve took 0.21 ms
    Line search took 3.91 ms
    Update system took 0.77 ms
    Assemble system took 1.84 ms
    Global solve took 9.70 ms
    Local solve took 0.14 ms
    Line search took 2.13 ms
Step and readback took 285.75 ms
    Update system took 0.54 ms
    Assemble system took 1.65 ms
    Global solve took 10.74 ms
    Local solve took 0.12 ms
    Line search took 14.79 ms
    Update system took 0.95 ms
    Assemble system took 2.00 ms
    Global solve took 13.14 ms
    Local solve took 0.14 ms
    Line search took 13.56 ms
    Update system took 0.70 ms
    Assemble system took 2.15 ms
    Global solve took 13.40 ms
    Local solve took 0.13 ms
    Line search took 11.46 ms
    Update system took 0.75 ms
    Assemble system took 2.24 ms
    Global solve took 13.49 ms
    Local solve took 0.14 ms
    Line search took 4.34 ms
    Update system took 0.91 ms
    Assemble system took 2.05 ms
    Global solve took 13.76 ms
    Local solve took 0.13 ms
    Line search took 4.41 ms
    Update system took 0.69 ms
    Assemble system took 1.95 ms
    Global solve took 13.97 ms
    Local solve took 0.06 ms
    Line search took 6.93 ms
    Update system took 0.57 ms
    Assemble system took 3.20 ms
    Global solve took 12.24 ms
    Local solve took 0.09 ms
    Line search took 1.81 ms
    Update system took 0.52 ms
    Assemble system took 1.53 ms
    Global solve took 7.68 ms
    Local solve took 0.06 ms
    Line search took 1.75 ms
    Update system took 0.47 ms
    Assemble system took 1.47 ms
    Global solve took 7.88 ms
    Local solve took 0.06 ms
    Line search took 2.21 ms
    Update system took 0.47 ms
    Assemble system took 1.50 ms
    Global solve took 7.76 ms
    Local solve took 0.09 ms
    Line search took 1.90 ms
    Update system took 0.57 ms
    Assemble system took 1.57 ms
    Global solve took 8.57 ms
    Local solve took 0.16 ms
    Line search took 1.91 ms
    Update system took 0.61 ms
    Assemble system took 1.58 ms
    Global solve took 7.89 ms
    Local solve took 0.11 ms
    Line search took 5.85 ms
Step and readback took 266.96 ms
    Update system took 0.46 ms
    Assemble system took 1.64 ms
    Global solve took 14.48 ms
    Local solve took 0.06 ms
    Line search took 9.30 ms
    Update system took 0.56 ms
    Assemble system took 1.64 ms
    Global solve took 14.74 ms
    Local solve took 0.05 ms
    Line search took 11.66 ms
    Update system took 0.62 ms
    Assemble system took 1.57 ms
    Global solve took 15.06 ms
    Local solve took 0.08 ms
    Line search took 11.60 ms
    Update system took 0.61 ms
    Assemble system took 1.58 ms
    Global solve took 15.11 ms
    Local solve took 0.05 ms
    Line search took 7.02 ms
    Update system took 0.46 ms
    Assemble system took 1.54 ms
    Global solve took 15.40 ms
    Local solve took 0.05 ms
    Line search took 5.12 ms
    Update system took 0.50 ms
    Assemble system took 1.52 ms
    Global solve took 7.56 ms
    Local solve took 0.08 ms
    Line search took 1.86 ms
    Update system took 0.64 ms
    Assemble system took 1.58 ms
    Global solve took 7.45 ms
    Local solve took 0.14 ms
    Line search took 2.20 ms
    Update system took 0.73 ms
    Assemble system took 1.81 ms
    Global solve took 7.93 ms
    Local solve took 0.09 ms
    Line search took 2.05 ms
    Update system took 0.72 ms
    Assemble system took 1.83 ms
    Global solve took 9.02 ms
    Local solve took 0.10 ms
    Line search took 2.53 ms
    Update system took 0.62 ms
    Assemble system took 1.66 ms
    Global solve took 9.10 ms
    Local solve took 0.16 ms
    Line search took 1.94 ms
    Update system took 0.63 ms
    Assemble system took 1.64 ms
    Global solve took 17.08 ms
    Local solve took 0.11 ms
    Line search took 6.82 ms
    Update system took 0.69 ms
    Assemble system took 1.64 ms
    Global solve took 18.29 ms
    Local solve took 0.07 ms
    Line search took 4.61 ms
Step and readback took 279.17 ms
    Update system took 0.51 ms
    Assemble system took 1.70 ms
    Global solve took 15.86 ms
    Local solve took 0.17 ms
    Line search took 8.97 ms
    Update system took 0.99 ms
    Assemble system took 2.04 ms
    Global solve took 13.68 ms
    Local solve took 0.06 ms
    Line search took 13.87 ms
    Update system took 0.55 ms
    Assemble system took 1.58 ms
    Global solve took 14.61 ms
    Local solve took 0.15 ms
    Line search took 11.89 ms
    Update system took 0.61 ms
    Assemble system took 1.70 ms
    Global solve took 7.46 ms
    Local solve took 0.13 ms
    Line search took 2.28 ms
    Update system took 0.83 ms
    Assemble system took 2.02 ms
    Global solve took 8.62 ms
    Local solve took 0.09 ms
    Line search took 2.06 ms
    Update system took 0.65 ms
    Assemble system took 1.77 ms
    Global solve took 8.47 ms
    Local solve took 0.11 ms
    Line search took 2.51 ms
    Update system took 0.61 ms
    Assemble system took 1.71 ms
    Global solve took 8.32 ms
    Local solve took 0.11 ms
    Line search took 1.93 ms
    Update system took 0.64 ms
    Assemble system took 1.72 ms
    Global solve took 8.30 ms
    Local solve took 0.10 ms
    Line search took 1.95 ms
    Update system took 0.60 ms
    Assemble system took 1.57 ms
    Global solve took 16.23 ms
    Local solve took 0.09 ms
    Line search took 6.93 ms
    Update system took 0.77 ms
    Assemble system took 1.67 ms
    Global solve took 18.22 ms
    Local solve took 0.09 ms
    Line search took 4.53 ms
    Update system took 0.53 ms
    Assemble system took 1.57 ms
    Global solve took 18.65 ms
    Local solve took 0.05 ms
    Line search took 4.63 ms
    Update system took 0.50 ms
    Assemble system took 1.56 ms
    Global solve took 18.81 ms
    Local solve took 0.07 ms
    Line search took 6.95 ms
Step and readback took 292.85 ms
    Update system took 0.48 ms
    Assemble system took 1.62 ms
    Global solve took 12.76 ms
    Local solve took 0.09 ms
    Line search took 6.84 ms
    Update system took 0.57 ms
    Assemble system took 1.64 ms
    Global solve took 14.11 ms
    Local solve took 0.07 ms
    Line search took 2.28 ms
    Update system took 0.53 ms
    Assemble system took 1.53 ms
    Global solve took 6.74 ms
    Local solve took 0.06 ms
    Line search took 3.41 ms
    Update system took 0.55 ms
    Assemble system took 1.53 ms
    Global solve took 7.57 ms
    Local solve took 0.11 ms
    Line search took 2.09 ms
    Update system took 0.72 ms
    Assemble system took 1.85 ms
    Global solve took 8.30 ms
    Local solve took 0.10 ms
    Line search took 3.24 ms
    Update system took 0.88 ms
    Assemble system took 2.29 ms
    Global solve took 8.83 ms
    Local solve took 0.12 ms
    Line search took 3.60 ms
    Update system took 0.60 ms
    Assemble system took 1.67 ms
    Global solve took 8.32 ms
    Local solve took 0.10 ms
    Line search took 16.10 ms
    Update system took 0.61 ms
    Assemble system took 1.62 ms
    Global solve took 17.95 ms
    Local solve took 0.16 ms
    Line search took 25.31 ms
    Update system took 0.61 ms
    Assemble system took 1.68 ms
    Global solve took 18.40 ms
    Local solve took 0.06 ms
    Line search took 30.30 ms
    Update system took 2.31 ms
    Assemble system took 1.97 ms
    Global solve took 18.80 ms
    Local solve took 0.15 ms
    Line search took 23.77 ms
    Update system took 0.59 ms
    Assemble system took 1.80 ms
    Global solve took 8.98 ms
    Local solve took 0.12 ms
    Line search took 8.73 ms
    Update system took 0.61 ms
    Assemble system took 1.65 ms
    Global solve took 8.51 ms
    Local solve took 0.08 ms
    Line search took 14.26 ms
Step and readback took 343.66 ms
    Update system took 0.47 ms
    Assemble system took 1.59 ms
    Global solve took 11.54 ms
    Local solve took 0.06 ms
    Line search took 4.51 ms
    Update system took 0.52 ms
    Assemble system took 1.54 ms
    Global solve took 13.27 ms
    Local solve took 0.07 ms
    Line search took 4.57 ms
    Update system took 0.54 ms
    Assemble system took 1.62 ms
    Global solve took 10.97 ms
    Local solve took 0.17 ms
    Line search took 6.58 ms
    Update system took 0.98 ms
    Assemble system took 2.02 ms
    Global solve took 12.11 ms
    Local solve took 0.06 ms
    Line search took 4.58 ms
    Update system took 0.49 ms
    Assemble system took 1.56 ms
    Global solve took 13.62 ms
    Local solve took 0.06 ms
    Line search took 9.24 ms
    Update system took 0.52 ms
    Assemble system took 1.58 ms
    Global solve took 13.60 ms
    Local solve took 0.07 ms
    Line search took 13.88 ms
    Update system took 0.57 ms
    Assemble system took 1.92 ms
    Global solve took 13.02 ms
    Local solve took 0.17 ms
    Line search took 3.76 ms
    Update system took 0.75 ms
    Assemble system took 1.65 ms
    Global solve took 6.00 ms
    Local solve took 0.07 ms
    Line search took 3.98 ms
    Update system took 0.51 ms
    Assemble system took 1.53 ms
    Global solve took 5.98 ms
    Local solve took 0.06 ms
    Line search took 5.86 ms
    Update system took 0.53 ms
    Assemble system took 1.54 ms
    Global solve took 5.61 ms
    Local solve took 0.08 ms
    Line search took 1.91 ms
    Update system took 0.58 ms
    Assemble system took 1.65 ms
    Global solve took 6.41 ms
    Local solve took 0.13 ms
    Line search took 2.04 ms
    Update system took 0.63 ms
    Assemble system took 1.65 ms
    Global solve took 6.74 ms
    Local solve took 0.11 ms
    Line search took 2.03 ms
Step and readback took 242.80 ms
    Update system took 0.48 ms
    Assemble system took 1.63 ms
    Global solve took 12.81 ms
    Local solve took 0.06 ms
    Line search took 4.56 ms
    Update system took 0.51 ms
    Assemble system took 1.64 ms
    Global solve took 13.55 ms
    Local solve took 0.06 ms
    Line search took 4.61 ms
    Update system took 0.53 ms
    Assemble system took 1.56 ms
    Global solve took 10.73 ms
    Local solve took 0.12 ms
    Line search took 6.82 ms
    Update system took 0.81 ms
    Assemble system took 1.90 ms
    Global solve took 12.74 ms
    Local solve took 0.06 ms
    Line search took 4.61 ms
    Update system took 0.50 ms
    Assemble system took 1.63 ms
    Global solve took 14.18 ms
    Local solve took 0.06 ms
    Line search took 4.66 ms
    Update system took 0.54 ms
    Assemble system took 1.60 ms
    Global solve took 14.61 ms
    Local solve took 0.10 ms
    Line search took 1.88 ms
    Update system took 0.56 ms
    Assemble system took 1.64 ms
    Global solve took 7.38 ms
    Local solve took 0.06 ms
    Line search took 1.75 ms
    Update system took 0.49 ms
    Assemble system took 1.48 ms
    Global solve took 7.89 ms
    Local solve took 0.13 ms
    Line search took 1.99 ms
    Update system took 0.61 ms
    Assemble system took 2.20 ms
    Global solve took 8.14 ms
    Local solve took 0.13 ms
    Line search took 2.16 ms
    Update system took 0.61 ms
    Assemble system took 1.68 ms
    Global solve took 7.69 ms
    Local solve took 0.10 ms
    Line search took 2.67 ms
    Update system took 0.94 ms
    Assemble system took 2.31 ms
    Global solve took 8.11 ms
    Local solve took 0.11 ms
    Line search took 1.93 ms
    Update system took 0.57 ms
    Assemble system took 1.59 ms
    Global solve took 14.65 ms
    Local solve took 0.07 ms
    Line search took 4.56 ms
Step and readback took 241.85 ms
    Update system took 0.47 ms
    Assemble system took 1.67 ms
    Global solve took 18.68 ms
    Local solve took 0.07 ms
    Line search took 11.70 ms
    Update system took 0.52 ms
    Assemble system took 1.55 ms
    Global solve took 19.63 ms
    Local solve took 0.06 ms
    Line search took 14.50 ms
    Update system took 0.90 ms
    Assemble system took 1.98 ms
    Global solve took 18.31 ms
    Local solve took 0.15 ms
    Line search took 6.66 ms
    Update system took 0.58 ms
    Assemble system took 1.62 ms
    Global solve took 18.70 ms
    Local solve took 0.06 ms
    Line search took 4.70 ms
    Update system took 0.51 ms
    Assemble system took 1.54 ms
    Global solve took 10.25 ms
    Local solve took 0.10 ms
    Line search took 1.79 ms
    Update system took 0.57 ms
    Assemble system took 1.61 ms
    Global solve took 9.96 ms
    Local solve took 0.10 ms
    Line search took 1.82 ms
    Update system took 0.55 ms
    Assemble system took 1.67 ms
    Global solve took 9.33 ms
    Local solve took 0.09 ms
    Line search took 1.95 ms
    Update system took 0.60 ms
    Assemble system took 1.67 ms
    Global solve took 9.28 ms
    Local solve took 0.20 ms
    Line search took 2.91 ms
    Update system took 1.07 ms
    Assemble system took 2.44 ms
    Global solve took 9.48 ms
    Local solve took 0.10 ms
    Line search took 4.54 ms
    Update system took 0.58 ms
    Assemble system took 1.57 ms
    Global solve took 18.63 ms
    Local solve took 0.06 ms
    Line search took 4.63 ms
    Update system took 0.52 ms
    Assemble system took 1.53 ms
    Global solve took 18.91 ms
    Local solve took 0.14 ms
    Line search took 6.73 ms
    Update system took 0.60 ms
    Assemble system took 1.76 ms
    Global solve took 18.44 ms
    Local solve took 0.08 ms
    Line search took 4.58 ms
Step and readback took 308.64 ms
    Update system took 0.47 ms
    Assemble system took 1.64 ms
    Global solve took 19.60 ms
    Local solve took 0.13 ms
    Line search took 9.00 ms
    Update system took 0.72 ms
    Assemble system took 1.91 ms
    Global solve took 18.36 ms
    Local solve took 0.13 ms
    Line search took 2.52 ms
    Update system took 0.80 ms
    Assemble system took 2.11 ms
    Global solve took 9.25 ms
    Local solve took 0.09 ms
    Line search took 1.90 ms
    Update system took 0.57 ms
    Assemble system took 1.63 ms
    Global solve took 9.66 ms
    Local solve took 0.16 ms
    Line search took 2.00 ms
    Update system took 0.72 ms
    Assemble system took 1.73 ms
    Global solve took 8.97 ms
    Local solve took 0.19 ms
    Line search took 2.64 ms
    Update system took 0.94 ms
    Assemble system took 1.87 ms
    Global solve took 8.68 ms
    Local solve took 0.15 ms
    Line search took 2.06 ms
    Update system took 0.65 ms
    Assemble system took 1.86 ms
    Global solve took 11.11 ms
    Local solve took 0.09 ms
    Line search took 4.50 ms
    Update system took 0.64 ms
    Assemble system took 1.66 ms
    Global solve took 18.10 ms
    Local solve took 0.06 ms
    Line search took 4.60 ms
    Update system took 0.50 ms
    Assemble system took 1.58 ms
    Global solve took 18.80 ms
    Local solve took 0.08 ms
    Line search took 4.55 ms
    Update system took 0.59 ms
    Assemble system took 1.55 ms
    Global solve took 18.90 ms
    Local solve took 0.10 ms
    Line search took 4.53 ms
    Update system took 0.57 ms
    Assemble system took 1.63 ms
    Global solve took 18.68 ms
    Local solve took 0.06 ms
    Line search took 4.62 ms
    Update system took 0.54 ms
    Assemble system took 1.60 ms
    Global solve took 18.96 ms
    Local solve took 0.19 ms
    Line search took 6.54 ms
Step and readback took 292.27 ms
    Update system took 0.48 ms
    Assemble system took 1.68 ms
    Global solve took 8.71 ms
    Local solve took 0.07 ms
    Line search took 1.84 ms
    Update system took 0.50 ms
    Assemble system took 1.57 ms
    Global solve took 8.44 ms
    Local solve took 0.11 ms
    Line search took 1.91 ms
    Update system took 0.59 ms
    Assemble system took 1.66 ms
    Global solve took 8.50 ms
    Local solve took 0.23 ms
    Line search took 2.45 ms
    Update system took 1.02 ms
    Assemble system took 2.32 ms
    Global solve took 8.80 ms
    Local solve took 0.25 ms
    Line search took 2.75 ms
    Update system took 0.64 ms
    Assemble system took 1.68 ms
    Global solve took 8.01 ms
    Local solve took 0.10 ms
    Line search took 1.96 ms
    Update system took 0.61 ms
    Assemble system took 1.67 ms
    Global solve took 15.76 ms
    Local solve took 0.15 ms
    Line search took 6.68 ms
    Update system took 0.89 ms
    Assemble system took 2.04 ms
    Global solve took 17.10 ms
    Local solve took 0.06 ms
    Line search took 4.67 ms
    Update system took 0.60 ms
    Assemble system took 3.26 ms
    Global solve took 16.46 ms
    Local solve took 0.09 ms
    Line search took 4.54 ms
    Update system took 0.72 ms
    Assemble system took 1.91 ms
    Global solve took 17.60 ms
    Local solve took 0.10 ms
    Line search took 4.51 ms
    Update system took 0.60 ms
    Assemble system took 1.61 ms
    Global solve took 18.04 ms
    Local solve took 0.09 ms
    Line search took 6.81 ms
    Update system took 0.53 ms
    Assemble system took 1.68 ms
    Global solve took 18.10 ms
    Local solve took 0.13 ms
    Line search took 6.66 ms
    Update system took 0.98 ms
    Assemble system took 1.98 ms
    Global solve took 17.14 ms
    Local solve took 0.06 ms
    Line search took 4.64 ms
Step and readback took 278.64 ms
    Update system took 0.51 ms
    Assemble system took 1.67 ms
    Global solve took 8.12 ms
    Local solve took 0.12 ms
    Line search took 2.02 ms
    Update system took 0.59 ms
    Assemble system took 2.06 ms
    Global solve took 7.94 ms
    Local solve took 0.32 ms
    Line search took 2.35 ms
    Update system took 0.70 ms
    Assemble system took 1.75 ms
    Global solve took 7.75 ms
    Local solve took 0.11 ms
    Line search took 1.92 ms
    Update system took 0.59 ms
    Assemble system took 1.58 ms
    Global solve took 16.08 ms
    Local solve took 0.10 ms
    Line search took 4.49 ms
    Update system took 0.59 ms
    Assemble system took 1.66 ms
    Global solve took 17.90 ms
    Local solve took 0.06 ms
    Line search took 4.58 ms
    Update system took 0.49 ms
    Assemble system took 1.50 ms
    Global solve took 19.03 ms
    Local solve took 0.22 ms
    Line search took 6.46 ms
    Update system took 0.64 ms
    Assemble system took 1.71 ms
    Global solve took 18.27 ms
    Local solve took 0.09 ms
    Line search took 4.55 ms
    Update system took 0.57 ms
    Assemble system took 1.64 ms
    Global solve took 18.37 ms
    Local solve took 0.06 ms
    Line search took 4.61 ms
    Update system took 0.51 ms
    Assemble system took 1.51 ms
    Global solve took 18.64 ms
    Local solve took 0.10 ms
    Line search took 4.53 ms
    Update system took 0.88 ms
    Assemble system took 1.98 ms
    Global solve took 17.58 ms
    Local solve took 0.06 ms
    Line search took 4.59 ms
    Update system took 0.51 ms
    Assemble system took 1.58 ms
    Global solve took 16.51 ms
    Local solve took 0.08 ms
    Line search took 1.82 ms
    Update system took 0.53 ms
    Assemble system took 1.54 ms
    Global solve took 8.55 ms
    Local solve took 0.08 ms
    Line search took 1.85 ms
Step and readback took 280.43 ms
    Update system took 0.52 ms
    Assemble system took 1.66 ms
    Global solve took 8.48 ms
    Local solve took 0.16 ms
    Line search took 3.11 ms
    Update system took 0.63 ms
    Assemble system took 1.64 ms
    Global solve took 15.23 ms
    Local solve took 0.09 ms
    Line search took 11.35 ms
    Update system took 0.61 ms
    Assemble system took 1.71 ms
    Global solve took 14.73 ms
    Local solve took 0.07 ms
    Line search took 4.87 ms
    Update system took 1.01 ms
    Assemble system took 1.57 ms
    Global solve took 17.19 ms
    Local solve took 0.11 ms
    Line search took 4.46 ms
    Update system took 0.59 ms
    Assemble system took 1.65 ms
    Global solve took 17.80 ms
    Local solve took 0.10 ms
    Line search took 5.00 ms
    Update system took 0.91 ms
    Assemble system took 2.01 ms
    Global solve took 16.97 ms
    Local solve took 0.06 ms
    Line search took 4.58 ms
    Update system took 0.53 ms
    Assemble system took 1.53 ms
    Global solve took 18.02 ms
    Local solve took 0.10 ms
    Line search took 4.47 ms
    Update system took 0.78 ms
    Assemble system took 1.88 ms
    Global solve took 17.38 ms
    Local solve took 0.07 ms
    Line search took 2.76 ms
    Update system took 0.54 ms
    Assemble system took 1.62 ms
    Global solve took 8.05 ms
    Local solve took 0.07 ms
    Line search took 1.77 ms
    Update system took 0.52 ms
    Assemble system took 1.50 ms
    Global solve took 8.11 ms
    Local solve took 0.09 ms
    Line search took 1.89 ms
    Update system took 0.56 ms
    Assemble system took 1.57 ms
    Global solve took 8.63 ms
    Local solve took 0.10 ms
    Line search took 2.01 ms
    Update system took 0.60 ms
    Assemble system took 1.68 ms
    Global solve took 9.38 ms
    Local solve took 0.38 ms
    Line search took 2.96 ms
Step and readback took 271.60 ms
    Update system took 0.49 ms
    Assemble system took 1.69 ms
    Global solve took 15.35 ms
    Local solve took 0.06 ms
    Line search took 4.61 ms
    Update system took 0.52 ms
    Assemble system took 1.62 ms
    Global solve took 18.57 ms
    Local solve took 0.09 ms
    Line search took 6.92 ms
    Update system took 0.75 ms
    Assemble system took 1.84 ms
    Global solve took 18.29 ms
    Local solve took 0.08 ms
    Line search took 4.56 ms
    Update system took 0.54 ms
    Assemble system took 1.53 ms
    Global solve took 18.95 ms
    Local solve took 0.06 ms
    Line search took 4.67 ms
    Update system took 0.49 ms
    Assemble system took 1.51 ms
    Global solve took 18.93 ms
    Local solve took 0.07 ms
    Line search took 4.59 ms
    Update system took 2.04 ms
    Assemble system took 1.58 ms
    Global solve took 17.23 ms
    Local solve took 0.06 ms
    Line search took 4.65 ms
    Update system took 0.65 ms
    Assemble system took 1.76 ms
    Global solve took 13.05 ms
    Local solve took 0.07 ms
    Line search took 1.75 ms
    Update system took 0.52 ms
    Assemble system took 1.55 ms
    Global solve took 8.74 ms
    Local solve took 0.06 ms
    Line search took 1.76 ms
    Update system took 0.57 ms
    Assemble system took 1.65 ms
    Global solve took 8.70 ms
    Local solve took 0.07 ms
    Line search took 1.76 ms
    Update system took 0.54 ms
    Assemble system took 1.64 ms
    Global solve took 8.57 ms
    Local solve took 0.11 ms
    Line search took 1.99 ms
    Update system took 0.64 ms
    Assemble system took 1.64 ms
    Global solve took 9.27 ms
    Local solve took 0.18 ms
    Line search took 2.65 ms
    Update system took 1.15 ms
    Assemble system took 2.15 ms
    Global solve took 15.72 ms
    Local solve took 0.07 ms
    Line search took 4.56 ms
Step and readback took 278.76 ms
    Update system took 0.47 ms
    Assemble system took 1.71 ms
    Global solve took 19.30 ms
    Local solve took 0.14 ms
    Line search took 6.67 ms
    Update system took 0.60 ms
    Assemble system took 1.99 ms
    Global solve took 18.32 ms
    Local solve took 0.06 ms
    Line search took 4.65 ms
    Update system took 0.50 ms
    Assemble system took 1.56 ms
    Global solve took 18.80 ms
    Local solve took 0.06 ms
    Line search took 4.61 ms
    Update system took 0.49 ms
    Assemble system took 1.56 ms
    Global solve took 19.19 ms
    Local solve took 0.45 ms
    Line search took 6.06 ms
    Update system took 0.61 ms
    Assemble system took 1.60 ms
    Global solve took 16.03 ms
    Local solve took 0.08 ms
    Line search took 1.79 ms
    Update system took 0.53 ms
    Assemble system took 1.61 ms
    Global solve took 8.79 ms
    Local solve took 0.09 ms
    Line search took 1.94 ms
    Update system took 0.57 ms
    Assemble system took 1.59 ms
    Global solve took 8.73 ms
    Local solve took 0.07 ms
    Line search took 1.80 ms
    Update system took 0.59 ms
    Assemble system took 1.70 ms
    Global solve took 8.90 ms
    Local solve took 0.52 ms
    Line search took 3.05 ms
    Update system took 1.10 ms
    Assemble system took 2.40 ms
    Global solve took 9.16 ms
    Local solve took 0.22 ms
    Line search took 2.98 ms
    Update system took 0.70 ms
    Assemble system took 1.67 ms
    Global solve took 13.86 ms
    Local solve took 0.21 ms
    Line search took 4.31 ms
    Update system took 0.64 ms
    Assemble system took 1.79 ms
    Global solve took 18.11 ms
    Local solve took 0.09 ms
    Line search took 6.88 ms
    Update system took 0.54 ms
    Assemble system took 1.54 ms
    Global solve took 18.70 ms
    Local solve took 0.06 ms
    Line search took 4.59 ms
Step and readback took 296.17 ms
    Update system took 0.48 ms
    Assemble system took 1.61 ms
    Global solve took 18.45 ms
    Local solve took 0.06 ms
    Line search took 4.61 ms
    Update system took 0.51 ms
    Assemble system took 1.60 ms
    Global solve took 18.80 ms
    Local solve took 0.09 ms
    Line search took 4.55 ms
    Update system took 0.61 ms
    Assemble system took 1.57 ms
    Global solve took 15.58 ms
    Local solve took 0.11 ms
    Line search took 2.15 ms
    Update system took 0.70 ms
    Assemble system took 1.85 ms
    Global solve took 8.88 ms
    Local solve took 0.06 ms
    Line search took 1.73 ms
    Update system took 0.49 ms
    Assemble system took 1.54 ms
    Global solve took 8.74 ms
    Local solve took 0.07 ms
    Line search took 1.74 ms
    Update system took 0.50 ms
    Assemble system took 1.50 ms
    Global solve took 8.61 ms
    Local solve took 0.11 ms
    Line search took 1.95 ms
    Update system took 0.63 ms
    Assemble system took 1.72 ms
    Global solve took 8.70 ms
    Local solve took 0.13 ms
    Line search took 2.14 ms
    Update system took 2.18 ms
    Assemble system took 2.11 ms
    Global solve took 11.49 ms
    Local solve took 0.07 ms
    Line search took 4.53 ms
    Update system took 0.55 ms
    Assemble system took 1.54 ms
    Global solve took 18.30 ms
    Local solve took 0.08 ms
    Line search took 4.62 ms
    Update system took 0.60 ms
    Assemble system took 1.59 ms
    Global solve took 18.64 ms
    Local solve took 0.07 ms
    Line search took 4.56 ms
    Update system took 0.55 ms
    Assemble system took 1.66 ms
    Global solve took 18.92 ms
    Local solve took 0.13 ms
    Line search took 4.46 ms
    Update system took 0.58 ms
    Assemble system took 1.61 ms
    Global solve took 18.78 ms
    Local solve took 0.09 ms
    Line search took 4.58 ms
Step and readback took 277.79 ms
    Update system took 0.50 ms
    Assemble system took 1.60 ms
    Global solve took 17.28 ms
    Local solve took 0.16 ms
    Line search took 6.67 ms
    Update system took 0.89 ms
    Assemble system took 1.82 ms
    Global solve took 9.27 ms
    Local solve took 0.07 ms
    Line search took 1.81 ms
    Update system took 0.54 ms
    Assemble system took 1.56 ms
    Global solve took 8.81 ms
    Local solve took 0.07 ms
    Line search took 1.76 ms
    Update system took 0.50 ms
    Assemble system took 1.53 ms
    Global solve took 8.78 ms
    Local solve took 0.07 ms
    Line search took 1.81 ms
    Update system took 0.56 ms
    Assemble system took 1.65 ms
    Global solve took 8.81 ms
    Local solve took 0.12 ms
    Line search took 1.96 ms
    Update system took 0.65 ms
    Assemble system took 1.76 ms
    Global solve took 8.71 ms
    Local solve took 0.11 ms
    Line search took 1.95 ms
    Update system took 0.60 ms
    Assemble system took 1.58 ms
    Global solve took 16.60 ms
    Local solve took 0.08 ms
    Line search took 4.55 ms
    Update system took 0.55 ms
    Assemble system took 1.66 ms
    Global solve took 18.11 ms
    Local solve took 0.10 ms
    Line search took 4.53 ms
    Update system took 0.58 ms
    Assemble system took 1.62 ms
    Global solve took 17.99 ms
    Local solve took 0.07 ms
    Line search took 4.58 ms
    Update system took 0.54 ms
    Assemble system took 1.60 ms
    Global solve took 18.17 ms
    Local solve took 0.17 ms
    Line search took 4.77 ms
    Update system took 0.89 ms
    Assemble system took 1.65 ms
    Global solve took 17.71 ms
    Local solve took 0.07 ms
    Line search took 6.87 ms
    Update system took 0.52 ms
    Assemble system took 1.61 ms
    Global solve took 18.22 ms
    Local solve took 0.06 ms
    Line search took 6.91 ms
Step and readback took 279.42 ms
    Update system took 0.73 ms
    Assemble system took 2.15 ms
    Global solve took 8.47 ms
    Local solve took 0.07 ms
    Line search took 1.84 ms
    Update system took 0.54 ms
    Assemble system took 1.56 ms
    Global solve took 7.85 ms
    Local solve took 0.09 ms
    Line search took 1.99 ms
    Update system took 0.61 ms
    Assemble system took 1.66 ms
    Global solve took 7.97 ms
    Local solve took 0.12 ms
    Line search took 2.00 ms
    Update system took 0.61 ms
    Assemble system took 1.73 ms
    Global solve took 7.70 ms
    Local solve took 0.09 ms
    Line search took 4.79 ms
    Update system took 0.62 ms
    Assemble system took 1.66 ms
    Global solve took 14.97 ms
    Local solve took 0.07 ms
    Line search took 4.66 ms
    Update system took 0.56 ms
    Assemble system took 1.58 ms
    Global solve took 17.76 ms
    Local solve took 0.10 ms
    Line search took 4.45 ms
    Update system took 0.57 ms
    Assemble system took 1.63 ms
    Global solve took 17.95 ms
    Local solve took 0.10 ms
    Line search took 4.51 ms
    Update system took 0.58 ms
    Assemble system took 1.62 ms
    Global solve took 18.07 ms
    Local solve took 0.06 ms
    Line search took 4.61 ms
    Update system took 0.50 ms
    Assemble system took 1.59 ms
    Global solve took 18.30 ms
    Local solve took 0.09 ms
    Line search took 4.56 ms
    Update system took 0.83 ms
    Assemble system took 2.00 ms
    Global solve took 17.28 ms
    Local solve took 0.06 ms
    Line search took 4.59 ms
    Update system took 0.51 ms
    Assemble system took 1.59 ms
    Global solve took 18.19 ms
    Local solve took 0.06 ms
    Line search took 4.62 ms
    Update system took 0.52 ms
    Assemble system took 1.60 ms
    Global solve took 8.39 ms
    Local solve took 0.15 ms
    Line search took 4.23 ms
Step and readback took 274.74 ms
    Update system took 0.52 ms
    Assemble system took 1.68 ms
    Global solve took 9.58 ms
    Local solve took 0.12 ms
    Line search took 2.57 ms
    Update system took 0.61 ms
    Assemble system took 1.64 ms
    Global solve took 9.32 ms
    Local solve took 0.13 ms
    Line search took 7.12 ms
    Update system took 1.09 ms
    Assemble system took 1.83 ms
    Global solve took 22.56 ms
    Local solve took 0.14 ms
    Line search took 4.33 ms
    Update system took 0.78 ms
    Assemble system took 1.85 ms
    Global solve took 22.05 ms
    Local solve took 0.08 ms
    Line search took 4.69 ms
    Update system took 0.53 ms
    Assemble system took 1.60 ms
    Global solve took 23.20 ms
    Local solve took 0.05 ms
    Line search took 4.74 ms
    Update system took 0.47 ms
    Assemble system took 1.45 ms
    Global solve took 23.81 ms
    Local solve took 0.29 ms
    Line search took 6.57 ms
    Update system took 0.74 ms
    Assemble system took 1.68 ms
    Global solve took 22.93 ms
    Local solve took 0.07 ms
    Line search took 4.75 ms
    Update system took 0.56 ms
    Assemble system took 1.54 ms
    Global solve took 22.26 ms
    Local solve took 0.07 ms
    Line search took 5.00 ms
    Update system took 1.62 ms
    Assemble system took 1.84 ms
    Global solve took 15.30 ms
    Local solve took 0.13 ms
    Line search took 2.37 ms
    Update system took 0.69 ms
    Assemble system took 1.53 ms
    Global solve took 6.85 ms
    Local solve took 0.06 ms
    Line search took 1.76 ms
    Update system took 0.49 ms
    Assemble system took 1.49 ms
    Global solve took 6.65 ms
    Local solve took 0.06 ms
    Line search took 1.74 ms
    Update system took 0.47 ms
    Assemble system took 1.46 ms
    Global solve took 6.60 ms
    Local solve took 0.06 ms
    Line search took 1.70 ms
Step and readback took 299.45 ms
    Update system took 1.82 ms
    Assemble system took 1.56 ms
    Global solve took 12.49 ms
    Local solve took 0.07 ms
    Line search took 4.53 ms
    Update system took 0.49 ms
    Assemble system took 1.49 ms
    Global solve took 14.37 ms
    Local solve took 0.05 ms
    Line search took 4.57 ms
    Update system took 0.56 ms
    Assemble system took 1.62 ms
    Global solve took 14.03 ms
    Local solve took 0.05 ms
    Line search took 4.55 ms
    Update system took 0.49 ms
    Assemble system took 1.51 ms
    Global solve took 15.02 ms
    Local solve took 0.06 ms
    Line search took 5.04 ms
    Update system took 1.15 ms
    Assemble system took 1.58 ms
    Global solve took 16.80 ms
    Local solve took 0.14 ms
    Line search took 4.45 ms
    Update system took 0.60 ms
    Assemble system took 1.60 ms
    Global solve took 17.84 ms
    Local solve took 0.07 ms
    Line search took 4.59 ms
    Update system took 0.49 ms
    Assemble system took 1.55 ms
    Global solve took 18.11 ms
    Local solve took 0.05 ms
    Line search took 6.93 ms
    Update system took 0.49 ms
    Assemble system took 1.59 ms
    Global solve took 15.38 ms
    Local solve took 0.21 ms
    Line search took 2.39 ms
    Update system took 0.93 ms
    Assemble system took 1.91 ms
    Global solve took 8.30 ms
    Local solve took 0.11 ms
    Line search took 1.84 ms
    Update system took 0.50 ms
    Assemble system took 1.48 ms
    Global solve took 7.87 ms
    Local solve took 0.07 ms
    Line search took 1.76 ms
    Update system took 0.52 ms
    Assemble system took 1.47 ms
    Global solve took 7.67 ms
    Local solve took 0.09 ms
    Line search took 1.90 ms
    Update system took 0.58 ms
    Assemble system took 1.55 ms
    Global solve took 7.75 ms
    Local solve took 0.13 ms
    Line search took 2.00 ms
Step and readback took 263.22 ms
    Update system took 0.48 ms
    Assemble system took 1.57 ms
    Global solve took 16.32 ms
    Local solve took 0.06 ms
    Line search took 4.63 ms
    Update system took 0.47 ms
    Assemble system took 1.52 ms
    Global solve took 23.97 ms
    Local solve took 0.11 ms
    Line search took 4.62 ms
    Update system took 0.54 ms
    Assemble system took 1.51 ms
    Global solve took 23.99 ms
    Local solve took 0.14 ms
    Line search took 4.64 ms
    Update system took 0.75 ms
    Assemble system took 1.86 ms
    Global solve took 23.42 ms
    Local solve took 0.17 ms
    Line search took 4.52 ms
    Update system took 0.60 ms
    Assemble system took 1.60 ms
    Global solve took 23.74 ms
    Local solve took 0.05 ms
    Line search took 4.78 ms
    Update system took 0.49 ms
    Assemble system took 1.52 ms
    Global solve took 24.04 ms
    Local solve took 0.22 ms
    Line search took 6.61 ms
    Update system took 0.59 ms
    Assemble system took 1.59 ms
    Global solve took 23.64 ms
    Local solve took 0.06 ms
    Line search took 4.79 ms
    Update system took 0.53 ms
    Assemble system took 1.55 ms
    Global solve took 11.62 ms
    Local solve took 0.07 ms
    Line search took 1.77 ms
    Update system took 0.51 ms
    Assemble system took 1.58 ms
    Global solve took 10.60 ms
    Local solve took 0.12 ms
    Line search took 3.86 ms
    Update system took 0.61 ms
    Assemble system took 1.55 ms
    Global solve took 10.18 ms
    Local solve took 0.20 ms
    Line search took 2.17 ms
    Update system took 0.60 ms
    Assemble system took 1.58 ms
    Global solve took 10.70 ms
    Local solve took 0.22 ms
    Line search took 2.42 ms
    Update system took 0.68 ms
    Assemble system took 1.98 ms
    Global solve took 10.38 ms
    Local solve took 0.09 ms
    Line search took 4.59 ms
Step and readback took 327.76 ms
    Update system took 0.62 ms
    Assemble system took 1.91 ms
    Global solve took 21.63 ms
    Local solve took 0.08 ms
    Line search took 4.65 ms
    Update system took 0.51 ms
    Assemble system took 1.50 ms
    Global solve took 22.58 ms
    Local solve took 0.05 ms
    Line search took 4.75 ms
    Update system took 0.46 ms
    Assemble system took 1.48 ms
    Global solve took 22.72 ms
    Local solve took 0.18 ms
    Line search took 4.41 ms
    Update system took 0.63 ms
    Assemble system took 1.55 ms
    Global solve took 18.34 ms
    Local solve took 0.07 ms
    Line search took 4.58 ms
    Update system took 0.54 ms
    Assemble system took 1.57 ms
    Global solve took 14.80 ms
    Local solve took 0.07 ms
    Line search took 4.53 ms
    Update system took 0.61 ms
    Assemble system took 1.57 ms
    Global solve took 14.38 ms
    Local solve took 0.15 ms
    Line search took 2.35 ms
    Update system took 0.90 ms
    Assemble system took 1.91 ms
    Global solve took 7.23 ms
    Local solve took 0.08 ms
    Line search took 1.85 ms
    Update system took 0.52 ms
    Assemble system took 1.51 ms
    Global solve took 6.94 ms
    Local solve took 0.06 ms
    Line search took 1.72 ms
    Update system took 0.48 ms
    Assemble system took 1.47 ms
    Global solve took 6.87 ms
    Local solve took 0.07 ms
    Line search took 1.76 ms
    Update system took 0.53 ms
    Assemble system took 1.60 ms
    Global solve took 7.04 ms
    Local solve took 0.13 ms
    Line search took 2.15 ms
    Update system took 0.65 ms
    Assemble system took 1.66 ms
    Global solve took 7.05 ms
    Local solve took 0.11 ms
    Line search took 1.94 ms
    Update system took 0.61 ms
    Assemble system took 1.64 ms
    Global solve took 11.57 ms
    Local solve took 0.06 ms
    Line search took 4.52 ms
Step and readback took 263.74 ms
    Update system took 0.48 ms
    Assemble system took 1.66 ms
    Global solve took 14.22 ms
    Local solve took 0.06 ms
    Line search took 4.54 ms
    Update system took 0.50 ms
    Assemble system took 1.52 ms
    Global solve took 14.30 ms
    Local solve took 0.08 ms
    Line search took 4.53 ms
    Update system took 0.52 ms
    Assemble system took 1.57 ms
    Global solve took 14.39 ms
    Local solve took 0.19 ms
    Line search took 6.49 ms
    Update system took 0.80 ms
    Assemble system took 1.97 ms
    Global solve took 17.87 ms
    Local solve took 0.06 ms
    Line search took 4.60 ms
    Update system took 0.52 ms
    Assemble system took 1.60 ms
    Global solve took 9.94 ms
    Local solve took 0.08 ms
    Line search took 1.93 ms
    Update system took 0.56 ms
    Assemble system took 1.65 ms
    Global solve took 8.10 ms
    Local solve took 0.06 ms
    Line search took 1.83 ms
    Update system took 0.52 ms
    Assemble system took 1.50 ms
    Global solve took 8.05 ms
    Local solve took 0.09 ms
    Line search took 1.84 ms
    Update system took 0.58 ms
    Assemble system took 1.65 ms
    Global solve took 8.01 ms
    Local solve took 0.14 ms
    Line search took 2.29 ms
    Update system took 0.99 ms
    Assemble system took 2.38 ms
    Global solve took 8.47 ms
    Local solve took 0.13 ms
    Line search took 2.03 ms
    Update system took 0.65 ms
    Assemble system took 1.73 ms
    Global solve took 10.14 ms
    Local solve took 0.07 ms
    Line search took 4.50 ms
    Update system took 0.55 ms
    Assemble system took 1.62 ms
    Global solve took 14.72 ms
    Local solve took 0.08 ms
    Line search took 4.54 ms
    Update system took 0.54 ms
    Assemble system took 1.61 ms
    Global solve took 14.96 ms
    Local solve took 0.06 ms
    Line search took 4.58 ms
Step and readback took 251.19 ms
    Update system took 0.47 ms
    Assemble system took 1.56 ms
    Global solve took 21.02 ms
    Local solve took 0.10 ms
    Line search took 7.47 ms
    Update system took 0.85 ms
    Assemble system took 1.91 ms
    Global solve took 21.70 ms
    Local solve took 0.08 ms
    Line search took 4.76 ms
    Update system took 0.81 ms
    Assemble system took 1.91 ms
    Global solve took 21.45 ms
    Local solve took 0.06 ms
    Line search took 4.68 ms
    Update system took 0.54 ms
    Assemble system took 1.57 ms
    Global solve took 12.17 ms
    Local solve took 0.08 ms
    Line search took 1.79 ms
    Update system took 0.55 ms
    Assemble system took 1.56 ms
    Global solve took 9.57 ms
    Local solve took 0.06 ms
    Line search took 1.74 ms
    Update system took 0.49 ms
    Assemble system took 1.52 ms
    Global solve took 9.57 ms
    Local solve took 0.10 ms
    Line search took 1.96 ms
    Update system took 0.59 ms
    Assemble system took 1.66 ms
    Global solve took 9.98 ms
    Local solve took 0.21 ms
    Line search took 3.75 ms
    Update system took 0.98 ms
    Assemble system took 1.99 ms
    Global solve took 9.61 ms
    Local solve took 0.18 ms
    Line search took 9.65 ms
    Update system took 0.59 ms
    Assemble system took 1.55 ms
    Global solve took 19.23 ms
    Local solve took 0.09 ms
    Line search took 9.25 ms
    Update system took 0.61 ms
    Assemble system took 1.67 ms
    Global solve took 19.05 ms
    Local solve took 0.08 ms
    Line search took 9.35 ms
    Update system took 0.80 ms
    Assemble system took 1.83 ms
    Global solve took 18.06 ms
    Local solve took 0.06 ms
    Line search took 4.66 ms
    Update system took 0.54 ms
    Assemble system took 1.58 ms
    Global solve took 18.45 ms
    Local solve took 0.08 ms
    Line search took 4.59 ms
Step and readback took 321.24 ms
    Update system took 0.50 ms
    Assemble system took 1.63 ms
    Global solve took 18.20 ms
    Local solve took 0.15 ms
    Line search took 6.67 ms
    Update system took 0.81 ms
    Assemble system took 2.08 ms
    Global solve took 8.78 ms
    Local solve took 0.07 ms
    Line search took 1.80 ms
    Update system took 0.53 ms
    Assemble system took 1.60 ms
    Global solve took 8.59 ms
    Local solve took 0.09 ms
    Line search took 1.85 ms
    Update system took 0.56 ms
    Assemble system took 1.55 ms
    Global solve took 8.50 ms
    Local solve took 0.08 ms
    Line search took 2.02 ms
    Update system took 0.69 ms
    Assemble system took 3.28 ms
    Global solve took 8.48 ms
    Local solve took 0.21 ms
    Line search took 2.59 ms
    Update system took 1.05 ms
    Assemble system took 2.10 ms
    Global solve took 8.23 ms
    Local solve took 0.11 ms
    Line search took 1.90 ms
    Update system took 0.54 ms
    Assemble system took 1.51 ms
    Global solve took 14.43 ms
    Local solve took 0.07 ms
    Line search took 4.52 ms
    Update system took 0.52 ms
    Assemble system took 1.59 ms
    Global solve took 15.00 ms
    Local solve took 0.07 ms
    Line search took 4.55 ms
    Update system took 0.53 ms
    Assemble system took 1.56 ms
    Global solve took 17.93 ms
    Local solve took 0.12 ms
    Line search took 4.45 ms
    Update system took 0.72 ms
    Assemble system took 1.83 ms
    Global solve took 17.45 ms
    Local solve took 0.06 ms
    Line search took 4.58 ms
    Update system took 0.50 ms
    Assemble system took 1.46 ms
    Global solve took 17.95 ms
    Local solve took 0.08 ms
    Line search took 4.58 ms
    Update system took 0.53 ms
    Assemble system took 1.56 ms
    Global solve took 17.95 ms
    Local solve took 0.08 ms
    Line search took 4.74 ms
Step and readback took 268.76 ms
    Update system took 0.45 ms
    Assemble system took 1.53 ms
    Global solve took 10.06 ms
    Local solve took 0.08 ms
    Line search took 1.82 ms
    Update system took 0.50 ms
    Assemble system took 1.60 ms
    Global solve took 10.91 ms
    Local solve took 0.47 ms
    Line search took 1.95 ms
    Update system took 0.75 ms
    Assemble system took 1.88 ms
    Global solve took 11.01 ms
    Local solve took 0.19 ms
    Line search took 2.23 ms
    Update system took 0.81 ms
    Assemble system took 1.59 ms
    Global solve took 11.02 ms
    Local solve took 0.28 ms
    Line search took 2.63 ms
    Update system took 0.89 ms
    Assemble system took 1.91 ms
    Global solve took 17.95 ms
    Local solve took 0.08 ms
    Line search took 4.73 ms
    Update system took 0.54 ms
    Assemble system took 1.58 ms
    Global solve took 23.57 ms
    Local solve took 0.09 ms
    Line search took 4.66 ms
    Update system took 0.54 ms
    Assemble system took 1.53 ms
    Global solve took 23.70 ms
    Local solve took 0.13 ms
    Line search took 4.70 ms
    Update system took 0.76 ms
    Assemble system took 1.91 ms
    Global solve took 23.05 ms
    Local solve took 0.07 ms
    Line search took 4.71 ms
    Update system took 0.54 ms
    Assemble system took 1.58 ms
    Global solve took 23.59 ms
    Local solve took 0.06 ms
    Line search took 4.76 ms
    Update system took 0.54 ms
    Assemble system took 1.59 ms
    Global solve took 22.31 ms
    Local solve took 0.16 ms
    Line search took 4.42 ms
    Update system took 0.64 ms
    Assemble system took 1.67 ms
    Global solve took 14.90 ms
    Local solve took 0.06 ms
    Line search took 4.57 ms
    Update system took 0.51 ms
    Assemble system took 1.55 ms
    Global solve took 14.51 ms
    Local solve took 0.10 ms
    Line search took 4.52 ms
Step and readback took 316.34 ms
    Update system took 0.65 ms
    Assemble system took 2.02 ms
    Global solve took 7.02 ms
    Local solve took 0.07 ms
    Line search took 1.78 ms
    Update system took 0.52 ms
    Assemble system took 1.64 ms
    Global solve took 6.99 ms
    Local solve took 0.10 ms
    Line search took 1.94 ms
    Update system took 0.61 ms
    Assemble system took 1.68 ms
    Global solve took 7.08 ms
    Local solve took 0.10 ms
    Line search took 1.98 ms
    Update system took 0.64 ms
    Assemble system took 1.64 ms
    Global solve took 9.38 ms
    Local solve took 0.07 ms
    Line search took 4.51 ms
    Update system took 0.55 ms
    Assemble system took 1.76 ms
    Global solve took 13.96 ms
    Local solve took 0.10 ms
    Line search took 4.45 ms
    Update system took 0.59 ms
    Assemble system took 1.61 ms
    Global solve took 14.01 ms
    Local solve took 0.08 ms
    Line search took 4.48 ms
    Update system took 0.54 ms
    Assemble system took 1.56 ms
    Global solve took 14.15 ms
    Local solve took 0.06 ms
    Line search took 4.51 ms
    Update system took 0.49 ms
    Assemble system took 1.52 ms
    Global solve took 14.20 ms
    Local solve took 0.06 ms
    Line search took 4.57 ms
    Update system took 0.54 ms
    Assemble system took 1.66 ms
    Global solve took 14.04 ms
    Local solve took 0.10 ms
    Line search took 4.53 ms
    Update system took 0.73 ms
    Assemble system took 1.82 ms
    Global solve took 17.37 ms
    Local solve took 0.07 ms
    Line search took 4.56 ms
    Update system took 0.48 ms
    Assemble system took 1.53 ms
    Global solve took 14.96 ms
    Local solve took 0.07 ms
    Line search took 1.75 ms
    Update system took 0.50 ms
    Assemble system took 1.49 ms
    Global solve took 7.93 ms
    Local solve took 0.08 ms
    Line search took 1.81 ms
Step and readback took 244.42 ms
    Update system took 0.53 ms
    Assemble system took 1.66 ms
    Global solve took 7.66 ms
    Local solve took 0.11 ms
    Line search took 2.02 ms
    Update system took 0.67 ms
    Assemble system took 1.65 ms
    Global solve took 14.44 ms
    Local solve took 0.07 ms
    Line search took 4.54 ms
    Update system took 0.55 ms
    Assemble system took 1.57 ms
    Global solve took 14.85 ms
    Local solve took 0.06 ms
    Line search took 4.54 ms
    Update system took 0.50 ms
    Assemble system took 1.52 ms
    Global solve took 19.20 ms
    Local solve took 0.18 ms
    Line search took 5.05 ms
    Update system took 0.89 ms
    Assemble system took 2.07 ms
    Global solve took 22.73 ms
    Local solve took 0.12 ms
    Line search took 4.59 ms
    Update system took 0.73 ms
    Assemble system took 1.71 ms
    Global solve took 23.49 ms
    Local solve took 0.12 ms
    Line search took 4.53 ms
    Update system took 0.60 ms
    Assemble system took 1.79 ms
    Global solve took 23.43 ms
    Local solve took 0.09 ms
    Line search took 4.68 ms
    Update system took 0.84 ms
    Assemble system took 1.96 ms
    Global solve took 23.04 ms
    Local solve took 0.09 ms
    Line search took 4.69 ms
    Update system took 0.56 ms
    Assemble system took 1.70 ms
    Global solve took 23.55 ms
    Local solve took 0.08 ms
    Line search took 7.11 ms
    Update system took 0.78 ms
    Assemble system took 1.91 ms
    Global solve took 18.84 ms
    Local solve took 0.10 ms
    Line search took 1.93 ms
    Update system took 0.63 ms
    Assemble system took 1.63 ms
    Global solve took 10.06 ms
    Local solve took 0.06 ms
    Line search took 1.75 ms
    Update system took 0.55 ms
    Assemble system took 1.53 ms
    Global solve took 9.98 ms
    Local solve took 0.06 ms
    Line search took 1.74 ms
Step and readback took 322.12 ms
    Update system took 0.58 ms
    Assemble system took 1.94 ms
    Global solve took 17.29 ms
    Local solve took 0.06 ms
    Line search took 4.62 ms
    Update system took 0.51 ms
    Assemble system took 1.60 ms
    Global solve took 15.01 ms
    Local solve took 0.06 ms
    Line search took 4.67 ms
    Update system took 0.53 ms
    Assemble system took 1.56 ms
    Global solve took 18.08 ms
    Local solve took 0.07 ms
    Line search took 4.67 ms
    Update system took 0.50 ms
    Assemble system took 1.59 ms
    Global solve took 18.90 ms
    Local solve took 0.15 ms
    Line search took 6.73 ms
    Update system took 0.60 ms
    Assemble system took 1.59 ms
    Global solve took 18.62 ms
    Local solve took 0.07 ms
    Line search took 4.63 ms
    Update system took 0.52 ms
    Assemble system took 1.56 ms
    Global solve took 18.85 ms
    Local solve took 0.09 ms
    Line search took 4.54 ms
    Update system took 0.57 ms
    Assemble system took 1.67 ms
    Global solve took 18.49 ms
    Local solve took 0.15 ms
    Line search took 5.58 ms
    Update system took 0.65 ms
    Assemble system took 1.66 ms
    Global solve took 17.82 ms
    Local solve took 0.12 ms
    Line search took 4.37 ms
    Update system took 0.62 ms
    Assemble system took 1.70 ms
    Global solve took 8.02 ms
    Local solve took 0.08 ms
    Line search took 1.84 ms
    Update system took 0.53 ms
    Assemble system took 1.56 ms
    Global solve took 7.78 ms
    Local solve took 0.07 ms
    Line search took 1.71 ms
    Update system took 0.49 ms
    Assemble system took 1.53 ms
    Global solve took 7.73 ms
    Local solve took 0.08 ms
    Line search took 1.88 ms
    Update system took 0.60 ms
    Assemble system took 1.69 ms
    Global solve took 7.84 ms
    Local solve took 0.20 ms
    Line search took 2.82 ms
Step and readback took 285.00 ms
    Update system took 0.45 ms
    Assemble system took 1.63 ms
    Global solve took 22.14 ms
    Local solve took 0.08 ms
    Line search took 4.55 ms
    Update system took 0.56 ms
    Assemble system took 1.65 ms
    Global solve took 19.68 ms
    Local solve took 0.14 ms
    Line search took 6.71 ms
    Update system took 0.99 ms
    Assemble system took 2.32 ms
    Global solve took 17.97 ms
    Local solve took 0.07 ms
    Line search took 4.63 ms
    Update system took 0.53 ms
    Assemble system took 1.59 ms
    Global solve took 17.89 ms
    Local solve took 0.07 ms
    Line search took 4.56 ms
    Update system took 0.54 ms
    Assemble system took 1.70 ms
    Global solve took 14.52 ms
    Local solve took 0.09 ms
    Line search took 9.24 ms
    Update system took 0.56 ms
    Assemble system took 1.60 ms
    Global solve took 14.60 ms
    Local solve took 0.11 ms
    Line search took 6.79 ms
    Update system took 0.75 ms
    Assemble system took 1.82 ms
    Global solve took 8.19 ms
    Local solve took 0.07 ms
    Line search took 1.71 ms
    Update system took 0.52 ms
    Assemble system took 1.50 ms
    Global solve took 6.93 ms
    Local solve took 0.09 ms
    Line search took 1.76 ms
    Update system took 0.51 ms
    Assemble system took 1.53 ms
    Global solve took 7.06 ms
    Local solve took 0.07 ms
    Line search took 1.76 ms
    Update system took 0.54 ms
    Assemble system took 1.56 ms
    Global solve took 7.55 ms
    Local solve took 0.09 ms
    Line search took 1.97 ms
    Update system took 0.59 ms
    Assemble system took 1.64 ms
    Global solve took 8.00 ms
    Local solve took 0.12 ms
    Line search took 1.99 ms
    Update system took 0.60 ms
    Assemble system took 1.70 ms
    Global solve took 7.83 ms
    Local solve took 0.10 ms
    Line search took 1.91 ms
Step and readback took 259.34 ms
    Update system took 0.46 ms
    Assemble system took 1.67 ms
    Global solve took 18.19 ms
    Local solve took 0.06 ms
    Line search took 4.67 ms
    Update system took 0.56 ms
    Assemble system took 1.60 ms
    Global solve took 18.96 ms
    Local solve took 0.15 ms
    Line search took 11.40 ms
    Update system took 0.58 ms
    Assemble system took 1.62 ms
    Global solve took 18.85 ms
    Local solve took 0.05 ms
    Line search took 4.69 ms
    Update system took 0.51 ms
    Assemble system took 1.55 ms
    Global solve took 22.04 ms
    Local solve took 0.08 ms
    Line search took 4.61 ms
    Update system took 0.56 ms
    Assemble system took 1.56 ms
    Global solve took 18.82 ms
    Local solve took 0.15 ms
    Line search took 4.51 ms
    Update system took 0.75 ms
    Assemble system took 1.99 ms
    Global solve took 13.90 ms
    Local solve took 0.07 ms
    Line search took 1.73 ms
    Update system took 0.53 ms
    Assemble system took 1.57 ms
    Global solve took 8.19 ms
    Local solve took 0.08 ms
    Line search took 1.73 ms
    Update system took 0.49 ms
    Assemble system took 1.51 ms
    Global solve took 8.45 ms
    Local solve took 0.07 ms
    Line search took 1.76 ms
    Update system took 0.51 ms
    Assemble system took 1.52 ms
    Global solve took 9.69 ms
    Local solve took 0.23 ms
    Line search took 2.75 ms
    Update system took 1.06 ms
    Assemble system took 2.46 ms
    Global solve took 9.41 ms
    Local solve took 0.13 ms
    Line search took 3.53 ms
    Update system took 0.81 ms
    Assemble system took 1.87 ms
    Global solve took 8.36 ms
    Local solve took 0.09 ms
    Line search took 5.79 ms
    Update system took 0.69 ms
    Assemble system took 1.67 ms
    Global solve took 17.94 ms
    Local solve took 0.12 ms
    Line search took 5.71 ms
Step and readback took 289.73 ms
    Update system took 0.46 ms
    Assemble system took 1.55 ms
    Global solve took 15.85 ms
    Local solve took 0.06 ms
    Line search took 4.58 ms
    Update system took 0.50 ms
    Assemble system took 1.57 ms
    Global solve took 18.38 ms
    Local solve took 0.07 ms
    Line search took 4.61 ms
    Update system took 0.54 ms
    Assemble system took 1.58 ms
    Global solve took 18.09 ms
    Local solve took 0.14 ms
    Line search took 4.44 ms
    Update system took 0.63 ms
    Assemble system took 1.69 ms
    Global solve took 15.97 ms
    Local solve took 0.17 ms
    Line search took 4.57 ms
    Update system took 0.67 ms
    Assemble system took 1.70 ms
    Global solve took 9.89 ms
    Local solve took 0.10 ms
    Line search took 1.96 ms
    Update system took 0.58 ms
    Assemble system took 1.69 ms
    Global solve took 7.68 ms
    Local solve took 0.10 ms
    Line search took 2.65 ms
    Update system took 0.62 ms
    Assemble system took 1.77 ms
    Global solve took 7.38 ms
    Local solve took 0.08 ms
    Line search took 2.36 ms
    Update system took 0.54 ms
    Assemble system took 1.51 ms
    Global solve took 7.17 ms
    Local solve took 0.11 ms
    Line search took 2.03 ms
    Update system took 0.65 ms
    Assemble system took 1.87 ms
    Global solve took 9.71 ms
    Local solve took 0.11 ms
    Line search took 2.01 ms
    Update system took 0.63 ms
    Assemble system took 1.73 ms
    Global solve took 7.85 ms
    Local solve took 0.11 ms
    Line search took 5.39 ms
    Update system took 0.70 ms
    Assemble system took 1.69 ms
    Global solve took 18.80 ms
    Local solve took 0.22 ms
    Line search took 15.82 ms
    Update system took 1.19 ms
    Assemble system took 2.65 ms
    Global solve took 16.41 ms
    Local solve took 0.14 ms
    Line search took 11.25 ms
Step and readback took 283.79 ms
    Update system took 0.47 ms
    Assemble system took 1.64 ms
    Global solve took 22.40 ms
    Local solve took 0.10 ms
    Line search took 4.54 ms
    Update system took 0.60 ms
    Assemble system took 1.61 ms
    Global solve took 16.33 ms
    Local solve took 0.20 ms
    Line search took 2.22 ms
    Update system took 0.55 ms
    Assemble system took 1.65 ms
    Global solve took 9.56 ms
    Local solve took 0.15 ms
    Line search took 2.29 ms
    Update system took 0.62 ms
    Assemble system took 1.62 ms
    Global solve took 7.05 ms
    Local solve took 0.09 ms
    Line search took 1.86 ms
    Update system took 0.58 ms
    Assemble system took 1.52 ms
    Global solve took 7.18 ms
    Local solve took 0.10 ms
    Line search took 1.95 ms
    Update system took 0.59 ms
    Assemble system took 1.57 ms
    Global solve took 7.35 ms
    Local solve took 0.11 ms
    Line search took 1.93 ms
    Update system took 0.59 ms
    Assemble system took 1.63 ms
    Global solve took 7.68 ms
    Local solve took 0.09 ms
    Line search took 4.80 ms
    Update system took 0.56 ms
    Assemble system took 1.53 ms
    Global solve took 17.85 ms
    Local solve took 0.12 ms
    Line search took 4.39 ms
    Update system took 0.57 ms
    Assemble system took 1.63 ms
    Global solve took 18.45 ms
    Local solve took 0.12 ms
    Line search took 6.76 ms
    Update system took 0.62 ms
    Assemble system took 1.64 ms
    Global solve took 18.14 ms
    Local solve took 0.10 ms
    Line search took 4.52 ms
    Update system took 0.59 ms
    Assemble system took 1.64 ms
    Global solve took 18.81 ms
    Local solve took 0.20 ms
    Line search took 6.48 ms
    Update system took 0.94 ms
    Assemble system took 2.11 ms
    Global solve took 17.84 ms
    Local solve took 0.09 ms
    Line search took 4.55 ms
Step and readback took 276.88 ms
    Update system took 0.46 ms
    Assemble system took 1.56 ms
    Global solve took 12.21 ms
    Local solve took 0.11 ms
    Line search took 2.18 ms
    Update system took 0.85 ms
    Assemble system took 1.88 ms
    Global solve took 12.40 ms
    Local solve took 0.13 ms
    Line search took 1.99 ms
    Update system took 0.64 ms
    Assemble system took 1.69 ms
    Global solve took 9.42 ms
    Local solve took 0.11 ms
    Line search took 1.94 ms
    Update system took 0.62 ms
    Assemble system took 1.61 ms
    Global solve took 8.05 ms
    Local solve took 0.10 ms
    Line search took 1.92 ms
    Update system took 0.55 ms
    Assemble system took 1.52 ms
    Global solve took 15.51 ms
    Local solve took 0.09 ms
    Line search took 4.56 ms
    Update system took 0.64 ms
    Assemble system took 1.64 ms
    Global solve took 14.87 ms
    Local solve took 0.14 ms
    Line search took 6.85 ms
    Update system took 1.02 ms
    Assemble system took 2.06 ms
    Global solve took 17.42 ms
    Local solve took 0.12 ms
    Line search took 4.59 ms
    Update system took 0.59 ms
    Assemble system took 1.59 ms
    Global solve took 18.85 ms
    Local solve took 0.09 ms
    Line search took 4.52 ms
    Update system took 0.74 ms
    Assemble system took 1.89 ms
    Global solve took 18.43 ms
    Local solve took 0.09 ms
    Line search took 6.79 ms
    Update system took 0.58 ms
    Assemble system took 1.67 ms
    Global solve took 22.11 ms
    Local solve took 0.09 ms
    Line search took 4.58 ms
    Update system took 0.58 ms
    Assemble system took 1.63 ms
    Global solve took 22.05 ms
    Local solve took 0.09 ms
    Line search took 4.58 ms
    Update system took 0.58 ms
    Assemble system took 1.60 ms
    Global solve took 16.14 ms
    Local solve took 0.11 ms
    Line search took 3.59 ms
Step and readback took 296.56 ms
    Update system took 0.46 ms
    Assemble system took 1.63 ms
    Global solve took 10.36 ms
    Local solve took 0.15 ms
    Line search took 4.43 ms
    Update system took 0.65 ms
    Assemble system took 1.69 ms
    Global solve took 19.20 ms
    Local solve took 0.11 ms
    Line search took 4.48 ms
    Update system took 0.59 ms
    Assemble system took 1.62 ms
    Global solve took 18.88 ms
    Local solve took 0.19 ms
    Line search took 6.59 ms
    Update system took 0.90 ms
    Assemble system took 1.79 ms
    Global solve took 18.34 ms
    Local solve took 0.10 ms
    Line search took 4.59 ms
    Update system took 0.62 ms
    Assemble system took 1.75 ms
    Global solve took 18.21 ms
    Local solve took 0.12 ms
    Line search took 4.49 ms
    Update system took 0.60 ms
    Assemble system took 1.70 ms
    Global solve took 19.46 ms
    Local solve took 0.19 ms
    Line search took 6.65 ms
    Update system took 0.96 ms
    Assemble system took 2.20 ms
    Global solve took 17.81 ms
    Local solve took 0.08 ms
    Line search took 4.57 ms
    Update system took 0.55 ms
    Assemble system took 1.68 ms
    Global solve took 18.64 ms
    Local solve took 0.08 ms
    Line search took 4.55 ms
    Update system took 0.59 ms
    Assemble system took 1.64 ms
    Global solve took 10.02 ms
    Local solve took 0.10 ms
    Line search took 2.00 ms
    Update system took 0.69 ms
    Assemble system took 3.45 ms
    Global solve took 9.62 ms
    Local solve took 0.12 ms
    Line search took 2.12 ms
    Update system took 0.66 ms
    Assemble system took 1.81 ms
    Global solve took 9.12 ms
    Local solve took 0.11 ms
    Line search took 2.08 ms
    Update system took 0.67 ms
    Assemble system took 1.79 ms
    Global solve took 9.04 ms
    Local solve took 0.14 ms
    Line search took 4.60 ms
Step and readback took 297.83 ms
    Update system took 0.51 ms
    Assemble system took 1.66 ms
    Global solve took 16.29 ms
    Local solve took 0.19 ms
    Line search took 15.85 ms
    Update system took 0.60 ms
    Assemble system took 1.60 ms
    Global solve took 17.68 ms
    Local solve took 0.13 ms
    Line search took 13.71 ms
    Update system took 0.69 ms
    Assemble system took 1.87 ms
    Global solve took 17.31 ms
    Local solve took 0.15 ms
    Line search took 6.76 ms
    Update system took 0.84 ms
    Assemble system took 2.46 ms
    Global solve took 11.93 ms
    Local solve took 0.12 ms
    Line search took 2.16 ms
    Update system took 0.64 ms
    Assemble system took 1.86 ms
    Global solve took 9.15 ms
    Local solve took 0.18 ms
    Line search took 2.34 ms
    Update system took 0.67 ms
    Assemble system took 1.74 ms
    Global solve took 9.80 ms
    Local solve took 0.13 ms
    Line search took 2.02 ms
    Update system took 0.63 ms
    Assemble system took 1.77 ms
    Global solve took 8.72 ms
    Local solve took 0.12 ms
    Line search took 4.73 ms
    Update system took 0.67 ms
    Assemble system took 1.73 ms
    Global solve took 18.17 ms
    Local solve took 0.13 ms
    Line search took 4.43 ms
    Update system took 0.61 ms
    Assemble system took 1.68 ms
    Global solve took 18.48 ms
    Local solve took 0.14 ms
    Line search took 6.69 ms
    Update system took 0.60 ms
    Assemble system took 1.63 ms
    Global solve took 19.01 ms
    Local solve took 0.10 ms
    Line search took 4.48 ms
    Update system took 0.62 ms
    Assemble system took 1.68 ms
    Global solve took 19.05 ms
    Local solve took 0.78 ms
    Line search took 5.74 ms
    Update system took 1.05 ms
    Assemble system took 2.08 ms
    Global solve took 20.58 ms
    Local solve took 0.09 ms
    Line search took 4.56 ms
Step and readback took 326.64 ms
    Update system took 0.49 ms
    Assemble system took 1.67 ms
    Global solve took 9.22 ms
    Local solve took 0.15 ms
    Line search took 4.44 ms
    Update system took 0.97 ms
    Assemble system took 2.29 ms
    Global solve took 9.23 ms
    Local solve took 0.11 ms
    Line search took 3.78 ms
    Update system took 0.59 ms
    Assemble system took 1.69 ms
    Global solve took 8.27 ms
    Local solve took 0.10 ms
    Line search took 12.11 ms
    Update system took 0.72 ms
    Assemble system took 1.68 ms
    Global solve took 17.63 ms
    Local solve took 0.09 ms
    Line search took 4.57 ms
    Update system took 0.69 ms
    Assemble system took 3.23 ms
    Global solve took 17.33 ms
    Local solve took 0.18 ms
    Line search took 6.61 ms
    Update system took 0.91 ms
    Assemble system took 1.69 ms
    Global solve took 18.51 ms
    Local solve took 0.09 ms
    Line search took 4.54 ms
    Update system took 0.60 ms
    Assemble system took 1.64 ms
    Global solve took 19.08 ms
    Local solve took 0.08 ms
    Line search took 4.53 ms
    Update system took 0.60 ms
    Assemble system took 1.67 ms
    Global solve took 19.07 ms
    Local solve took 0.11 ms
    Line search took 4.49 ms
    Update system took 0.61 ms
    Assemble system took 1.67 ms
    Global solve took 18.92 ms
    Local solve took 0.10 ms
    Line search took 4.52 ms
    Update system took 0.60 ms
    Assemble system took 1.63 ms
    Global solve took 18.63 ms
    Local solve took 0.17 ms
    Line search took 1.99 ms
    Update system took 0.64 ms
    Assemble system took 1.66 ms
    Global solve took 9.12 ms
    Local solve took 0.11 ms
    Line search took 2.14 ms
    Update system took 2.15 ms
    Assemble system took 2.35 ms
    Global solve took 9.82 ms
    Local solve took 0.13 ms
    Line search took 2.04 ms
Step and readback took 301.18 ms
    Update system took 0.45 ms
    Assemble system took 1.61 ms
    Global solve took 15.42 ms
    Local solve took 0.13 ms
    Line search took 11.33 ms
    Update system took 0.69 ms
    Assemble system took 1.77 ms
    Global solve took 17.79 ms
    Local solve took 0.22 ms
    Line search took 18.05 ms
    Update system took 0.69 ms
    Assemble system took 1.76 ms
    Global solve took 17.80 ms
    Local solve took 0.11 ms
    Line search took 11.85 ms
    Update system took 0.66 ms
    Assemble system took 1.64 ms
    Global solve took 18.06 ms
    Local solve took 0.12 ms
    Line search took 11.15 ms
    Update system took 0.64 ms
    Assemble system took 1.65 ms
    Global solve took 8.54 ms
    Local solve took 0.09 ms
    Line search took 3.04 ms
    Update system took 0.58 ms
    Assemble system took 1.59 ms
    Global solve took 8.45 ms
    Local solve took 0.11 ms
    Line search took 2.64 ms
    Update system took 0.62 ms
    Assemble system took 1.72 ms
    Global solve took 8.51 ms
    Local solve took 0.11 ms
    Line search took 2.00 ms
    Update system took 0.61 ms
    Assemble system took 1.76 ms
    Global solve took 15.42 ms
    Local solve took 0.10 ms
    Line search took 4.53 ms
    Update system took 0.61 ms
    Assemble system took 1.69 ms
    Global solve took 18.81 ms
    Local solve took 0.15 ms
    Line search took 4.47 ms
    Update system took 0.68 ms
    Assemble system took 1.76 ms
    Global solve took 19.20 ms
    Local solve took 0.09 ms
    Line search took 4.58 ms
    Update system took 0.58 ms
    Assemble system took 1.66 ms
    Global solve took 21.92 ms
    Local solve took 0.09 ms
    Line search took 4.58 ms
    Update system took 0.59 ms
    Assemble system took 1.66 ms
    Global solve took 19.55 ms
    Local solve took 0.18 ms
    Line search took 6.72 ms
Step and readback took 337.22 ms
    Update system took 0.49 ms
    Assemble system took 1.71 ms
    Global solve took 19.67 ms
    Local solve took 0.08 ms
    Line search took 4.73 ms
    Update system took 0.59 ms
    Assemble system took 1.63 ms
    Global solve took 9.38 ms
    Local solve took 0.10 ms
    Line search took 5.20 ms
    Update system took 0.87 ms
    Assemble system took 2.32 ms
    Global solve took 9.75 ms
    Local solve took 0.19 ms
    Line search took 5.10 ms
    Update system took 0.66 ms
    Assemble system took 1.73 ms
    Global solve took 9.04 ms
    Local solve took 0.11 ms
    Line search took 2.51 ms
    Update system took 0.59 ms
    Assemble system took 1.61 ms
    Global solve took 16.74 ms
    Local solve took 0.09 ms
    Line search took 4.54 ms
    Update system took 0.62 ms
    Assemble system took 1.67 ms
    Global solve took 17.95 ms
    Local solve took 0.13 ms
    Line search took 4.47 ms
    Update system took 0.59 ms
    Assemble system took 1.67 ms
    Global solve took 18.36 ms
    Local solve took 0.09 ms
    Line search took 4.53 ms
    Update system took 0.89 ms
    Assemble system took 2.02 ms
    Global solve took 17.74 ms
    Local solve took 0.14 ms
    Line search took 4.74 ms
    Update system took 1.65 ms
    Assemble system took 2.34 ms
    Global solve took 19.99 ms
    Local solve took 0.24 ms
    Line search took 6.52 ms
    Update system took 1.03 ms
    Assemble system took 1.85 ms
    Global solve took 17.98 ms
    Local solve took 0.10 ms
    Line search took 4.50 ms
    Update system took 0.60 ms
    Assemble system took 1.65 ms
    Global solve took 18.35 ms
    Local solve took 0.09 ms
    Line search took 4.56 ms
    Update system took 0.68 ms
    Assemble system took 1.83 ms
    Global solve took 11.32 ms
    Local solve took 0.10 ms
    Line search took 2.09 ms
Step and readback took 312.13 ms
    Update system took 0.64 ms
    Assemble system took 1.67 ms
    Global solve took 10.49 ms
    Local solve took 0.08 ms
    Line search took 4.47 ms
    Update system took 0.59 ms
    Assemble system took 1.60 ms
    Global solve took 14.70 ms
    Local solve took 0.07 ms
    Line search took 4.61 ms
    Update system took 0.53 ms
    Assemble system took 1.58 ms
    Global solve took 19.57 ms
    Local solve took 0.18 ms
    Line search took 6.81 ms
    Update system took 0.87 ms
    Assemble system took 1.92 ms
    Global solve took 18.48 ms
    Local solve took 0.07 ms
    Line search took 4.64 ms
    Update system took 0.59 ms
    Assemble system took 1.64 ms
    Global solve took 19.07 ms
    Local solve took 0.10 ms
    Line search took 4.57 ms
    Update system took 0.59 ms
    Assemble system took 1.63 ms
    Global solve took 19.34 ms
    Local solve took 0.56 ms
    Line search took 6.12 ms
    Update system took 0.67 ms
    Assemble system took 1.71 ms
    Global solve took 18.37 ms
    Local solve took 0.17 ms
    Line search took 4.37 ms
    Update system took 0.66 ms
    Assemble system took 1.62 ms
    Global solve took 18.23 ms
    Local solve took 0.12 ms
    Line search took 4.43 ms
    Update system took 0.66 ms
    Assemble system took 1.75 ms
    Global solve took 12.10 ms
    Local solve took 0.12 ms
    Line search took 2.02 ms
    Update system took 0.60 ms
    Assemble system took 1.59 ms
    Global solve took 8.50 ms
    Local solve took 0.18 ms
    Line search took 1.95 ms
    Update system took 0.60 ms
    Assemble system took 1.60 ms
    Global solve took 8.28 ms
    Local solve took 0.12 ms
    Line search took 1.96 ms
    Update system took 0.58 ms
    Assemble system took 1.55 ms
    Global solve took 8.32 ms
    Local solve took 0.13 ms
    Line search took 1.99 ms
Step and readback took 285.84 ms
    Update system took 0.45 ms
    Assemble system took 1.58 ms
    Global solve took 16.21 ms
    Local solve took 0.86 ms
    Line search took 5.94 ms
    Update system took 0.65 ms
    Assemble system took 1.62 ms
    Global solve took 19.04 ms
    Local solve took 0.13 ms
    Line search took 4.42 ms
    Update system took 0.57 ms
    Assemble system took 1.59 ms
    Global solve took 17.80 ms
    Local solve took 0.08 ms
    Line search took 4.54 ms
    Update system took 0.57 ms
    Assemble system took 1.55 ms
    Global solve took 17.73 ms
    Local solve took 0.10 ms
    Line search took 4.46 ms
    Update system took 0.58 ms
    Assemble system took 1.66 ms
    Global solve took 18.03 ms
    Local solve took 0.10 ms
    Line search took 4.49 ms
    Update system took 0.60 ms
    Assemble system took 1.64 ms
    Global solve took 14.34 ms
    Local solve took 0.17 ms
    Line search took 1.89 ms
    Update system took 0.58 ms
    Assemble system took 1.53 ms
    Global solve took 8.46 ms
    Local solve took 0.19 ms
    Line search took 2.52 ms
    Update system took 0.81 ms
    Assemble system took 1.66 ms
    Global solve took 8.10 ms
    Local solve took 0.10 ms
    Line search took 1.89 ms
    Update system took 0.56 ms
    Assemble system took 1.56 ms
    Global solve took 7.95 ms
    Local solve took 0.12 ms
    Line search took 1.89 ms
    Update system took 0.57 ms
    Assemble system took 1.71 ms
    Global solve took 8.27 ms
    Local solve took 0.20 ms
    Line search took 2.02 ms
    Update system took 0.60 ms
    Assemble system took 1.61 ms
    Global solve took 7.79 ms
    Local solve took 0.10 ms
    Line search took 4.73 ms
    Update system took 0.56 ms
    Assemble system took 1.60 ms
    Global solve took 14.99 ms
    Local solve took 0.08 ms
    Line search took 4.54 ms
Step and readback took 267.73 ms
    Update system took 0.45 ms
    Assemble system took 1.58 ms
    Global solve took 19.33 ms
    Local solve took 0.24 ms
    Line search took 6.62 ms
    Update system took 0.95 ms
    Assemble system took 1.85 ms
    Global solve took 17.50 ms
    Local solve took 0.07 ms
    Line search took 4.63 ms
    Update system took 0.55 ms
    Assemble system took 1.59 ms
    Global solve took 18.57 ms
    Local solve took 0.08 ms
    Line search took 4.58 ms
    Update system took 0.56 ms
    Assemble system took 1.78 ms
    Global solve took 18.67 ms
    Local solve took 0.10 ms
    Line search took 4.54 ms
    Update system took 0.56 ms
    Assemble system took 1.62 ms
    Global solve took 14.01 ms
    Local solve took 0.16 ms
    Line search took 1.95 ms
    Update system took 0.60 ms
    Assemble system took 1.59 ms
    Global solve took 9.17 ms
    Local solve took 0.14 ms
    Line search took 2.01 ms
    Update system took 0.57 ms
    Assemble system took 1.69 ms
    Global solve took 8.83 ms
    Local solve took 0.12 ms
    Line search took 2.00 ms
    Update system took 0.70 ms
    Assemble system took 3.42 ms
    Global solve took 10.51 ms
    Local solve took 0.12 ms
    Line search took 5.86 ms
    Update system took 0.62 ms
    Assemble system took 1.62 ms
    Global solve took 18.25 ms
    Local solve took 0.16 ms
    Line search took 6.59 ms
    Update system took 0.62 ms
    Assemble system took 1.60 ms
    Global solve took 18.58 ms
    Local solve took 0.10 ms
    Line search took 4.51 ms
    Update system took 0.60 ms
    Assemble system took 1.61 ms
    Global solve took 18.14 ms
    Local solve took 0.11 ms
    Line search took 6.89 ms
    Update system took 0.95 ms
    Assemble system took 1.94 ms
    Global solve took 17.11 ms
    Local solve took 0.08 ms
    Line search took 5.94 ms
Step and readback took 310.00 ms
    Update system took 0.47 ms
    Assemble system took 1.62 ms
    Global solve took 17.37 ms
    Local solve took 0.50 ms
    Line search took 3.22 ms
    Update system took 0.54 ms
    Assemble system took 1.86 ms
    Global solve took 8.23 ms
    Local solve took 0.13 ms
    Line search took 2.44 ms
    Update system took 0.84 ms
    Assemble system took 1.58 ms
    Global solve took 7.83 ms
    Local solve took 0.11 ms
    Line search took 2.00 ms
    Update system took 0.60 ms
    Assemble system took 1.64 ms
    Global solve took 8.09 ms
    Local solve took 0.18 ms
    Line search took 1.93 ms
    Update system took 0.64 ms
    Assemble system took 1.63 ms
    Global solve took 7.67 ms
    Local solve took 0.10 ms
    Line search took 4.55 ms
    Update system took 0.62 ms
    Assemble system took 1.63 ms
    Global solve took 14.83 ms
    Local solve took 0.13 ms
    Line search took 4.39 ms
    Update system took 0.62 ms
    Assemble system took 1.59 ms
    Global solve took 15.12 ms
    Local solve took 0.15 ms
    Line search took 4.43 ms
    Update system took 0.64 ms
    Assemble system took 1.69 ms
    Global solve took 17.71 ms
    Local solve took 0.13 ms
    Line search took 4.40 ms
    Update system took 0.65 ms
    Assemble system took 1.61 ms
    Global solve took 17.71 ms
    Local solve took 0.15 ms
    Line search took 6.68 ms
    Update system took 0.92 ms
    Assemble system took 3.53 ms
    Global solve took 17.94 ms
    Local solve took 0.14 ms
    Line search took 5.60 ms
    Update system took 0.66 ms
    Assemble system took 1.91 ms
    Global solve took 17.21 ms
    Local solve took 0.14 ms
    Line search took 4.41 ms
    Update system took 0.64 ms
    Assemble system took 1.72 ms
    Global solve took 18.91 ms
    Local solve took 0.12 ms
    Line search took 4.49 ms
Step and readback took 285.56 ms
    Update system took 0.47 ms
    Assemble system took 1.66 ms
    Global solve took 7.89 ms
    Local solve took 0.14 ms
    Line search took 2.06 ms
    Update system took 0.58 ms
    Assemble system took 1.60 ms
    Global solve took 14.61 ms
    Local solve took 0.13 ms
    Line search took 5.66 ms
    Update system took 0.66 ms
    Assemble system took 1.63 ms
    Global solve took 14.26 ms
    Local solve took 0.17 ms
    Line search took 4.42 ms
    Update system took 0.69 ms
    Assemble system took 1.63 ms
    Global solve took 14.81 ms
    Local solve took 0.15 ms
    Line search took 6.85 ms
    Update system took 0.66 ms
    Assemble system took 1.63 ms
    Global solve took 14.88 ms
    Local solve took 0.11 ms
    Line search took 4.43 ms
    Update system took 0.59 ms
    Assemble system took 1.60 ms
    Global solve took 14.87 ms
    Local solve took 0.14 ms
    Line search took 4.36 ms
    Update system took 0.60 ms
    Assemble system took 1.63 ms
    Global solve took 14.87 ms
    Local solve took 0.13 ms
    Line search took 4.37 ms
    Update system took 0.59 ms
    Assemble system took 1.62 ms
    Global solve took 15.08 ms
    Local solve took 0.21 ms
    Line search took 6.43 ms
    Update system took 0.84 ms
    Assemble system took 1.64 ms
    Global solve took 14.92 ms
    Local solve took 0.13 ms
    Line search took 4.08 ms
    Update system took 0.58 ms
    Assemble system took 1.59 ms
    Global solve took 7.70 ms
    Local solve took 0.10 ms
    Line search took 1.94 ms
    Update system took 0.55 ms
    Assemble system took 1.56 ms
    Global solve took 7.55 ms
    Local solve took 0.11 ms
    Line search took 1.98 ms
    Update system took 0.69 ms
    Assemble system took 1.84 ms
    Global solve took 7.82 ms
    Local solve took 0.12 ms
    Line search took 1.92 ms
Step and readback took 260.76 ms
    Update system took 0.51 ms
    Assemble system took 1.61 ms
    Global solve took 24.64 ms
    Local solve took 0.14 ms
    Line search took 4.77 ms
    Update system took 0.60 ms
    Assemble system took 1.64 ms
    Global solve took 23.68 ms
    Local solve took 0.18 ms
    Line search took 4.81 ms
    Update system took 1.28 ms
    Assemble system took 1.66 ms
    Global solve took 22.49 ms
    Local solve took 0.13 ms
    Line search took 4.56 ms
    Update system took 0.74 ms
    Assemble system took 1.86 ms
    Global solve took 26.20 ms
    Local solve took 0.13 ms
    Line search took 4.54 ms
    Update system took 0.58 ms
    Assemble system took 1.59 ms
    Global solve took 23.57 ms
    Local solve took 0.12 ms
    Line search took 4.58 ms
    Update system took 0.59 ms
    Assemble system took 1.61 ms
    Global solve took 23.57 ms
    Local solve took 0.11 ms
    Line search took 4.62 ms
    Update system took 0.61 ms
    Assemble system took 1.56 ms
    Global solve took 23.53 ms
    Local solve took 0.11 ms
    Line search took 4.58 ms
    Update system took 0.57 ms
    Assemble system took 1.60 ms
    Global solve took 15.07 ms
    Local solve took 0.13 ms
    Line search took 1.91 ms
    Update system took 0.62 ms
    Assemble system took 1.87 ms
    Global solve took 9.62 ms
    Local solve took 0.11 ms
    Line search took 1.93 ms
    Update system took 0.57 ms
    Assemble system took 1.76 ms
    Global solve took 9.58 ms
    Local solve took 0.11 ms
    Line search took 1.96 ms
    Update system took 0.64 ms
    Assemble system took 1.58 ms
    Global solve took 9.13 ms
    Local solve took 0.12 ms
    Line search took 1.87 ms
    Update system took 0.55 ms
    Assemble system took 1.68 ms
    Global solve took 9.01 ms
    Local solve took 0.09 ms
    Line search took 1.81 ms
Step and readback took 324.22 ms
    Update system took 0.54 ms
    Assemble system took 1.85 ms
    Global solve took 8.20 ms
    Local solve took 0.11 ms
    Line search took 1.83 ms
    Update system took 0.63 ms
    Assemble system took 1.73 ms
    Global solve took 7.78 ms
    Local solve took 0.07 ms
    Line search took 1.77 ms
    Update system took 0.47 ms
    Assemble system took 1.47 ms
    Global solve took 7.51 ms
    Local solve took 0.09 ms
    Line search took 1.83 ms
    Update system took 0.55 ms
    Assemble system took 1.56 ms
    Global solve took 8.28 ms
    Local solve took 0.12 ms
    Line search took 1.89 ms
    Update system took 0.59 ms
    Assemble system took 1.60 ms
    Global solve took 8.69 ms
    Local solve took 0.13 ms
    Line search took 1.88 ms
    Update system took 0.56 ms
    Assemble system took 1.53 ms
    Global solve took 8.58 ms
    Local solve took 0.12 ms
    Line search took 3.02 ms
    Update system took 0.61 ms
    Assemble system took 1.54 ms
    Global solve took 8.07 ms
    Local solve took 0.11 ms
    Line search took 2.51 ms
    Update system took 0.59 ms
    Assemble system took 1.58 ms
    Global solve took 8.05 ms
    Local solve took 0.12 ms
    Line search took 1.93 ms
    Update system took 0.60 ms
    Assemble system took 1.60 ms
    Global solve took 8.10 ms
    Local solve took 0.11 ms
    Line search took 1.97 ms
    Update system took 0.57 ms
    Assemble system took 1.53 ms
    Global solve took 7.94 ms
    Local solve took 0.10 ms
    Line search took 1.88 ms
    Update system took 0.59 ms
    Assemble system took 1.55 ms
    Global solve took 7.99 ms
    Local solve took 0.11 ms
    Line search took 1.91 ms
    Update system took 0.56 ms
    Assemble system took 1.75 ms
    Global solve took 10.26 ms
    Local solve took 0.23 ms
    Line search took 2.33 ms
Step and readback took 182.43 ms
    Update system took 0.47 ms
    Assemble system took 1.58 ms
    Global solve took 7.41 ms
    Local solve took 0.10 ms
    Line search took 1.91 ms
    Update system took 0.58 ms
    Assemble system took 3.11 ms
    Global solve took 7.38 ms
    Local solve took 0.10 ms
    Line search took 1.87 ms
    Update system took 0.55 ms
    Assemble system took 1.54 ms
    Global solve took 7.32 ms
    Local solve took 0.10 ms
    Line search took 1.80 ms
    Update system took 0.53 ms
    Assemble system took 1.49 ms
    Global solve took 8.06 ms
    Local solve took 0.10 ms
    Line search took 1.84 ms
    Update system took 0.57 ms
    Assemble system took 1.68 ms
    Global solve took 8.14 ms
    Local solve took 0.11 ms
    Line search took 1.85 ms
    Update system took 0.54 ms
    Assemble system took 1.52 ms
    Global solve took 8.32 ms
    Local solve took 0.10 ms
    Line search took 1.82 ms
    Update system took 0.53 ms
    Assemble system took 1.47 ms
    Global solve took 8.07 ms
    Local solve took 0.09 ms
    Line search took 1.77 ms
    Update system took 0.55 ms
    Assemble system took 1.56 ms
    Global solve took 7.97 ms
    Local solve took 0.10 ms
    Line search took 1.95 ms
    Update system took 0.57 ms
    Assemble system took 1.54 ms
    Global solve took 7.65 ms
    Local solve took 0.09 ms
    Line search took 1.84 ms
    Update system took 0.53 ms
    Assemble system took 1.55 ms
    Global solve took 7.86 ms
    Local solve took 0.10 ms
    Line search took 1.96 ms
    Update system took 0.60 ms
    Assemble system took 1.57 ms
    Global solve took 8.07 ms
    Local solve took 0.16 ms
    Line search took 2.02 ms
    Update system took 0.65 ms
    Assemble system took 1.68 ms
    Global solve took 7.56 ms
    Local solve took 0.10 ms
    Line search took 2.02 ms
Step and readback took 177.84 ms
    Update system took 0.97 ms
    Assemble system took 2.65 ms
    Global solve took 7.67 ms
    Local solve took 0.10 ms
    Line search took 1.90 ms
    Update system took 0.58 ms
    Assemble system took 1.58 ms
    Global solve took 7.76 ms
    Local solve took 0.13 ms
    Line search took 2.00 ms
    Update system took 0.59 ms
    Assemble system took 1.59 ms
    Global solve took 7.12 ms
    Local solve took 0.12 ms
    Line search took 1.86 ms
    Update system took 0.53 ms
    Assemble system took 1.52 ms
    Global solve took 7.51 ms
    Local solve took 0.13 ms
    Line search took 1.87 ms
    Update system took 0.54 ms
    Assemble system took 1.51 ms
    Global solve took 7.49 ms
    Local solve took 0.12 ms
    Line search took 1.95 ms
    Update system took 0.58 ms
    Assemble system took 1.55 ms
    Global solve took 7.66 ms
    Local solve took 0.13 ms
    Line search took 1.92 ms
    Update system took 0.57 ms
    Assemble system took 1.53 ms
    Global solve took 7.59 ms
    Local solve took 0.13 ms
    Line search took 1.88 ms
    Update system took 0.58 ms
    Assemble system took 1.54 ms
    Global solve took 7.60 ms
    Local solve took 0.12 ms
    Line search took 1.99 ms
    Update system took 0.60 ms
    Assemble system took 1.53 ms
    Global solve took 8.02 ms
    Local solve took 0.12 ms
    Line search took 1.97 ms
    Update system took 0.61 ms
    Assemble system took 1.64 ms
    Global solve took 8.68 ms
    Local solve took 0.19 ms
    Line search took 1.97 ms
    Update system took 0.59 ms
    Assemble system took 1.55 ms
    Global solve took 8.32 ms
    Local solve took 0.12 ms
    Line search took 1.92 ms
    Update system took 0.55 ms
    Assemble system took 1.52 ms
    Global solve took 8.12 ms
    Local solve took 0.11 ms
    Line search took 1.95 ms
Step and readback took 176.57 ms
    Update system took 0.44 ms
    Assemble system took 1.51 ms
    Global solve took 7.50 ms
    Local solve took 0.08 ms
    Line search took 1.80 ms
    Update system took 0.57 ms
    Assemble system took 1.57 ms
    Global solve took 7.51 ms
    Local solve took 0.11 ms
    Line search took 1.93 ms
    Update system took 0.67 ms
    Assemble system took 1.57 ms
    Global solve took 9.33 ms
    Local solve took 0.11 ms
    Line search took 1.87 ms
    Update system took 0.54 ms
    Assemble system took 1.55 ms
    Global solve took 7.74 ms
    Local solve took 0.08 ms
    Line search took 1.82 ms
    Update system took 0.56 ms
    Assemble system took 1.54 ms
    Global solve took 7.76 ms
    Local solve took 0.10 ms
    Line search took 2.37 ms
    Update system took 0.55 ms
    Assemble system took 1.63 ms
    Global solve took 8.28 ms
    Local solve took 0.10 ms
    Line search took 2.45 ms
    Update system took 0.61 ms
    Assemble system took 1.67 ms
    Global solve took 8.17 ms
    Local solve took 0.11 ms
    Line search took 2.05 ms
    Update system took 0.64 ms
    Assemble system took 1.71 ms
    Global solve took 8.26 ms
    Local solve took 0.12 ms
    Line search took 2.01 ms
    Update system took 0.62 ms
    Assemble system took 1.64 ms
    Global solve took 8.75 ms
    Local solve took 0.18 ms
    Line search took 2.62 ms
    Update system took 0.64 ms
    Assemble system took 1.71 ms
    Global solve took 8.17 ms
    Local solve took 0.11 ms
    Line search took 1.98 ms
    Update system took 0.61 ms
    Assemble system took 1.74 ms
    Global solve took 8.17 ms
    Local solve took 0.13 ms
    Line search took 2.02 ms
    Update system took 0.66 ms
    Assemble system took 1.76 ms
    Global solve took 8.20 ms
    Local solve took 0.11 ms
    Line search took 1.99 ms
Step and readback took 166.01 ms
    Update system took 0.45 ms
    Assemble system took 1.54 ms
    Global solve took 8.14 ms
    Local solve took 0.13 ms
    Line search took 1.88 ms
    Update system took 0.56 ms
    Assemble system took 1.51 ms
    Global solve took 7.49 ms
    Local solve took 0.11 ms
    Line search took 1.91 ms
    Update system took 0.58 ms
    Assemble system took 1.61 ms
    Global solve took 9.22 ms
    Local solve took 0.11 ms
    Line search took 1.87 ms
    Update system took 0.54 ms
    Assemble system took 1.53 ms
    Global solve took 8.16 ms
    Local solve took 0.11 ms
    Line search took 1.93 ms
    Update system took 0.56 ms
    Assemble system took 1.52 ms
    Global solve took 7.93 ms
    Local solve took 0.13 ms
    Line search took 1.94 ms
    Update system took 0.55 ms
    Assemble system took 1.53 ms
    Global solve took 7.92 ms
    Local solve took 0.10 ms
    Line search took 1.92 ms
    Update system took 0.56 ms
    Assemble system took 1.55 ms
    Global solve took 8.15 ms
    Local solve took 0.11 ms
    Line search took 1.95 ms
    Update system took 0.58 ms
    Assemble system took 1.56 ms
    Global solve took 8.42 ms
    Local solve took 0.15 ms
    Line search took 2.02 ms
    Update system took 0.66 ms
    Assemble system took 1.60 ms
    Global solve took 8.05 ms
    Local solve took 0.11 ms
    Line search took 3.60 ms
    Update system took 0.60 ms
    Assemble system took 1.57 ms
    Global solve took 8.03 ms
    Local solve took 0.11 ms
    Line search took 1.91 ms
    Update system took 0.57 ms
    Assemble system took 1.59 ms
    Global solve took 8.07 ms
    Local solve took 0.11 ms
    Line search took 1.89 ms
    Update system took 0.57 ms
    Assemble system took 1.53 ms
    Global solve took 7.99 ms
    Local solve took 0.08 ms
    Line search took 1.85 ms
Step and readback took 163.11 ms
    Update system took 0.43 ms
    Assemble system took 1.56 ms
    Global solve took 7.89 ms
    Local solve took 0.07 ms
    Line search took 1.82 ms
    Update system took 0.51 ms
    Assemble system took 1.56 ms
    Global solve took 7.32 ms
    Local solve took 0.09 ms
    Line search took 1.86 ms
    Update system took 0.57 ms
    Assemble system took 1.60 ms
    Global solve took 7.46 ms
    Local solve took 0.53 ms
    Line search took 2.34 ms
    Update system took 0.57 ms
    Assemble system took 1.50 ms
    Global solve took 7.42 ms
    Local solve took 0.12 ms
    Line search took 1.93 ms
    Update system took 0.58 ms
    Assemble system took 1.56 ms
    Global solve took 7.31 ms
    Local solve took 0.12 ms
    Line search took 2.41 ms
    Update system took 0.55 ms
    Assemble system took 1.55 ms
    Global solve took 7.34 ms
    Local solve took 0.12 ms
    Line search took 1.91 ms
    Update system took 0.55 ms
    Assemble system took 1.56 ms
    Global solve took 7.83 ms
    Local solve took 0.14 ms
    Line search took 1.89 ms
    Update system took 0.59 ms
    Assemble system took 1.64 ms
    Global solve took 7.38 ms
    Local solve took 0.10 ms
    Line search took 1.83 ms
    Update system took 0.53 ms
    Assemble system took 1.55 ms
    Global solve took 8.01 ms
    Local solve took 0.11 ms
    Line search took 1.90 ms
    Update system took 0.54 ms
    Assemble system took 1.51 ms
    Global solve took 7.59 ms
    Local solve took 0.12 ms
    Line search took 1.94 ms
    Update system took 0.59 ms
    Assemble system took 1.55 ms
    Global solve took 7.34 ms
    Local solve took 0.08 ms
    Line search took 1.85 ms
    Update system took 0.57 ms
    Assemble system took 1.53 ms
    Global solve took 7.35 ms
    Local solve took 0.08 ms
    Line search took 1.79 ms
Step and readback took 154.76 ms
    Update system took 0.45 ms
    Assemble system took 1.51 ms
    Global solve took 7.54 ms
    Local solve took 0.09 ms
    Line search took 1.82 ms
    Update system took 0.53 ms
    Assemble system took 1.56 ms
    Global solve took 7.27 ms
    Local solve took 0.10 ms
    Line search took 2.01 ms
    Update system took 1.88 ms
    Assemble system took 2.29 ms
    Global solve took 7.27 ms
    Local solve took 0.12 ms
    Line search took 1.97 ms
    Update system took 0.61 ms
    Assemble system took 1.63 ms
    Global solve took 7.86 ms
    Local solve took 0.13 ms
    Line search took 1.89 ms
    Update system took 0.53 ms
    Assemble system took 1.51 ms
    Global solve took 7.98 ms
    Local solve took 0.11 ms
    Line search took 1.87 ms
    Update system took 0.54 ms
    Assemble system took 1.51 ms
    Global solve took 8.45 ms
    Local solve took 0.17 ms
    Line search took 1.93 ms
    Update system took 0.60 ms
    Assemble system took 1.62 ms
    Global solve took 8.19 ms
    Local solve took 0.12 ms
    Line search took 1.95 ms
    Update system took 0.58 ms
    Assemble system took 1.54 ms
    Global solve took 8.12 ms
    Local solve took 0.10 ms
    Line search took 1.78 ms
    Update system took 0.50 ms
    Assemble system took 1.52 ms
    Global solve took 8.01 ms
    Local solve took 0.07 ms
    Line search took 1.75 ms
    Update system took 0.54 ms
    Assemble system took 1.59 ms
    Global solve took 8.06 ms
    Local solve took 0.10 ms
    Line search took 1.89 ms
    Update system took 0.62 ms
    Assemble system took 1.63 ms
    Global solve took 8.13 ms
    Local solve took 0.11 ms
    Line search took 2.01 ms
    Update system took 0.61 ms
    Assemble system took 1.76 ms
    Global solve took 8.40 ms
    Local solve took 0.12 ms
    Line search took 2.01 ms
Step and readback took 162.01 ms
    Update system took 0.52 ms
    Assemble system took 1.74 ms
    Global solve took 8.19 ms
    Local solve took 0.07 ms
    Line search took 1.81 ms
    Update system took 0.51 ms
    Assemble system took 1.54 ms
    Global solve took 7.56 ms
    Local solve took 0.08 ms
    Line search took 1.80 ms
    Update system took 0.55 ms
    Assemble system took 3.37 ms
    Global solve took 8.14 ms
    Local solve took 0.10 ms
    Line search took 1.87 ms
    Update system took 0.53 ms
    Assemble system took 2.18 ms
    Global solve took 8.14 ms
    Local solve took 0.09 ms
    Line search took 3.09 ms
    Update system took 0.57 ms
    Assemble system took 1.63 ms
    Global solve took 8.58 ms
    Local solve took 0.14 ms
    Line search took 3.12 ms
    Update system took 0.67 ms
    Assemble system took 1.64 ms
    Global solve took 8.03 ms
    Local solve took 0.09 ms
    Line search took 3.02 ms
    Update system took 0.58 ms
    Assemble system took 1.64 ms
    Global solve took 8.05 ms
    Local solve took 0.13 ms
    Line search took 3.07 ms
    Update system took 0.63 ms
    Assemble system took 1.71 ms
    Global solve took 8.04 ms
    Local solve took 0.09 ms
    Line search took 2.92 ms
    Update system took 0.56 ms
    Assemble system took 1.56 ms
    Global solve took 7.97 ms
    Local solve took 0.08 ms
    Line search took 2.82 ms
    Update system took 0.56 ms
    Assemble system took 1.56 ms
    Global solve took 7.96 ms
    Local solve took 0.08 ms
    Line search took 2.86 ms
    Update system took 0.63 ms
    Assemble system took 3.26 ms
    Global solve took 8.10 ms
    Local solve took 0.10 ms
    Line search took 1.91 ms
    Update system took 0.60 ms
    Assemble system took 1.60 ms
    Global solve took 7.95 ms
    Local solve took 0.09 ms
    Line search took 1.83 ms
Step and readback took 173.11 ms
    Update system took 0.52 ms
    Assemble system took 1.68 ms
    Global solve took 8.45 ms
    Local solve took 0.11 ms
    Line search took 1.92 ms
    Update system took 0.62 ms
    Assemble system took 1.61 ms
    Global solve took 7.61 ms
    Local solve took 0.08 ms
    Line search took 1.81 ms
    Update system took 1.03 ms
    Assemble system took 1.53 ms
    Global solve took 7.55 ms
    Local solve took 0.08 ms
    Line search took 1.88 ms
    Update system took 0.59 ms
    Assemble system took 1.64 ms
    Global solve took 8.54 ms
    Local solve took 0.16 ms
    Line search took 3.06 ms
    Update system took 0.66 ms
    Assemble system took 1.63 ms
    Global solve took 8.36 ms
    Local solve took 0.08 ms
    Line search took 2.90 ms
    Update system took 0.54 ms
    Assemble system took 1.57 ms
    Global solve took 8.36 ms
    Local solve took 0.08 ms
    Line search took 3.95 ms
    Update system took 0.57 ms
    Assemble system took 1.69 ms
    Global solve took 8.21 ms
    Local solve took 0.12 ms
    Line search took 3.57 ms
    Update system took 0.59 ms
    Assemble system took 1.80 ms
    Global solve took 8.34 ms
    Local solve took 0.13 ms
    Line search took 5.04 ms
    Update system took 0.67 ms
    Assemble system took 1.85 ms
    Global solve took 8.55 ms
    Local solve took 0.12 ms
    Line search took 2.03 ms
    Update system took 0.64 ms
    Assemble system took 1.69 ms
    Global solve took 8.28 ms
    Local solve took 0.13 ms
    Line search took 2.11 ms
    Update system took 0.69 ms
    Assemble system took 1.91 ms
    Global solve took 7.89 ms
    Local solve took 0.13 ms
    Line search took 2.12 ms
    Update system took 0.64 ms
    Assemble system took 1.72 ms
    Global solve took 7.80 ms
    Local solve took 0.13 ms
    Line search took 1.97 ms
Step and readback took 174.46 ms
    Update system took 0.43 ms
    Assemble system took 1.51 ms
    Global solve took 7.39 ms
    Local solve took 0.07 ms
    Line search took 1.76 ms
    Update system took 0.51 ms
    Assemble system took 1.54 ms
    Global solve took 7.35 ms
    Local solve took 0.09 ms
    Line search took 1.91 ms
    Update system took 0.59 ms
    Assemble system took 3.17 ms
    Global solve took 7.69 ms
    Local solve took 0.16 ms
    Line search took 2.21 ms
    Update system took 0.60 ms
    Assemble system took 1.63 ms
    Global solve took 7.51 ms
    Local solve took 0.12 ms
    Line search took 2.29 ms
    Update system took 0.71 ms
    Assemble system took 1.87 ms
    Global solve took 7.74 ms
    Local solve took 0.08 ms
    Line search took 1.78 ms
    Update system took 0.54 ms
    Assemble system took 1.58 ms
    Global solve took 7.48 ms
    Local solve took 0.09 ms
    Line search took 1.81 ms
    Update system took 0.55 ms
    Assemble system took 1.59 ms
    Global solve took 7.51 ms
    Local solve took 0.07 ms
    Line search took 1.74 ms
    Update system took 0.50 ms
    Assemble system took 1.50 ms
    Global solve took 7.70 ms
    Local solve took 0.08 ms
    Line search took 1.75 ms
    Update system took 0.53 ms
    Assemble system took 1.56 ms
    Global solve took 7.67 ms
    Local solve took 0.08 ms
    Line search took 1.74 ms
    Update system took 0.51 ms
    Assemble system took 1.49 ms
    Global solve took 7.91 ms
    Local solve took 0.12 ms
    Line search took 1.99 ms
    Update system took 0.62 ms
    Assemble system took 1.65 ms
    Global solve took 7.72 ms
    Local solve took 0.09 ms
    Line search took 1.90 ms
    Update system took 0.61 ms
    Assemble system took 1.83 ms
    Global solve took 9.50 ms
    Local solve took 0.12 ms
    Line search took 1.99 ms
Step and readback took 159.72 ms
    Update system took 0.45 ms
    Assemble system took 1.54 ms
    Global solve took 8.10 ms
    Local solve took 0.12 ms
    Line search took 2.41 ms
    Update system took 0.56 ms
    Assemble system took 1.51 ms
    Global solve took 8.20 ms
    Local solve took 0.14 ms
    Line search took 1.95 ms
    Update system took 0.59 ms
    Assemble system took 1.53 ms
    Global solve took 7.91 ms
    Local solve took 0.12 ms
    Line search took 1.90 ms
    Update system took 0.58 ms
    Assemble system took 1.51 ms
    Global solve took 8.03 ms
    Local solve took 0.08 ms
    Line search took 1.80 ms
    Update system took 0.52 ms
    Assemble system took 1.55 ms
    Global solve took 9.87 ms
    Local solve took 0.12 ms
    Line search took 1.88 ms
    Update system took 0.57 ms
    Assemble system took 1.54 ms
    Global solve took 8.45 ms
    Local solve took 0.12 ms
    Line search took 1.91 ms
    Update system took 0.57 ms
    Assemble system took 1.60 ms
    Global solve took 8.64 ms
    Local solve took 0.13 ms
    Line search took 3.04 ms
    Update system took 0.56 ms
    Assemble system took 1.54 ms
    Global solve took 8.39 ms
    Local solve took 0.11 ms
    Line search took 1.88 ms
    Update system took 0.59 ms
    Assemble system took 1.53 ms
    Global solve took 8.31 ms
    Local solve took 0.11 ms
    Line search took 1.98 ms
    Update system took 0.62 ms
    Assemble system took 1.60 ms
    Global solve took 8.47 ms
    Local solve took 0.11 ms
    Line search took 1.85 ms
    Update system took 0.57 ms
    Assemble system took 1.57 ms
    Global solve took 9.79 ms
    Local solve took 0.12 ms
    Line search took 1.91 ms
    Update system took 0.56 ms
    Assemble system took 1.52 ms
    Global solve took 8.38 ms
    Local solve took 0.13 ms
    Line search took 1.88 ms
Step and readback took 168.12 ms
    Update system took 0.44 ms
    Assemble system took 1.51 ms
    Global solve took 8.78 ms
    Local solve took 0.17 ms
    Line search took 2.00 ms
    Update system took 0.63 ms
    Assemble system took 1.58 ms
    Global solve took 7.63 ms
    Local solve took 0.12 ms
    Line search took 1.91 ms
    Update system took 0.59 ms
    Assemble system took 1.63 ms
    Global solve took 7.84 ms
    Local solve took 0.12 ms
    Line search took 1.90 ms
    Update system took 0.57 ms
    Assemble system took 1.53 ms
    Global solve took 9.37 ms
    Local solve took 0.13 ms
    Line search took 2.59 ms
    Update system took 0.55 ms
    Assemble system took 1.52 ms
    Global solve took 7.70 ms
    Local solve took 0.08 ms
    Line search took 1.75 ms
    Update system took 0.54 ms
    Assemble system took 1.48 ms
    Global solve took 7.76 ms
    Local solve took 0.10 ms
    Line search took 1.87 ms
    Update system took 0.63 ms
    Assemble system took 1.69 ms
    Global solve took 9.91 ms
    Local solve took 0.09 ms
    Line search took 2.44 ms
    Update system took 0.57 ms
    Assemble system took 1.58 ms
    Global solve took 7.75 ms
    Local solve took 0.10 ms
    Line search took 1.91 ms
    Update system took 0.54 ms
    Assemble system took 1.49 ms
    Global solve took 7.70 ms
    Local solve took 0.07 ms
    Line search took 1.73 ms
    Update system took 0.55 ms
    Assemble system took 1.56 ms
    Global solve took 7.96 ms
    Local solve took 0.08 ms
    Line search took 1.80 ms
    Update system took 0.56 ms
    Assemble system took 1.54 ms
    Global solve took 7.73 ms
    Local solve took 0.10 ms
    Line search took 1.95 ms
    Update system took 0.67 ms
    Assemble system took 1.74 ms
    Global solve took 8.64 ms
    Local solve took 0.09 ms
    Line search took 2.25 ms
Step and readback took 163.48 ms
    Update system took 0.47 ms
    Assemble system took 1.56 ms
    Global solve took 7.74 ms
    Local solve took 0.09 ms
    Line search took 1.85 ms
    Update system took 0.55 ms
    Assemble system took 1.81 ms
    Global solve took 7.80 ms
    Local solve took 0.12 ms
    Line search took 1.88 ms
    Update system took 0.54 ms
    Assemble system took 1.53 ms
    Global solve took 7.37 ms
    Local solve took 0.06 ms
    Line search took 1.80 ms
    Update system took 0.55 ms
    Assemble system took 1.79 ms
    Global solve took 7.93 ms
    Local solve took 0.09 ms
    Line search took 1.81 ms
    Update system took 0.53 ms
    Assemble system took 1.51 ms
    Global solve took 7.62 ms
    Local solve took 0.07 ms
    Line search took 1.69 ms
    Update system took 0.50 ms
    Assemble system took 1.53 ms
    Global solve took 7.67 ms
    Local solve took 0.06 ms
    Line search took 1.65 ms
    Update system took 0.49 ms
    Assemble system took 1.50 ms
    Global solve took 8.17 ms
    Local solve took 0.08 ms
    Line search took 2.11 ms
    Update system took 0.59 ms
    Assemble system took 1.78 ms
    Global solve took 8.28 ms
    Local solve took 0.09 ms
    Line search took 2.24 ms
    Update system took 0.75 ms
    Assemble system took 2.25 ms
    Global solve took 8.92 ms
    Local solve took 0.10 ms
    Line search took 3.40 ms
    Update system took 0.86 ms
    Assemble system took 2.37 ms
    Global solve took 8.44 ms
    Local solve took 0.13 ms
    Line search took 2.86 ms
    Update system took 2.44 ms
    Assemble system took 2.45 ms
    Global solve took 9.49 ms
    Local solve took 0.20 ms
    Line search took 2.49 ms
    Update system took 0.64 ms
    Assemble system took 1.69 ms
    Global solve took 7.90 ms
    Local solve took 0.09 ms
    Line search took 1.83 ms
Step and readback took 171.72 ms
    Update system took 0.44 ms
    Assemble system took 1.51 ms
    Global solve took 7.98 ms
    Local solve took 0.06 ms
    Line search took 1.74 ms
    Update system took 0.51 ms
    Assemble system took 1.48 ms
    Global solve took 7.46 ms
    Local solve took 0.08 ms
    Line search took 1.69 ms
    Update system took 0.49 ms
    Assemble system took 1.47 ms
    Global solve took 7.36 ms
    Local solve took 0.10 ms
    Line search took 3.63 ms
    Update system took 0.59 ms
    Assemble system took 1.55 ms
    Global solve took 8.36 ms
    Local solve took 0.08 ms
    Line search took 1.74 ms
    Update system took 0.50 ms
    Assemble system took 1.48 ms
    Global solve took 7.98 ms
    Local solve took 0.06 ms
    Line search took 1.68 ms
    Update system took 0.48 ms
    Assemble system took 1.50 ms
    Global solve took 7.97 ms
    Local solve took 0.07 ms
    Line search took 1.68 ms
    Update system took 0.50 ms
    Assemble system took 1.48 ms
    Global solve took 8.06 ms
    Local solve took 0.05 ms
    Line search took 1.66 ms
    Update system took 0.49 ms
    Assemble system took 1.48 ms
    Global solve took 8.13 ms
    Local solve took 0.08 ms
    Line search took 1.76 ms
    Update system took 0.51 ms
    Assemble system took 1.50 ms
    Global solve took 8.14 ms
    Local solve took 0.06 ms
    Line search took 1.66 ms
    Update system took 0.48 ms
    Assemble system took 1.50 ms
    Global solve took 8.70 ms
    Local solve took 0.63 ms
    Line search took 3.17 ms
    Update system took 0.95 ms
    Assemble system took 1.97 ms
    Global solve took 8.90 ms
    Local solve took 0.11 ms
    Line search took 1.95 ms
    Update system took 0.58 ms
    Assemble system took 1.48 ms
    Global solve took 8.32 ms
    Local solve took 0.08 ms
    Line search took 1.84 ms
Step and readback took 161.57 ms
    Update system took 0.48 ms
    Assemble system took 1.59 ms
    Global solve took 8.22 ms
    Local solve took 0.08 ms
    Line search took 1.80 ms
    Update system took 0.52 ms
    Assemble system took 1.60 ms
    Global solve took 7.52 ms
    Local solve took 0.08 ms
    Line search took 1.78 ms
    Update system took 0.55 ms
    Assemble system took 1.50 ms
    Global solve took 7.50 ms
    Local solve took 0.07 ms
    Line search took 1.75 ms
    Update system took 0.50 ms
    Assemble system took 1.48 ms
    Global solve took 8.19 ms
    Local solve took 0.08 ms
    Line search took 1.90 ms
    Update system took 0.72 ms
    Assemble system took 1.88 ms
    Global solve took 8.43 ms
    Local solve took 0.07 ms
    Line search took 1.72 ms
    Update system took 0.50 ms
    Assemble system took 1.53 ms
    Global solve took 8.22 ms
    Local solve took 0.09 ms
    Line search took 1.83 ms
    Update system took 0.54 ms
    Assemble system took 1.49 ms
    Global solve took 8.16 ms
    Local solve took 0.09 ms
    Line search took 1.79 ms
    Update system took 0.53 ms
    Assemble system took 1.49 ms
    Global solve took 8.15 ms
    Local solve took 0.08 ms
    Line search took 1.74 ms
    Update system took 0.53 ms
    Assemble system took 1.51 ms
    Global solve took 8.56 ms
    Local solve took 0.10 ms
    Line search took 1.79 ms
    Update system took 0.58 ms
    Assemble system took 1.51 ms
    Global solve took 8.15 ms
    Local solve took 0.08 ms
    Line search took 1.86 ms
    Update system took 0.57 ms
    Assemble system took 2.29 ms
    Global solve took 9.32 ms
    Local solve took 0.13 ms
    Line search took 2.24 ms
    Update system took 0.76 ms
    Assemble system took 1.82 ms
    Global solve took 8.33 ms
    Local solve took 0.08 ms
    Line search took 1.75 ms
Step and readback took 161.89 ms
    Update system took 0.44 ms
    Assemble system took 1.63 ms
    Global solve took 9.33 ms
    Local solve took 0.19 ms
    Line search took 2.50 ms
    Update system took 0.82 ms
    Assemble system took 1.93 ms
    Global solve took 7.64 ms
    Local solve took 0.14 ms
    Line search took 2.26 ms
    Update system took 0.76 ms
    Assemble system took 1.83 ms
    Global solve took 7.60 ms
    Local solve took 0.06 ms
    Line search took 1.76 ms
    Update system took 0.48 ms
    Assemble system took 1.51 ms
    Global solve took 7.34 ms
    Local solve took 0.11 ms
    Line search took 1.82 ms
    Update system took 0.57 ms
    Assemble system took 1.52 ms
    Global solve took 7.51 ms
    Local solve took 0.09 ms
    Line search took 1.97 ms
    Update system took 0.68 ms
    Assemble system took 1.49 ms
    Global solve took 7.47 ms
    Local solve took 0.11 ms
    Line search took 1.90 ms
    Update system took 0.58 ms
    Assemble system took 1.58 ms
    Global solve took 7.72 ms
    Local solve took 0.12 ms
    Line search took 1.93 ms
    Update system took 0.56 ms
    Assemble system took 1.57 ms
    Global solve took 7.97 ms
    Local solve took 0.14 ms
    Line search took 1.86 ms
    Update system took 0.62 ms
    Assemble system took 1.67 ms
    Global solve took 8.22 ms
    Local solve took 0.17 ms
    Line search took 2.33 ms
    Update system took 0.57 ms
    Assemble system took 1.56 ms
    Global solve took 7.65 ms
    Local solve took 0.14 ms
    Line search took 2.00 ms
    Update system took 0.59 ms
    Assemble system took 1.53 ms
    Global solve took 7.80 ms
    Local solve took 0.10 ms
    Line search took 2.00 ms
    Update system took 0.58 ms
    Assemble system took 1.52 ms
    Global solve took 7.50 ms
    Local solve took 0.07 ms
    Line search took 1.75 ms
Step and readback took 160.32 ms
    Update system took 0.47 ms
    Assemble system took 1.63 ms
    Global solve took 9.37 ms
    Local solve took 0.18 ms
    Line search took 2.44 ms
    Update system took 0.85 ms
    Assemble system took 1.87 ms
    Global solve took 7.59 ms
    Local solve took 0.09 ms
    Line search took 1.96 ms
    Update system took 0.52 ms
    Assemble system took 1.55 ms
    Global solve took 7.27 ms
    Local solve took 0.09 ms
    Line search took 1.82 ms
    Update system took 0.54 ms
    Assemble system took 1.53 ms
    Global solve took 7.33 ms
    Local solve took 0.07 ms
    Line search took 1.77 ms
    Update system took 0.54 ms
    Assemble system took 1.53 ms
    Global solve took 7.89 ms
    Local solve took 0.15 ms
    Line search took 2.30 ms
    Update system took 0.55 ms
    Assemble system took 1.52 ms
    Global solve took 7.60 ms
    Local solve took 0.11 ms
    Line search took 2.06 ms
    Update system took 0.67 ms
    Assemble system took 1.77 ms
    Global solve took 8.55 ms
    Local solve took 0.09 ms
    Line search took 1.79 ms
    Update system took 0.53 ms
    Assemble system took 1.55 ms
    Global solve took 7.42 ms
    Local solve took 0.06 ms
    Line search took 1.70 ms
    Update system took 0.49 ms
    Assemble system took 1.47 ms
    Global solve took 7.44 ms
    Local solve took 0.07 ms
    Line search took 1.78 ms
    Update system took 0.52 ms
    Assemble system took 1.49 ms
    Global solve took 7.64 ms
    Local solve took 0.09 ms
    Line search took 1.90 ms
    Update system took 1.22 ms
    Assemble system took 2.55 ms
    Global solve took 7.74 ms
    Local solve took 0.10 ms
    Line search took 2.10 ms
    Update system took 0.52 ms
    Assemble system took 1.55 ms
    Global solve took 7.67 ms
    Local solve took 0.08 ms
    Line search took 1.74 ms
Step and readback took 159.28 ms
    Update system took 0.47 ms
    Assemble system took 1.50 ms
    Global solve took 7.65 ms
    Local solve took 0.07 ms
    Line search took 1.90 ms
    Update system took 0.55 ms
    Assemble system took 1.53 ms
    Global solve took 7.46 ms
    Local solve took 0.06 ms
    Line search took 1.70 ms
    Update system took 0.50 ms
    Assemble system took 1.48 ms
    Global solve took 7.10 ms
    Local solve took 0.06 ms
    Line search took 1.69 ms
    Update system took 0.50 ms
    Assemble system took 1.49 ms
    Global solve took 7.63 ms
    Local solve took 0.08 ms
    Line search took 1.96 ms
    Update system took 0.69 ms
    Assemble system took 3.15 ms
    Global solve took 8.14 ms
    Local solve took 0.07 ms
    Line search took 1.78 ms
    Update system took 0.58 ms
    Assemble system took 1.78 ms
    Global solve took 8.53 ms
    Local solve took 0.17 ms
    Line search took 2.61 ms
    Update system took 0.56 ms
    Assemble system took 1.51 ms
    Global solve took 7.71 ms
    Local solve took 0.08 ms
    Line search took 1.76 ms
    Update system took 0.53 ms
    Assemble system took 1.50 ms
    Global solve took 7.76 ms
    Local solve took 0.08 ms
    Line search took 1.79 ms
    Update system took 0.51 ms
    Assemble system took 1.53 ms
    Global solve took 7.77 ms
    Local solve took 0.07 ms
    Line search took 1.72 ms
    Update system took 0.49 ms
    Assemble system took 1.60 ms
    Global solve took 7.92 ms
    Local solve took 0.07 ms
    Line search took 1.78 ms
    Update system took 0.52 ms
    Assemble system took 1.56 ms
    Global solve took 7.85 ms
    Local solve took 0.07 ms
    Line search took 1.77 ms
    Update system took 0.52 ms
    Assemble system took 1.55 ms
    Global solve took 8.37 ms
    Local solve took 0.12 ms
    Line search took 2.13 ms
Step and readback took 158.56 ms
--record: wrote 150 frames to timing_runs_device/gpu_nograph.npz (positions 150x600x3, tets constant)
