Warp 1.15.0 initialized:
   CUDA Toolkit 12.9, Driver 13.2
   Devices:
     "cpu"      : "x86_64"
     "cuda:0"   : "NVIDIA GeForce RTX 4060 Laptop GPU" (8 GiB, sm_89, mempool enabled)
   Kernel cache:
     /home/gabriel/.cache/warp/1.15.0
[polyscope] Backend: openGL_mock
--cg-check-every: no graph capture (-g), defaulting to 10 (0 only exits early inside a captured CUDA graph)
episode octopus: --mesh coarse -> models/octopus_initial_coarse.npz
--rest-shape: loaded models/octopus_rest_coarse.npz  (rest reference vs tracked start: median 2.14 mm / max 9.40 mm)
tool path retracted 3.4 mm along -tool-axis so the poker starts 0 mm clear of the start-frame mesh
tool trajectory: 155 frames, 5.13 s, start frame = 19 (t0 = 0.633 s, tool-free), origin span (mm) = [ 54.3 106.8 150. ], contact frames = 123, playback x1, verbatim
per-tet material 'field' (E_field) transferred from models/octopus_stiffness_field.npz: 3450 id tets -> 2025 coarse tets, nearest-centroid dist mean 6.5 mm / max 16.3 mm; E (Pa) min 1651 / med 2832 / max 3633, nu 0.4263 -> mu (Pa) 579..1274, lambda (Pa) 3345..7362
tracked surface: whole-body detrend = rigid (reference frame 19)
tracked surface overlay: 155 frames, 15002 verts, 30000 tris, alpha 0.3  (/home/gabriel/auras/warp-mfem/PlushOctopus_T1/mesh_trajectories_canonical.npy)
    Update system took 3.33 ms
    Assemble system took 9.73 ms
    Global solve took 71.46 ms
    Local solve took 0.19 ms
    Line search took 7.72 ms
    Update system took 0.55 ms
    Assemble system took 1.51 ms
    Global solve took 53.60 ms
    Local solve took 0.08 ms
    Line search took 1.63 ms
    Update system took 0.48 ms
    Assemble system took 1.43 ms
    Global solve took 42.40 ms
    Local solve took 0.08 ms
    Line search took 1.56 ms
    Update system took 0.49 ms
    Assemble system took 1.42 ms
    Global solve took 44.43 ms
    Local solve took 0.07 ms
    Line search took 1.53 ms
    Update system took 0.47 ms
    Assemble system took 1.44 ms
    Global solve took 39.99 ms
    Local solve took 0.07 ms
    Line search took 1.55 ms
    Update system took 0.47 ms
    Assemble system took 1.41 ms
    Global solve took 46.64 ms
    Local solve took 0.06 ms
    Line search took 1.54 ms
    Update system took 0.46 ms
    Assemble system took 1.42 ms
    Global solve took 52.06 ms
    Local solve took 0.06 ms
    Line search took 1.60 ms
    Update system took 0.46 ms
    Assemble system took 1.39 ms
    Global solve took 56.23 ms
    Local solve took 0.07 ms
    Line search took 2.54 ms
    Update system took 0.50 ms
    Assemble system took 1.41 ms
    Global solve took 54.05 ms
    Local solve took 0.07 ms
    Line search took 2.09 ms
    Update system took 0.48 ms
    Assemble system took 1.42 ms
    Global solve took 53.70 ms
    Local solve took 0.06 ms
    Line search took 1.55 ms
    Update system took 0.46 ms
    Assemble system took 1.45 ms
    Global solve took 56.09 ms
    Local solve took 0.07 ms
    Line search took 1.55 ms
    Update system took 0.48 ms
    Assemble system took 1.40 ms
    Global solve took 58.39 ms
    Local solve took 0.06 ms
    Line search took 1.56 ms
Step and readback took 725.19 ms
    Update system took 0.44 ms
    Assemble system took 1.48 ms
    Global solve took 49.84 ms
    Local solve took 0.08 ms
    Line search took 3.69 ms
    Update system took 0.52 ms
    Assemble system took 1.46 ms
    Global solve took 49.29 ms
    Local solve took 0.08 ms
    Line search took 4.01 ms
    Update system took 0.47 ms
    Assemble system took 1.44 ms
    Global solve took 49.48 ms
    Local solve took 0.09 ms
    Line search took 2.16 ms
    Update system took 0.54 ms
    Assemble system took 1.43 ms
    Global solve took 44.66 ms
    Local solve took 0.07 ms
    Line search took 1.56 ms
    Update system took 0.46 ms
    Assemble system took 1.40 ms
    Global solve took 46.92 ms
    Local solve took 0.08 ms
    Line search took 1.58 ms
    Update system took 0.49 ms
    Assemble system took 1.44 ms
    Global solve took 49.26 ms
    Local solve took 0.06 ms
    Line search took 1.59 ms
    Update system took 0.48 ms
    Assemble system took 1.40 ms
    Global solve took 46.95 ms
    Local solve took 0.06 ms
    Line search took 1.56 ms
    Update system took 0.48 ms
    Assemble system took 1.40 ms
    Global solve took 47.13 ms
    Local solve took 0.06 ms
    Line search took 1.55 ms
    Update system took 0.49 ms
    Assemble system took 1.43 ms
    Global solve took 46.91 ms
    Local solve took 0.06 ms
    Line search took 1.63 ms
    Update system took 0.47 ms
    Assemble system took 1.41 ms
    Global solve took 46.56 ms
    Local solve took 0.04 ms
    Line search took 1.52 ms
    Update system took 0.42 ms
    Assemble system took 1.60 ms
    Global solve took 46.85 ms
    Local solve took 0.06 ms
    Line search took 1.58 ms
    Update system took 0.48 ms
    Assemble system took 1.40 ms
    Global solve took 47.02 ms
    Local solve took 0.08 ms
    Line search took 2.55 ms
Step and readback took 647.49 ms
    Update system took 0.44 ms
    Assemble system took 1.50 ms
    Global solve took 26.50 ms
    Local solve took 0.07 ms
    Line search took 1.62 ms
    Update system took 0.46 ms
    Assemble system took 1.40 ms
    Global solve took 26.05 ms
    Local solve took 0.05 ms
    Line search took 1.52 ms
    Update system took 0.42 ms
    Assemble system took 1.40 ms
    Global solve took 28.59 ms
    Local solve took 0.07 ms
    Line search took 1.57 ms
    Update system took 0.50 ms
    Assemble system took 1.40 ms
    Global solve took 33.40 ms
    Local solve took 0.06 ms
    Line search took 1.54 ms
    Update system took 0.47 ms
    Assemble system took 1.41 ms
    Global solve took 35.51 ms
    Local solve took 0.04 ms
    Line search took 1.52 ms
    Update system took 0.43 ms
    Assemble system took 1.40 ms
    Global solve took 38.05 ms
    Local solve took 0.07 ms
    Line search took 1.58 ms
    Update system took 0.46 ms
    Assemble system took 1.42 ms
    Global solve took 44.80 ms
    Local solve took 0.06 ms
    Line search took 1.53 ms
    Update system took 0.48 ms
    Assemble system took 1.40 ms
    Global solve took 47.16 ms
    Local solve took 0.07 ms
    Line search took 1.56 ms
    Update system took 0.46 ms
    Assemble system took 1.43 ms
    Global solve took 47.68 ms
    Local solve took 0.07 ms
    Line search took 1.72 ms
    Update system took 0.52 ms
    Assemble system took 1.46 ms
    Global solve took 47.15 ms
    Local solve took 0.08 ms
    Line search took 1.60 ms
    Update system took 0.53 ms
    Assemble system took 1.42 ms
    Global solve took 47.34 ms
    Local solve took 0.06 ms
    Line search took 1.57 ms
    Update system took 0.49 ms
    Assemble system took 1.44 ms
    Global solve took 44.82 ms
    Local solve took 0.09 ms
    Line search took 1.79 ms
Step and readback took 537.10 ms
    Update system took 0.44 ms
    Assemble system took 1.51 ms
    Global solve took 19.26 ms
    Local solve took 0.05 ms
    Line search took 1.59 ms
    Update system took 0.43 ms
    Assemble system took 1.40 ms
    Global solve took 26.11 ms
    Local solve took 0.06 ms
    Line search took 1.56 ms
    Update system took 0.46 ms
    Assemble system took 1.35 ms
    Global solve took 26.25 ms
    Local solve took 0.04 ms
    Line search took 1.51 ms
    Update system took 0.43 ms
    Assemble system took 1.40 ms
    Global solve took 31.04 ms
    Local solve took 0.06 ms
    Line search took 1.56 ms
    Update system took 0.47 ms
    Assemble system took 1.40 ms
    Global solve took 35.44 ms
    Local solve took 0.04 ms
    Line search took 1.56 ms
    Update system took 0.42 ms
    Assemble system took 1.40 ms
    Global solve took 38.01 ms
    Local solve took 0.06 ms
    Line search took 2.55 ms
    Update system took 0.47 ms
    Assemble system took 1.41 ms
    Global solve took 37.80 ms
    Local solve took 0.06 ms
    Line search took 2.06 ms
    Update system took 0.47 ms
    Assemble system took 1.41 ms
    Global solve took 39.95 ms
    Local solve took 0.06 ms
    Line search took 1.54 ms
    Update system took 0.46 ms
    Assemble system took 1.41 ms
    Global solve took 37.45 ms
    Local solve took 0.04 ms
    Line search took 1.54 ms
    Update system took 0.42 ms
    Assemble system took 1.56 ms
    Global solve took 39.90 ms
    Local solve took 0.05 ms
    Line search took 1.53 ms
    Update system took 0.47 ms
    Assemble system took 1.42 ms
    Global solve took 47.19 ms
    Local solve took 0.07 ms
    Line search took 1.59 ms
    Update system took 0.49 ms
    Assemble system took 1.43 ms
    Global solve took 47.01 ms
    Local solve took 0.06 ms
    Line search took 1.56 ms
Step and readback took 496.13 ms
    Update system took 0.43 ms
    Assemble system took 1.48 ms
    Global solve took 16.83 ms
    Local solve took 0.04 ms
    Line search took 1.60 ms
    Update system took 0.43 ms
    Assemble system took 1.70 ms
    Global solve took 26.03 ms
    Local solve took 0.05 ms
    Line search took 1.56 ms
    Update system took 0.45 ms
    Assemble system took 1.41 ms
    Global solve took 26.25 ms
    Local solve took 0.06 ms
    Line search took 1.55 ms
    Update system took 0.46 ms
    Assemble system took 1.41 ms
    Global solve took 30.78 ms
    Local solve took 0.04 ms
    Line search took 1.52 ms
    Update system took 0.42 ms
    Assemble system took 1.40 ms
    Global solve took 30.98 ms
    Local solve took 0.06 ms
    Line search took 1.54 ms
    Update system took 0.48 ms
    Assemble system took 1.39 ms
    Global solve took 38.29 ms
    Local solve took 0.06 ms
    Line search took 2.55 ms
    Update system took 0.48 ms
    Assemble system took 1.43 ms
    Global solve took 37.39 ms
    Local solve took 0.04 ms
    Line search took 2.50 ms
    Update system took 0.43 ms
    Assemble system took 1.39 ms
    Global solve took 37.93 ms
    Local solve took 0.06 ms
    Line search took 2.04 ms
    Update system took 0.46 ms
    Assemble system took 1.40 ms
    Global solve took 38.18 ms
    Local solve took 0.08 ms
    Line search took 1.58 ms
    Update system took 0.48 ms
    Assemble system took 1.45 ms
    Global solve took 38.13 ms
    Local solve took 0.07 ms
    Line search took 1.69 ms
    Update system took 0.50 ms
    Assemble system took 1.45 ms
    Global solve took 40.02 ms
    Local solve took 0.04 ms
    Line search took 1.56 ms
    Update system took 0.47 ms
    Assemble system took 1.39 ms
    Global solve took 45.02 ms
    Local solve took 0.08 ms
    Line search took 1.73 ms
Step and readback took 478.41 ms
    Update system took 0.43 ms
    Assemble system took 1.51 ms
    Global solve took 19.66 ms
    Local solve took 0.07 ms
    Line search took 1.65 ms
    Update system took 0.48 ms
    Assemble system took 1.41 ms
    Global solve took 23.65 ms
    Local solve took 0.04 ms
    Line search took 1.50 ms
    Update system took 0.43 ms
    Assemble system took 1.39 ms
    Global solve took 28.52 ms
    Local solve took 0.06 ms
    Line search took 1.53 ms
    Update system took 0.47 ms
    Assemble system took 1.41 ms
    Global solve took 28.27 ms
    Local solve took 0.04 ms
    Line search took 1.52 ms
    Update system took 0.42 ms
    Assemble system took 1.42 ms
    Global solve took 33.23 ms
    Local solve took 0.06 ms
    Line search took 1.55 ms
    Update system took 0.46 ms
    Assemble system took 1.40 ms
    Global solve took 37.74 ms
    Local solve took 0.06 ms
    Line search took 3.03 ms
    Update system took 0.47 ms
    Assemble system took 1.40 ms
    Global solve took 35.39 ms
    Local solve took 0.04 ms
    Line search took 2.51 ms
    Update system took 0.44 ms
    Assemble system took 1.40 ms
    Global solve took 37.74 ms
    Local solve took 0.06 ms
    Line search took 2.54 ms
    Update system took 0.45 ms
    Assemble system took 1.37 ms
    Global solve took 35.47 ms
    Local solve took 0.06 ms
    Line search took 2.06 ms
    Update system took 0.47 ms
    Assemble system took 1.39 ms
    Global solve took 37.81 ms
    Local solve took 0.06 ms
    Line search took 1.53 ms
    Update system took 0.47 ms
    Assemble system took 1.41 ms
    Global solve took 37.65 ms
    Local solve took 0.04 ms
    Line search took 1.56 ms
    Update system took 0.42 ms
    Assemble system took 1.39 ms
    Global solve took 40.11 ms
    Local solve took 0.06 ms
    Line search took 1.55 ms
Step and readback took 469.32 ms
    Update system took 0.44 ms
    Assemble system took 1.48 ms
    Global solve took 24.42 ms
    Local solve took 0.08 ms
    Line search took 1.67 ms
    Update system took 0.50 ms
    Assemble system took 1.44 ms
    Global solve took 24.11 ms
    Local solve took 0.04 ms
    Line search took 1.52 ms
    Update system took 0.43 ms
    Assemble system took 1.39 ms
    Global solve took 26.50 ms
    Local solve took 0.07 ms
    Line search took 1.55 ms
    Update system took 0.47 ms
    Assemble system took 1.41 ms
    Global solve took 35.28 ms
    Local solve took 0.04 ms
    Line search took 2.52 ms
    Update system took 0.42 ms
    Assemble system took 1.41 ms
    Global solve took 35.66 ms
    Local solve took 0.07 ms
    Line search took 2.04 ms
    Update system took 0.46 ms
    Assemble system took 1.40 ms
    Global solve took 37.78 ms
    Local solve took 0.06 ms
    Line search took 1.56 ms
    Update system took 0.46 ms
    Assemble system took 1.38 ms
    Global solve took 38.03 ms
    Local solve took 0.06 ms
    Line search took 1.54 ms
    Update system took 0.47 ms
    Assemble system took 1.40 ms
    Global solve took 37.76 ms
    Local solve took 0.04 ms
    Line search took 1.52 ms
    Update system took 0.42 ms
    Assemble system took 1.38 ms
    Global solve took 42.20 ms
    Local solve took 0.18 ms
    Line search took 2.38 ms
    Update system took 0.91 ms
    Assemble system took 2.20 ms
    Global solve took 40.58 ms
    Local solve took 0.09 ms
    Line search took 2.27 ms
    Update system took 0.56 ms
    Assemble system took 1.52 ms
    Global solve took 38.30 ms
    Local solve took 0.06 ms
    Line search took 1.57 ms
    Update system took 0.48 ms
    Assemble system took 1.45 ms
    Global solve took 39.93 ms
    Local solve took 0.04 ms
    Line search took 1.59 ms
Step and readback took 495.70 ms
    Update system took 0.41 ms
    Assemble system took 1.48 ms
    Global solve took 65.38 ms
    Local solve took 0.08 ms
    Line search took 1.75 ms
    Update system took 0.55 ms
    Assemble system took 1.50 ms
    Global solve took 73.32 ms
    Local solve took 0.47 ms
    Line search took 3.29 ms
    Update system took 0.55 ms
    Assemble system took 1.44 ms
    Global solve took 69.89 ms
    Local solve took 0.08 ms
    Line search took 1.61 ms
    Update system took 0.51 ms
    Assemble system took 1.47 ms
    Global solve took 53.39 ms
    Local solve took 0.08 ms
    Line search took 1.72 ms
    Update system took 0.56 ms
    Assemble system took 1.55 ms
    Global solve took 40.40 ms
    Local solve took 0.06 ms
    Line search took 1.51 ms
    Update system took 0.46 ms
    Assemble system took 1.42 ms
    Global solve took 37.25 ms
    Local solve took 0.06 ms
    Line search took 2.50 ms
    Update system took 0.47 ms
    Assemble system took 1.42 ms
    Global solve took 39.63 ms
    Local solve took 0.06 ms
    Line search took 1.53 ms
    Update system took 0.46 ms
    Assemble system took 1.37 ms
    Global solve took 37.17 ms
    Local solve took 0.04 ms
    Line search took 1.50 ms
    Update system took 0.42 ms
    Assemble system took 1.39 ms
    Global solve took 39.87 ms
    Local solve took 0.08 ms
    Line search took 2.05 ms
    Update system took 0.45 ms
    Assemble system took 1.41 ms
    Global solve took 39.99 ms
    Local solve took 0.08 ms
    Line search took 1.54 ms
    Update system took 0.49 ms
    Assemble system took 1.39 ms
    Global solve took 42.00 ms
    Local solve took 0.06 ms
    Line search took 1.53 ms
    Update system took 0.45 ms
    Assemble system took 1.42 ms
    Global solve took 41.86 ms
    Local solve took 0.06 ms
    Line search took 1.52 ms
Step and readback took 654.06 ms
    Update system took 0.44 ms
    Assemble system took 1.49 ms
    Global solve took 74.87 ms
    Local solve took 0.08 ms
    Line search took 1.68 ms
    Update system took 0.53 ms
    Assemble system took 1.47 ms
    Global solve took 84.25 ms
    Local solve took 0.07 ms
    Line search took 2.09 ms
    Update system took 0.50 ms
    Assemble system took 1.42 ms
    Global solve took 80.36 ms
    Local solve took 0.09 ms
    Line search took 1.73 ms
    Update system took 0.57 ms
    Assemble system took 1.51 ms
    Global solve took 61.20 ms
    Local solve took 0.08 ms
    Line search took 1.61 ms
    Update system took 0.51 ms
    Assemble system took 1.45 ms
    Global solve took 49.34 ms
    Local solve took 0.07 ms
    Line search took 1.57 ms
    Update system took 0.48 ms
    Assemble system took 1.42 ms
    Global solve took 42.96 ms
    Local solve took 0.10 ms
    Line search took 1.73 ms
    Update system took 0.56 ms
    Assemble system took 1.46 ms
    Global solve took 40.10 ms
    Local solve took 0.07 ms
    Line search took 2.03 ms
    Update system took 0.45 ms
    Assemble system took 1.35 ms
    Global solve took 40.20 ms
    Local solve took 0.06 ms
    Line search took 1.55 ms
    Update system took 0.47 ms
    Assemble system took 1.40 ms
    Global solve took 37.44 ms
    Local solve took 0.04 ms
    Line search took 1.50 ms
    Update system took 0.43 ms
    Assemble system took 1.38 ms
    Global solve took 42.46 ms
    Local solve took 0.08 ms
    Line search took 1.58 ms
    Update system took 0.47 ms
    Assemble system took 1.39 ms
    Global solve took 44.96 ms
    Local solve took 0.07 ms
    Line search took 2.06 ms
    Update system took 0.47 ms
    Assemble system took 1.40 ms
    Global solve took 42.51 ms
    Local solve took 0.06 ms
    Line search took 1.54 ms
Step and readback took 712.64 ms
    Update system took 0.43 ms
    Assemble system took 1.47 ms
    Global solve took 26.29 ms
    Local solve took 0.08 ms
    Line search took 1.63 ms
    Update system took 0.48 ms
    Assemble system took 1.40 ms
    Global solve took 19.05 ms
    Local solve took 0.04 ms
    Line search took 2.02 ms
    Update system took 0.42 ms
    Assemble system took 1.37 ms
    Global solve took 23.57 ms
    Local solve took 0.04 ms
    Line search took 1.51 ms
    Update system took 0.43 ms
    Assemble system took 1.52 ms
    Global solve took 26.09 ms
    Local solve took 0.06 ms
    Line search took 1.57 ms
    Update system took 0.46 ms
    Assemble system took 1.42 ms
    Global solve took 33.30 ms
    Local solve took 0.06 ms
    Line search took 3.47 ms
    Update system took 0.45 ms
    Assemble system took 1.39 ms
    Global solve took 32.82 ms
    Local solve took 0.06 ms
    Line search took 3.58 ms
    Update system took 0.44 ms
    Assemble system took 1.40 ms
    Global solve took 33.07 ms
    Local solve took 0.07 ms
    Line search took 3.02 ms
    Update system took 0.46 ms
    Assemble system took 1.42 ms
    Global solve took 35.42 ms
    Local solve took 0.06 ms
    Line search took 3.05 ms
    Update system took 0.46 ms
    Assemble system took 1.42 ms
    Global solve took 35.13 ms
    Local solve took 0.04 ms
    Line search took 2.47 ms
    Update system took 0.43 ms
    Assemble system took 1.40 ms
    Global solve took 37.56 ms
    Local solve took 0.06 ms
    Line search took 1.52 ms
    Update system took 0.46 ms
    Assemble system took 1.35 ms
    Global solve took 40.10 ms
    Local solve took 0.06 ms
    Line search took 1.54 ms
    Update system took 0.46 ms
    Assemble system took 1.40 ms
    Global solve took 37.71 ms
    Local solve took 0.06 ms
    Line search took 1.54 ms
Step and readback took 457.52 ms
    Update system took 0.44 ms
    Assemble system took 1.48 ms
    Global solve took 23.29 ms
    Local solve took 0.05 ms
    Line search took 2.67 ms
    Update system took 0.45 ms
    Assemble system took 1.44 ms
    Global solve took 25.01 ms
    Local solve took 0.08 ms
    Line search took 3.22 ms
    Update system took 0.53 ms
    Assemble system took 1.51 ms
    Global solve took 23.98 ms
    Local solve took 0.04 ms
    Line search took 3.49 ms
    Update system took 0.43 ms
    Assemble system took 1.37 ms
    Global solve took 28.70 ms
    Local solve took 0.06 ms
    Line search took 2.56 ms
    Update system took 0.46 ms
    Assemble system took 1.41 ms
    Global solve took 32.87 ms
    Local solve took 0.04 ms
    Line search took 2.05 ms
    Update system took 0.42 ms
    Assemble system took 1.37 ms
    Global solve took 28.60 ms
    Local solve took 0.06 ms
    Line search took 1.52 ms
    Update system took 0.46 ms
    Assemble system took 1.35 ms
    Global solve took 33.40 ms
    Local solve took 0.07 ms
    Line search took 2.16 ms
    Update system took 0.50 ms
    Assemble system took 1.48 ms
    Global solve took 32.99 ms
    Local solve took 0.04 ms
    Line search took 1.56 ms
    Update system took 0.44 ms
    Assemble system took 1.41 ms
    Global solve took 35.61 ms
    Local solve took 0.06 ms
    Line search took 1.57 ms
    Update system took 0.46 ms
    Assemble system took 1.40 ms
    Global solve took 31.00 ms
    Local solve took 0.06 ms
    Line search took 2.05 ms
    Update system took 0.46 ms
    Assemble system took 1.41 ms
    Global solve took 32.92 ms
    Local solve took 0.04 ms
    Line search took 2.01 ms
    Update system took 0.42 ms
    Assemble system took 1.39 ms
    Global solve took 33.12 ms
    Local solve took 0.06 ms
    Line search took 1.57 ms
Step and readback took 438.40 ms
    Update system took 0.46 ms
    Assemble system took 1.47 ms
    Global solve took 63.46 ms
    Local solve took 0.08 ms
    Line search took 1.64 ms
    Update system took 0.51 ms
    Assemble system took 1.45 ms
    Global solve took 63.07 ms
    Local solve took 0.08 ms
    Line search took 1.61 ms
    Update system took 0.49 ms
    Assemble system took 1.44 ms
    Global solve took 63.30 ms
    Local solve took 0.06 ms
    Line search took 1.56 ms
    Update system took 0.49 ms
    Assemble system took 1.39 ms
    Global solve took 49.08 ms
    Local solve took 0.06 ms
    Line search took 1.55 ms
    Update system took 0.48 ms
    Assemble system took 1.39 ms
    Global solve took 40.72 ms
    Local solve took 0.05 ms
    Line search took 1.64 ms
    Update system took 0.49 ms
    Assemble system took 1.44 ms
    Global solve took 38.38 ms
    Local solve took 0.09 ms
    Line search took 1.65 ms
    Update system took 0.52 ms
    Assemble system took 1.43 ms
    Global solve took 37.69 ms
    Local solve took 0.07 ms
    Line search took 1.54 ms
    Update system took 0.46 ms
    Assemble system took 1.39 ms
    Global solve took 37.84 ms
    Local solve took 0.06 ms
    Line search took 1.56 ms
    Update system took 0.46 ms
    Assemble system took 1.40 ms
    Global solve took 39.48 ms
    Local solve took 0.04 ms
    Line search took 1.49 ms
    Update system took 0.41 ms
    Assemble system took 1.37 ms
    Global solve took 40.19 ms
    Local solve took 0.07 ms
    Line search took 2.03 ms
    Update system took 0.45 ms
    Assemble system took 1.41 ms
    Global solve took 37.62 ms
    Local solve took 0.06 ms
    Line search took 1.52 ms
    Update system took 0.49 ms
    Assemble system took 1.41 ms
    Global solve took 37.56 ms
    Local solve took 0.06 ms
    Line search took 1.53 ms
Step and readback took 618.54 ms
    Update system took 0.46 ms
    Assemble system took 1.49 ms
    Global solve took 67.87 ms
    Local solve took 0.08 ms
    Line search took 1.67 ms
    Update system took 0.49 ms
    Assemble system took 1.47 ms
    Global solve took 74.76 ms
    Local solve took 0.08 ms
    Line search took 1.90 ms
    Update system took 0.58 ms
    Assemble system took 1.55 ms
    Global solve took 74.88 ms
    Local solve took 0.08 ms
    Line search took 1.60 ms
    Update system took 0.48 ms
    Assemble system took 1.38 ms
    Global solve took 70.12 ms
    Local solve took 0.08 ms
    Line search took 1.60 ms
    Update system took 0.50 ms
    Assemble system took 1.43 ms
    Global solve took 56.34 ms
    Local solve took 0.07 ms
    Line search took 1.58 ms
    Update system took 0.49 ms
    Assemble system took 1.42 ms
    Global solve took 47.06 ms
    Local solve took 0.07 ms
    Line search took 1.56 ms
    Update system took 0.45 ms
    Assemble system took 1.41 ms
    Global solve took 42.61 ms
    Local solve took 0.08 ms
    Line search took 1.54 ms
    Update system took 0.46 ms
    Assemble system took 1.40 ms
    Global solve took 37.62 ms
    Local solve took 0.06 ms
    Line search took 2.06 ms
    Update system took 0.45 ms
    Assemble system took 1.41 ms
    Global solve took 37.46 ms
    Local solve took 0.04 ms
    Line search took 1.51 ms
    Update system took 0.42 ms
    Assemble system took 1.39 ms
    Global solve took 37.66 ms
    Local solve took 0.06 ms
    Line search took 1.56 ms
    Update system took 0.46 ms
    Assemble system took 1.40 ms
    Global solve took 42.17 ms
    Local solve took 0.06 ms
    Line search took 1.57 ms
    Update system took 0.46 ms
    Assemble system took 1.35 ms
    Global solve took 39.86 ms
    Local solve took 0.06 ms
    Line search took 1.54 ms
Step and readback took 699.10 ms
    Update system took 0.42 ms
    Assemble system took 1.51 ms
    Global solve took 58.59 ms
    Local solve took 0.07 ms
    Line search took 1.62 ms
    Update system took 0.48 ms
    Assemble system took 1.41 ms
    Global solve took 88.84 ms
    Local solve took 0.07 ms
    Line search took 1.63 ms
    Update system took 0.49 ms
    Assemble system took 1.43 ms
    Global solve took 79.33 ms
    Local solve took 0.08 ms
    Line search took 1.54 ms
    Update system took 0.47 ms
    Assemble system took 1.43 ms
    Global solve took 63.58 ms
    Local solve took 0.08 ms
    Line search took 1.64 ms
    Update system took 0.50 ms
    Assemble system took 1.46 ms
    Global solve took 46.98 ms
    Local solve took 0.07 ms
    Line search took 1.56 ms
    Update system took 0.49 ms
    Assemble system took 1.42 ms
    Global solve took 42.58 ms
    Local solve took 0.07 ms
    Line search took 1.58 ms
    Update system took 0.47 ms
    Assemble system took 1.43 ms
    Global solve took 35.32 ms
    Local solve took 0.06 ms
    Line search took 1.55 ms
    Update system took 0.47 ms
    Assemble system took 1.40 ms
    Global solve took 35.67 ms
    Local solve took 0.05 ms
    Line search took 3.10 ms
    Update system took 0.49 ms
    Assemble system took 1.46 ms
    Global solve took 33.25 ms
    Local solve took 0.06 ms
    Line search took 1.54 ms
    Update system took 0.47 ms
    Assemble system took 1.40 ms
    Global solve took 35.53 ms
    Local solve took 0.06 ms
    Line search took 1.54 ms
    Update system took 0.47 ms
    Assemble system took 1.41 ms
    Global solve took 37.68 ms
    Local solve took 0.06 ms
    Line search took 1.55 ms
    Update system took 0.46 ms
    Assemble system took 1.40 ms
    Global solve took 33.03 ms
    Local solve took 0.04 ms
    Line search took 1.57 ms
Step and readback took 661.61 ms
    Update system took 0.41 ms
    Assemble system took 1.47 ms
    Global solve took 61.32 ms
    Local solve took 0.08 ms
    Line search took 1.64 ms
    Update system took 0.47 ms
    Assemble system took 1.45 ms
    Global solve took 82.54 ms
    Local solve took 0.07 ms
    Line search took 1.61 ms
    Update system took 0.49 ms
    Assemble system took 1.42 ms
    Global solve took 84.01 ms
    Local solve took 0.07 ms
    Line search took 2.89 ms
    Update system took 0.54 ms
    Assemble system took 1.44 ms
    Global solve took 64.76 ms
    Local solve took 0.08 ms
    Line search took 1.57 ms
    Update system took 0.47 ms
    Assemble system took 1.41 ms
    Global solve took 46.53 ms
    Local solve took 0.06 ms
    Line search took 2.04 ms
    Update system took 0.44 ms
    Assemble system took 1.41 ms
    Global solve took 39.34 ms
    Local solve took 0.04 ms
    Line search took 1.52 ms
    Update system took 0.42 ms
    Assemble system took 1.40 ms
    Global solve took 37.45 ms
    Local solve took 0.06 ms
    Line search took 1.51 ms
    Update system took 0.46 ms
    Assemble system took 1.40 ms
    Global solve took 37.37 ms
    Local solve took 0.06 ms
    Line search took 2.03 ms
    Update system took 0.45 ms
    Assemble system took 1.41 ms
    Global solve took 32.92 ms
    Local solve took 0.06 ms
    Line search took 1.51 ms
    Update system took 0.45 ms
    Assemble system took 1.38 ms
    Global solve took 37.07 ms
    Local solve took 0.04 ms
    Line search took 1.50 ms
    Update system took 0.42 ms
    Assemble system took 1.35 ms
    Global solve took 40.08 ms
    Local solve took 0.07 ms
    Line search took 1.57 ms
    Update system took 0.48 ms
    Assemble system took 1.44 ms
    Global solve took 37.77 ms
    Local solve took 0.07 ms
    Line search took 1.61 ms
Step and readback took 678.54 ms
    Update system took 0.44 ms
    Assemble system took 1.51 ms
    Global solve took 44.99 ms
    Local solve took 0.08 ms
    Line search took 1.62 ms
    Update system took 0.47 ms
    Assemble system took 1.42 ms
    Global solve took 51.49 ms
    Local solve took 0.07 ms
    Line search took 1.56 ms
    Update system took 0.46 ms
    Assemble system took 1.42 ms
    Global solve took 42.71 ms
    Local solve took 0.07 ms
    Line search took 1.67 ms
    Update system took 0.50 ms
    Assemble system took 1.42 ms
    Global solve took 49.26 ms
    Local solve took 0.06 ms
    Line search took 2.08 ms
    Update system took 0.47 ms
    Assemble system took 1.42 ms
    Global solve took 49.08 ms
    Local solve took 0.04 ms
    Line search took 1.75 ms
    Update system took 0.48 ms
    Assemble system took 1.41 ms
    Global solve took 42.30 ms
    Local solve took 0.04 ms
    Line search took 1.50 ms
    Update system took 0.43 ms
    Assemble system took 1.39 ms
    Global solve took 40.15 ms
    Local solve took 0.06 ms
    Line search took 1.56 ms
    Update system took 0.45 ms
    Assemble system took 1.42 ms
    Global solve took 37.62 ms
    Local solve took 0.06 ms
    Line search took 1.55 ms
    Update system took 0.46 ms
    Assemble system took 1.41 ms
    Global solve took 37.82 ms
    Local solve took 0.06 ms
    Line search took 1.59 ms
    Update system took 0.52 ms
    Assemble system took 1.44 ms
    Global solve took 41.98 ms
    Local solve took 0.04 ms
    Line search took 1.53 ms
    Update system took 0.42 ms
    Assemble system took 1.40 ms
    Global solve took 44.53 ms
    Local solve took 0.08 ms
    Line search took 1.55 ms
    Update system took 0.46 ms
    Assemble system took 1.40 ms
    Global solve took 42.62 ms
    Local solve took 0.07 ms
    Line search took 1.56 ms
Step and readback took 594.79 ms
    Update system took 0.43 ms
    Assemble system took 1.44 ms
    Global solve took 52.02 ms
    Local solve took 0.07 ms
    Line search took 1.62 ms
    Update system took 0.46 ms
    Assemble system took 1.41 ms
    Global solve took 63.17 ms
    Local solve took 0.07 ms
    Line search took 1.57 ms
    Update system took 0.46 ms
    Assemble system took 1.40 ms
    Global solve took 51.66 ms
    Local solve took 0.06 ms
    Line search took 1.57 ms
    Update system took 0.47 ms
    Assemble system took 1.44 ms
    Global solve took 39.90 ms
    Local solve took 0.06 ms
    Line search took 1.53 ms
    Update system took 0.45 ms
    Assemble system took 1.38 ms
    Global solve took 33.26 ms
    Local solve took 0.08 ms
    Line search took 1.57 ms
    Update system took 0.47 ms
    Assemble system took 1.39 ms
    Global solve took 32.80 ms
    Local solve took 0.04 ms
    Line search took 1.49 ms
    Update system took 0.42 ms
    Assemble system took 1.57 ms
    Global solve took 35.56 ms
    Local solve took 0.06 ms
    Line search took 1.54 ms
    Update system took 0.47 ms
    Assemble system took 1.40 ms
    Global solve took 37.96 ms
    Local solve took 0.08 ms
    Line search took 1.60 ms
    Update system took 0.48 ms
    Assemble system took 1.41 ms
    Global solve took 40.09 ms
    Local solve took 0.06 ms
    Line search took 4.03 ms
    Update system took 0.48 ms
    Assemble system took 1.42 ms
    Global solve took 40.16 ms
    Local solve took 0.08 ms
    Line search took 1.53 ms
    Update system took 0.48 ms
    Assemble system took 1.42 ms
    Global solve took 39.85 ms
    Local solve took 0.04 ms
    Line search took 1.54 ms
    Update system took 0.43 ms
    Assemble system took 1.41 ms
    Global solve took 40.73 ms
    Local solve took 0.08 ms
    Line search took 4.60 ms
Step and readback took 582.15 ms
    Update system took 0.43 ms
    Assemble system took 1.49 ms
    Global solve took 56.47 ms
    Local solve took 0.07 ms
    Line search took 1.65 ms
    Update system took 0.49 ms
    Assemble system took 1.45 ms
    Global solve took 73.00 ms
    Local solve took 0.08 ms
    Line search took 1.71 ms
    Update system took 0.53 ms
    Assemble system took 1.47 ms
    Global solve took 60.77 ms
    Local solve took 0.06 ms
    Line search took 1.56 ms
    Update system took 0.47 ms
    Assemble system took 1.41 ms
    Global solve took 42.32 ms
    Local solve took 0.06 ms
    Line search took 1.53 ms
    Update system took 0.47 ms
    Assemble system took 1.41 ms
    Global solve took 35.38 ms
    Local solve took 0.05 ms
    Line search took 1.55 ms
    Update system took 0.43 ms
    Assemble system took 1.39 ms
    Global solve took 35.47 ms
    Local solve took 0.06 ms
    Line search took 1.57 ms
    Update system took 0.47 ms
    Assemble system took 1.42 ms
    Global solve took 33.23 ms
    Local solve took 0.06 ms
    Line search took 3.05 ms
    Update system took 0.46 ms
    Assemble system took 1.42 ms
    Global solve took 32.87 ms
    Local solve took 0.04 ms
    Line search took 1.51 ms
    Update system took 0.42 ms
    Assemble system took 1.39 ms
    Global solve took 37.77 ms
    Local solve took 0.06 ms
    Line search took 1.55 ms
    Update system took 0.44 ms
    Assemble system took 1.41 ms
    Global solve took 37.98 ms
    Local solve took 0.06 ms
    Line search took 1.56 ms
    Update system took 0.46 ms
    Assemble system took 1.40 ms
    Global solve took 37.70 ms
    Local solve took 0.06 ms
    Line search took 1.56 ms
    Update system took 0.45 ms
    Assemble system took 1.41 ms
    Global solve took 37.42 ms
    Local solve took 0.04 ms
    Line search took 1.51 ms
Step and readback took 594.43 ms
    Update system took 0.70 ms
    Assemble system took 2.94 ms
    Global solve took 68.18 ms
    Local solve took 0.11 ms
    Line search took 3.29 ms
    Update system took 0.75 ms
    Assemble system took 2.34 ms
    Global solve took 60.47 ms
    Local solve took 0.11 ms
    Line search took 1.81 ms
    Update system took 0.58 ms
    Assemble system took 1.61 ms
    Global solve took 46.88 ms
    Local solve took 0.09 ms
    Line search took 1.71 ms
    Update system took 0.56 ms
    Assemble system took 1.52 ms
    Global solve took 39.14 ms
    Local solve took 0.08 ms
    Line search took 1.69 ms
    Update system took 0.48 ms
    Assemble system took 1.41 ms
    Global solve took 34.33 ms
    Local solve took 0.06 ms
    Line search took 4.10 ms
    Update system took 0.49 ms
    Assemble system took 1.49 ms
    Global solve took 31.17 ms
    Local solve took 0.04 ms
    Line search took 1.55 ms
    Update system took 0.42 ms
    Assemble system took 1.45 ms
    Global solve took 36.63 ms
    Local solve took 0.09 ms
    Line search took 3.77 ms
    Update system took 0.53 ms
    Assemble system took 1.48 ms
    Global solve took 36.53 ms
    Local solve took 0.07 ms
    Line search took 1.65 ms
    Update system took 0.49 ms
    Assemble system took 1.46 ms
    Global solve took 35.79 ms
    Local solve took 0.04 ms
    Line search took 3.52 ms
    Update system took 0.42 ms
    Assemble system took 1.42 ms
    Global solve took 36.04 ms
    Local solve took 0.06 ms
    Line search took 5.38 ms
    Update system took 0.47 ms
    Assemble system took 1.41 ms
    Global solve took 38.18 ms
    Local solve took 0.06 ms
    Line search took 4.63 ms
    Update system took 0.47 ms
    Assemble system took 1.43 ms
    Global solve took 35.66 ms
    Local solve took 0.04 ms
    Line search took 1.52 ms
Step and readback took 590.09 ms
    Update system took 0.41 ms
    Assemble system took 1.80 ms
    Global solve took 45.52 ms
    Local solve took 0.06 ms
    Line search took 2.73 ms
    Update system took 0.50 ms
    Assemble system took 1.43 ms
    Global solve took 41.12 ms
    Local solve took 0.07 ms
    Line search took 2.13 ms
    Update system took 0.46 ms
    Assemble system took 1.41 ms
    Global solve took 48.64 ms
    Local solve took 0.08 ms
    Line search took 2.10 ms
    Update system took 0.49 ms
    Assemble system took 1.41 ms
    Global solve took 40.67 ms
    Local solve took 0.06 ms
    Line search took 2.51 ms
    Update system took 0.45 ms
    Assemble system took 1.39 ms
    Global solve took 36.16 ms
    Local solve took 0.07 ms
    Line search took 1.57 ms
    Update system took 0.48 ms
    Assemble system took 1.42 ms
    Global solve took 30.08 ms
    Local solve took 0.04 ms
    Line search took 1.50 ms
    Update system took 0.42 ms
    Assemble system took 1.40 ms
    Global solve took 28.61 ms
    Local solve took 0.06 ms
    Line search took 1.56 ms
    Update system took 0.46 ms
    Assemble system took 1.42 ms
    Global solve took 30.82 ms
    Local solve took 0.04 ms
    Line search took 2.51 ms
    Update system took 0.43 ms
    Assemble system took 1.43 ms
    Global solve took 31.13 ms
    Local solve took 0.06 ms
    Line search took 1.57 ms
    Update system took 0.47 ms
    Assemble system took 1.42 ms
    Global solve took 33.74 ms
    Local solve took 0.07 ms
    Line search took 1.57 ms
    Update system took 0.48 ms
    Assemble system took 1.42 ms
    Global solve took 37.83 ms
    Local solve took 0.04 ms
    Line search took 1.56 ms
    Update system took 0.44 ms
    Assemble system took 1.43 ms
    Global solve took 33.62 ms
    Local solve took 0.06 ms
    Line search took 2.57 ms
Step and readback took 513.17 ms
    Update system took 0.44 ms
    Assemble system took 1.50 ms
    Global solve took 41.16 ms
    Local solve took 0.08 ms
    Line search took 2.71 ms
    Update system took 0.49 ms
    Assemble system took 1.45 ms
    Global solve took 45.87 ms
    Local solve took 0.07 ms
    Line search took 1.62 ms
    Update system took 0.47 ms
    Assemble system took 1.46 ms
    Global solve took 38.74 ms
    Local solve took 0.05 ms
    Line search took 1.59 ms
    Update system took 0.46 ms
    Assemble system took 1.47 ms
    Global solve took 29.23 ms
    Local solve took 0.06 ms
    Line search took 1.60 ms
    Update system took 0.47 ms
    Assemble system took 1.48 ms
    Global solve took 34.05 ms
    Local solve took 0.06 ms
    Line search took 2.08 ms
    Update system took 0.48 ms
    Assemble system took 1.42 ms
    Global solve took 34.14 ms
    Local solve took 0.06 ms
    Line search took 1.68 ms
    Update system took 0.51 ms
    Assemble system took 1.53 ms
    Global solve took 38.80 ms
    Local solve took 0.07 ms
    Line search took 1.63 ms
    Update system took 0.47 ms
    Assemble system took 1.46 ms
    Global solve took 39.13 ms
    Local solve took 0.06 ms
    Line search took 2.62 ms
    Update system took 0.46 ms
    Assemble system took 1.43 ms
    Global solve took 38.90 ms
    Local solve took 0.08 ms
    Line search took 1.59 ms
    Update system took 0.49 ms
    Assemble system took 1.44 ms
    Global solve took 38.34 ms
    Local solve took 0.05 ms
    Line search took 2.05 ms
    Update system took 0.45 ms
    Assemble system took 1.43 ms
    Global solve took 38.78 ms
    Local solve took 0.07 ms
    Line search took 1.59 ms
    Update system took 0.47 ms
    Assemble system took 1.43 ms
    Global solve took 38.72 ms
    Local solve took 0.06 ms
    Line search took 2.08 ms
Step and readback took 530.57 ms
    Update system took 0.44 ms
    Assemble system took 1.50 ms
    Global solve took 38.84 ms
    Local solve took 0.07 ms
    Line search took 3.28 ms
    Update system took 0.49 ms
    Assemble system took 1.43 ms
    Global solve took 33.88 ms
    Local solve took 0.04 ms
    Line search took 1.55 ms
    Update system took 0.42 ms
    Assemble system took 1.40 ms
    Global solve took 37.00 ms
    Local solve took 0.08 ms
    Line search took 2.13 ms
    Update system took 0.49 ms
    Assemble system took 1.44 ms
    Global solve took 36.31 ms
    Local solve took 0.07 ms
    Line search took 1.58 ms
    Update system took 0.47 ms
    Assemble system took 1.42 ms
    Global solve took 33.58 ms
    Local solve took 0.04 ms
    Line search took 1.55 ms
    Update system took 0.44 ms
    Assemble system took 1.41 ms
    Global solve took 36.19 ms
    Local solve took 0.06 ms
    Line search took 1.58 ms
    Update system took 0.46 ms
    Assemble system took 1.43 ms
    Global solve took 36.31 ms
    Local solve took 0.06 ms
    Line search took 1.57 ms
    Update system took 0.45 ms
    Assemble system took 1.41 ms
    Global solve took 38.26 ms
    Local solve took 0.04 ms
    Line search took 3.54 ms
    Update system took 0.42 ms
    Assemble system took 1.67 ms
    Global solve took 38.42 ms
    Local solve took 0.05 ms
    Line search took 1.55 ms
    Update system took 0.45 ms
    Assemble system took 3.12 ms
    Global solve took 41.49 ms
    Local solve took 0.07 ms
    Line search took 2.65 ms
    Update system took 0.46 ms
    Assemble system took 1.43 ms
    Global solve took 40.91 ms
    Local solve took 0.06 ms
    Line search took 3.60 ms
    Update system took 0.46 ms
    Assemble system took 1.41 ms
    Global solve took 40.74 ms
    Local solve took 0.06 ms
    Line search took 1.59 ms
Step and readback took 531.19 ms
    Update system took 0.42 ms
    Assemble system took 1.48 ms
    Global solve took 38.74 ms
    Local solve took 0.05 ms
    Line search took 4.22 ms
    Update system took 0.46 ms
    Assemble system took 1.46 ms
    Global solve took 36.35 ms
    Local solve took 0.07 ms
    Line search took 2.13 ms
    Update system took 0.47 ms
    Assemble system took 1.47 ms
    Global solve took 36.46 ms
    Local solve took 0.08 ms
    Line search took 1.59 ms
    Update system took 0.48 ms
    Assemble system took 1.50 ms
    Global solve took 38.29 ms
    Local solve took 0.06 ms
    Line search took 2.09 ms
    Update system took 0.47 ms
    Assemble system took 1.42 ms
    Global solve took 38.41 ms
    Local solve took 0.06 ms
    Line search took 1.66 ms
    Update system took 0.49 ms
    Assemble system took 1.45 ms
    Global solve took 38.44 ms
    Local solve took 0.07 ms
    Line search took 2.09 ms
    Update system took 0.46 ms
    Assemble system took 1.39 ms
    Global solve took 38.73 ms
    Local solve took 0.07 ms
    Line search took 1.58 ms
    Update system took 0.47 ms
    Assemble system took 1.42 ms
    Global solve took 38.50 ms
    Local solve took 0.06 ms
    Line search took 2.59 ms
    Update system took 0.46 ms
    Assemble system took 1.41 ms
    Global solve took 38.38 ms
    Local solve took 0.04 ms
    Line search took 3.58 ms
    Update system took 0.45 ms
    Assemble system took 1.42 ms
    Global solve took 40.84 ms
    Local solve took 0.06 ms
    Line search took 4.59 ms
    Update system took 0.46 ms
    Assemble system took 1.43 ms
    Global solve took 38.44 ms
    Local solve took 0.06 ms
    Line search took 4.60 ms
    Update system took 0.46 ms
    Assemble system took 1.45 ms
    Global solve took 38.32 ms
    Local solve took 0.06 ms
    Line search took 5.55 ms
Step and readback took 547.63 ms
    Update system took 0.43 ms
    Assemble system took 1.45 ms
    Global solve took 31.30 ms
    Local solve took 0.04 ms
    Line search took 4.14 ms
    Update system took 0.43 ms
    Assemble system took 1.43 ms
    Global solve took 31.48 ms
    Local solve took 0.07 ms
    Line search took 2.61 ms
    Update system took 0.46 ms
    Assemble system took 1.56 ms
    Global solve took 33.49 ms
    Local solve took 0.04 ms
    Line search took 3.37 ms
    Update system took 0.45 ms
    Assemble system took 1.44 ms
    Global solve took 34.15 ms
    Local solve took 0.04 ms
    Line search took 2.10 ms
    Update system took 0.43 ms
    Assemble system took 1.42 ms
    Global solve took 36.28 ms
    Local solve took 0.07 ms
    Line search took 1.59 ms
    Update system took 0.48 ms
    Assemble system took 1.45 ms
    Global solve took 36.38 ms
    Local solve took 0.06 ms
    Line search took 1.58 ms
    Update system took 0.46 ms
    Assemble system took 1.45 ms
    Global solve took 38.32 ms
    Local solve took 0.04 ms
    Line search took 2.55 ms
    Update system took 0.44 ms
    Assemble system took 1.42 ms
    Global solve took 38.56 ms
    Local solve took 0.07 ms
    Line search took 2.09 ms
    Update system took 0.49 ms
    Assemble system took 1.42 ms
    Global solve took 40.86 ms
    Local solve took 0.06 ms
    Line search took 2.56 ms
    Update system took 0.49 ms
    Assemble system took 1.43 ms
    Global solve took 38.35 ms
    Local solve took 0.06 ms
    Line search took 1.56 ms
    Update system took 0.45 ms
    Assemble system took 1.50 ms
    Global solve took 42.98 ms
    Local solve took 0.04 ms
    Line search took 1.56 ms
    Update system took 0.45 ms
    Assemble system took 1.41 ms
    Global solve took 43.21 ms
    Local solve took 0.08 ms
    Line search took 1.58 ms
Step and readback took 523.98 ms
    Update system took 0.43 ms
    Assemble system took 1.49 ms
    Global solve took 43.38 ms
    Local solve took 0.08 ms
    Line search took 3.29 ms
    Update system took 0.49 ms
    Assemble system took 1.45 ms
    Global solve took 41.55 ms
    Local solve took 0.08 ms
    Line search took 3.14 ms
    Update system took 0.51 ms
    Assemble system took 1.46 ms
    Global solve took 46.17 ms
    Local solve took 0.08 ms
    Line search took 3.76 ms
    Update system took 0.56 ms
    Assemble system took 1.48 ms
    Global solve took 37.32 ms
    Local solve took 0.04 ms
    Line search took 2.97 ms
    Update system took 0.43 ms
    Assemble system took 1.40 ms
    Global solve took 38.75 ms
    Local solve took 0.11 ms
    Line search took 1.93 ms
    Update system took 0.71 ms
    Assemble system took 1.79 ms
    Global solve took 35.34 ms
    Local solve took 0.12 ms
    Line search took 1.75 ms
    Update system took 0.56 ms
    Assemble system took 1.49 ms
    Global solve took 37.71 ms
    Local solve took 0.08 ms
    Line search took 1.74 ms
    Update system took 0.67 ms
    Assemble system took 1.83 ms
    Global solve took 38.75 ms
    Local solve took 0.09 ms
    Line search took 1.71 ms
    Update system took 0.54 ms
    Assemble system took 1.48 ms
    Global solve took 40.42 ms
    Local solve took 0.08 ms
    Line search took 1.58 ms
    Update system took 0.50 ms
    Assemble system took 1.45 ms
    Global solve took 40.17 ms
    Local solve took 0.07 ms
    Line search took 1.66 ms
    Update system took 0.54 ms
    Assemble system took 1.53 ms
    Global solve took 42.77 ms
    Local solve took 0.06 ms
    Line search took 1.55 ms
    Update system took 0.46 ms
    Assemble system took 1.37 ms
    Global solve took 39.29 ms
    Local solve took 0.05 ms
    Line search took 4.92 ms
Step and readback took 564.84 ms
    Update system took 0.41 ms
    Assemble system took 1.46 ms
    Global solve took 42.57 ms
    Local solve took 0.09 ms
    Line search took 3.12 ms
    Update system took 0.49 ms
    Assemble system took 1.45 ms
    Global solve took 42.26 ms
    Local solve took 0.05 ms
    Line search took 3.03 ms
    Update system took 0.45 ms
    Assemble system took 1.40 ms
    Global solve took 39.53 ms
    Local solve took 0.06 ms
    Line search took 3.00 ms
    Update system took 0.44 ms
    Assemble system took 1.39 ms
    Global solve took 37.26 ms
    Local solve took 0.05 ms
    Line search took 2.97 ms
    Update system took 0.45 ms
    Assemble system took 1.40 ms
    Global solve took 37.13 ms
    Local solve took 0.04 ms
    Line search took 1.50 ms
    Update system took 0.43 ms
    Assemble system took 1.37 ms
    Global solve took 35.23 ms
    Local solve took 0.06 ms
    Line search took 1.54 ms
    Update system took 0.45 ms
    Assemble system took 1.39 ms
    Global solve took 32.78 ms
    Local solve took 0.06 ms
    Line search took 1.60 ms
    Update system took 0.46 ms
    Assemble system took 1.39 ms
    Global solve took 35.11 ms
    Local solve took 0.04 ms
    Line search took 2.03 ms
    Update system took 0.43 ms
    Assemble system took 1.37 ms
    Global solve took 37.45 ms
    Local solve took 0.07 ms
    Line search took 3.74 ms
    Update system took 0.55 ms
    Assemble system took 1.45 ms
    Global solve took 37.40 ms
    Local solve took 0.08 ms
    Line search took 2.49 ms
    Update system took 0.45 ms
    Assemble system took 1.40 ms
    Global solve took 34.75 ms
    Local solve took 0.07 ms
    Line search took 2.97 ms
    Update system took 0.44 ms
    Assemble system took 1.39 ms
    Global solve took 34.49 ms
    Local solve took 0.04 ms
    Line search took 2.99 ms
Step and readback took 533.53 ms
    Update system took 0.41 ms
    Assemble system took 1.55 ms
    Global solve took 31.36 ms
    Local solve took 0.09 ms
    Line search took 2.74 ms
    Update system took 0.56 ms
    Assemble system took 1.49 ms
    Global solve took 33.41 ms
    Local solve took 0.06 ms
    Line search took 2.52 ms
    Update system took 0.49 ms
    Assemble system took 1.42 ms
    Global solve took 41.88 ms
    Local solve took 0.04 ms
    Line search took 2.48 ms
    Update system took 0.42 ms
    Assemble system took 1.40 ms
    Global solve took 39.54 ms
    Local solve took 0.06 ms
    Line search took 1.51 ms
    Update system took 0.44 ms
    Assemble system took 1.41 ms
    Global solve took 35.14 ms
    Local solve took 0.06 ms
    Line search took 1.51 ms
    Update system took 0.46 ms
    Assemble system took 1.36 ms
    Global solve took 32.73 ms
    Local solve took 0.06 ms
    Line search took 1.51 ms
    Update system took 0.44 ms
    Assemble system took 1.38 ms
    Global solve took 32.63 ms
    Local solve took 0.04 ms
    Line search took 1.50 ms
    Update system took 0.43 ms
    Assemble system took 1.36 ms
    Global solve took 32.98 ms
    Local solve took 0.07 ms
    Line search took 1.52 ms
    Update system took 0.45 ms
    Assemble system took 1.39 ms
    Global solve took 37.42 ms
    Local solve took 0.06 ms
    Line search took 1.52 ms
    Update system took 0.44 ms
    Assemble system took 1.40 ms
    Global solve took 37.59 ms
    Local solve took 0.05 ms
    Line search took 1.53 ms
    Update system took 0.44 ms
    Assemble system took 1.38 ms
    Global solve took 42.03 ms
    Local solve took 0.06 ms
    Line search took 1.56 ms
    Update system took 0.44 ms
    Assemble system took 1.39 ms
    Global solve took 41.86 ms
    Local solve took 0.07 ms
    Line search took 1.53 ms
Step and readback took 510.42 ms
    Update system took 0.44 ms
    Assemble system took 1.47 ms
    Global solve took 44.59 ms
    Local solve took 0.08 ms
    Line search took 2.13 ms
    Update system took 0.47 ms
    Assemble system took 1.42 ms
    Global solve took 60.29 ms
    Local solve took 0.07 ms
    Line search took 2.58 ms
    Update system took 0.48 ms
    Assemble system took 1.45 ms
    Global solve took 58.65 ms
    Local solve took 0.07 ms
    Line search took 1.55 ms
    Update system took 0.51 ms
    Assemble system took 1.47 ms
    Global solve took 69.84 ms
    Local solve took 0.06 ms
    Line search took 1.55 ms
    Update system took 0.47 ms
    Assemble system took 1.38 ms
    Global solve took 61.90 ms
    Local solve took 0.11 ms
    Line search took 2.31 ms
    Update system took 0.71 ms
    Assemble system took 1.69 ms
    Global solve took 43.21 ms
    Local solve took 0.05 ms
    Line search took 1.62 ms
    Update system took 0.50 ms
    Assemble system took 1.47 ms
    Global solve took 37.99 ms
    Local solve took 0.07 ms
    Line search took 1.56 ms
    Update system took 0.46 ms
    Assemble system took 1.42 ms
    Global solve took 34.09 ms
    Local solve took 0.08 ms
    Line search took 1.65 ms
    Update system took 0.53 ms
    Assemble system took 1.54 ms
    Global solve took 36.03 ms
    Local solve took 0.06 ms
    Line search took 1.54 ms
    Update system took 0.48 ms
    Assemble system took 1.41 ms
    Global solve took 39.44 ms
    Local solve took 0.06 ms
    Line search took 1.66 ms
    Update system took 0.50 ms
    Assemble system took 1.42 ms
    Global solve took 39.76 ms
    Local solve took 0.07 ms
    Line search took 1.60 ms
    Update system took 0.47 ms
    Assemble system took 1.38 ms
    Global solve took 41.66 ms
    Local solve took 0.07 ms
    Line search took 2.09 ms
Step and readback took 641.03 ms
    Update system took 0.44 ms
    Assemble system took 1.45 ms
    Global solve took 40.10 ms
    Local solve took 0.07 ms
    Line search took 2.63 ms
    Update system took 0.50 ms
    Assemble system took 1.41 ms
    Global solve took 37.25 ms
    Local solve took 0.04 ms
    Line search took 2.98 ms
    Update system took 0.43 ms
    Assemble system took 1.38 ms
    Global solve took 39.70 ms
    Local solve took 0.06 ms
    Line search took 3.50 ms
    Update system took 0.45 ms
    Assemble system took 1.39 ms
    Global solve took 39.78 ms
    Local solve took 0.06 ms
    Line search took 4.02 ms
    Update system took 0.46 ms
    Assemble system took 1.39 ms
    Global solve took 34.95 ms
    Local solve took 0.06 ms
    Line search took 2.01 ms
    Update system took 0.46 ms
    Assemble system took 1.37 ms
    Global solve took 37.18 ms
    Local solve took 0.04 ms
    Line search took 1.53 ms
    Update system took 0.42 ms
    Assemble system took 1.61 ms
    Global solve took 34.85 ms
    Local solve took 0.05 ms
    Line search took 1.51 ms
    Update system took 0.46 ms
    Assemble system took 1.40 ms
    Global solve took 39.66 ms
    Local solve took 0.06 ms
    Line search took 1.53 ms
    Update system took 0.45 ms
    Assemble system took 1.39 ms
    Global solve took 41.90 ms
    Local solve took 0.07 ms
    Line search took 1.53 ms
    Update system took 0.45 ms
    Assemble system took 1.38 ms
    Global solve took 39.79 ms
    Local solve took 0.06 ms
    Line search took 2.02 ms
    Update system took 0.45 ms
    Assemble system took 1.37 ms
    Global solve took 39.44 ms
    Local solve took 0.04 ms
    Line search took 1.50 ms
    Update system took 0.41 ms
    Assemble system took 1.37 ms
    Global solve took 39.79 ms
    Local solve took 0.06 ms
    Line search took 1.54 ms
Step and readback took 540.95 ms
    Update system took 0.43 ms
    Assemble system took 1.46 ms
    Global solve took 42.30 ms
    Local solve took 0.07 ms
    Line search took 2.59 ms
    Update system took 0.46 ms
    Assemble system took 1.41 ms
    Global solve took 37.57 ms
    Local solve took 0.06 ms
    Line search took 3.51 ms
    Update system took 0.47 ms
    Assemble system took 2.51 ms
    Global solve took 43.25 ms
    Local solve took 0.07 ms
    Line search took 2.70 ms
    Update system took 0.50 ms
    Assemble system took 1.46 ms
    Global solve took 40.36 ms
    Local solve took 0.04 ms
    Line search took 4.04 ms
    Update system took 0.45 ms
    Assemble system took 1.37 ms
    Global solve took 42.84 ms
    Local solve took 0.09 ms
    Line search took 3.12 ms
    Update system took 0.52 ms
    Assemble system took 1.43 ms
    Global solve took 34.86 ms
    Local solve took 0.06 ms
    Line search took 2.96 ms
    Update system took 0.45 ms
    Assemble system took 1.41 ms
    Global solve took 37.60 ms
    Local solve took 0.09 ms
    Line search took 3.56 ms
    Update system took 0.51 ms
    Assemble system took 1.47 ms
    Global solve took 37.15 ms
    Local solve took 0.04 ms
    Line search took 2.92 ms
    Update system took 0.42 ms
    Assemble system took 1.38 ms
    Global solve took 37.24 ms
    Local solve took 0.06 ms
    Line search took 2.50 ms
    Update system took 0.46 ms
    Assemble system took 1.39 ms
    Global solve took 39.47 ms
    Local solve took 0.06 ms
    Line search took 1.51 ms
    Update system took 0.46 ms
    Assemble system took 1.39 ms
    Global solve took 41.69 ms
    Local solve took 0.06 ms
    Line search took 2.51 ms
    Update system took 0.48 ms
    Assemble system took 1.40 ms
    Global solve took 44.75 ms
    Local solve took 0.08 ms
    Line search took 2.43 ms
Step and readback took 567.26 ms
    Update system took 0.44 ms
    Assemble system took 1.52 ms
    Global solve took 42.26 ms
    Local solve took 0.05 ms
    Line search took 2.57 ms
    Update system took 0.43 ms
    Assemble system took 1.41 ms
    Global solve took 40.12 ms
    Local solve took 0.07 ms
    Line search took 4.20 ms
    Update system took 0.44 ms
    Assemble system took 1.39 ms
    Global solve took 42.84 ms
    Local solve took 0.06 ms
    Line search took 3.00 ms
    Update system took 0.44 ms
    Assemble system took 1.44 ms
    Global solve took 42.17 ms
    Local solve took 0.06 ms
    Line search took 3.52 ms
    Update system took 0.47 ms
    Assemble system took 1.40 ms
    Global solve took 37.65 ms
    Local solve took 0.06 ms
    Line search took 3.03 ms
    Update system took 0.46 ms
    Assemble system took 1.42 ms
    Global solve took 41.96 ms
    Local solve took 0.04 ms
    Line search took 2.96 ms
    Update system took 0.41 ms
    Assemble system took 1.40 ms
    Global solve took 37.41 ms
    Local solve took 0.06 ms
    Line search took 2.05 ms
    Update system took 0.44 ms
    Assemble system took 1.33 ms
    Global solve took 37.58 ms
    Local solve took 0.06 ms
    Line search took 1.54 ms
    Update system took 0.47 ms
    Assemble system took 1.40 ms
    Global solve took 42.06 ms
    Local solve took 0.06 ms
    Line search took 1.53 ms
    Update system took 0.44 ms
    Assemble system took 1.38 ms
    Global solve took 42.35 ms
    Local solve took 0.06 ms
    Line search took 1.56 ms
    Update system took 0.47 ms
    Assemble system took 1.42 ms
    Global solve took 41.71 ms
    Local solve took 0.04 ms
    Line search took 1.97 ms
    Update system took 0.41 ms
    Assemble system took 1.36 ms
    Global solve took 41.87 ms
    Local solve took 0.08 ms
    Line search took 1.67 ms
Step and readback took 570.89 ms
    Update system took 0.44 ms
    Assemble system took 1.53 ms
    Global solve took 45.69 ms
    Local solve took 0.07 ms
    Line search took 3.18 ms
    Update system took 0.51 ms
    Assemble system took 1.45 ms
    Global solve took 44.48 ms
    Local solve took 0.08 ms
    Line search took 3.50 ms
    Update system took 0.46 ms
    Assemble system took 1.41 ms
    Global solve took 44.21 ms
    Local solve took 0.06 ms
    Line search took 4.00 ms
    Update system took 0.47 ms
    Assemble system took 1.41 ms
    Global solve took 42.67 ms
    Local solve took 0.07 ms
    Line search took 3.11 ms
    Update system took 0.52 ms
    Assemble system took 1.44 ms
    Global solve took 39.57 ms
    Local solve took 0.04 ms
    Line search took 2.98 ms
    Update system took 0.42 ms
    Assemble system took 1.55 ms
    Global solve took 40.63 ms
    Local solve took 0.11 ms
    Line search took 3.77 ms
    Update system took 0.56 ms
    Assemble system took 1.57 ms
    Global solve took 38.41 ms
    Local solve took 0.07 ms
    Line search took 1.58 ms
    Update system took 0.48 ms
    Assemble system took 1.43 ms
    Global solve took 38.02 ms
    Local solve took 0.06 ms
    Line search took 1.54 ms
    Update system took 0.49 ms
    Assemble system took 1.40 ms
    Global solve took 37.54 ms
    Local solve took 0.04 ms
    Line search took 2.03 ms
    Update system took 0.42 ms
    Assemble system took 1.59 ms
    Global solve took 37.48 ms
    Local solve took 0.05 ms
    Line search took 1.53 ms
    Update system took 0.46 ms
    Assemble system took 1.43 ms
    Global solve took 42.41 ms
    Local solve took 0.06 ms
    Line search took 1.56 ms
    Update system took 0.46 ms
    Assemble system took 1.41 ms
    Global solve took 44.66 ms
    Local solve took 0.06 ms
    Line search took 1.57 ms
Step and readback took 577.55 ms
    Update system took 0.42 ms
    Assemble system took 1.46 ms
    Global solve took 44.89 ms
    Local solve took 0.08 ms
    Line search took 2.70 ms
    Update system took 0.47 ms
    Assemble system took 1.42 ms
    Global solve took 46.66 ms
    Local solve took 0.07 ms
    Line search took 3.00 ms
    Update system took 0.46 ms
    Assemble system took 1.40 ms
    Global solve took 46.69 ms
    Local solve took 0.06 ms
    Line search took 3.01 ms
    Update system took 0.45 ms
    Assemble system took 1.40 ms
    Global solve took 46.36 ms
    Local solve took 0.06 ms
    Line search took 2.51 ms
    Update system took 0.44 ms
    Assemble system took 1.40 ms
    Global solve took 43.88 ms
    Local solve took 0.04 ms
    Line search took 1.48 ms
    Update system took 0.43 ms
    Assemble system took 1.34 ms
    Global solve took 44.45 ms
    Local solve took 0.08 ms
    Line search took 2.02 ms
    Update system took 0.45 ms
    Assemble system took 1.50 ms
    Global solve took 42.28 ms
    Local solve took 0.07 ms
    Line search took 1.59 ms
    Update system took 0.48 ms
    Assemble system took 1.42 ms
    Global solve took 46.87 ms
    Local solve took 0.06 ms
    Line search took 1.59 ms
    Update system took 0.48 ms
    Assemble system took 1.40 ms
    Global solve took 47.03 ms
    Local solve took 0.07 ms
    Line search took 1.60 ms
    Update system took 0.48 ms
    Assemble system took 1.43 ms
    Global solve took 44.36 ms
    Local solve took 0.06 ms
    Line search took 2.11 ms
    Update system took 0.46 ms
    Assemble system took 1.41 ms
    Global solve took 41.92 ms
    Local solve took 0.06 ms
    Line search took 1.56 ms
    Update system took 0.45 ms
    Assemble system took 1.40 ms
    Global solve took 44.39 ms
    Local solve took 0.07 ms
    Line search took 1.56 ms
Step and readback took 615.56 ms
    Update system took 0.45 ms
    Assemble system took 1.48 ms
    Global solve took 46.54 ms
    Local solve took 0.04 ms
    Line search took 3.56 ms
    Update system took 0.46 ms
    Assemble system took 1.59 ms
    Global solve took 46.98 ms
    Local solve took 0.06 ms
    Line search took 4.48 ms
    Update system took 0.46 ms
    Assemble system took 1.40 ms
    Global solve took 48.97 ms
    Local solve took 0.06 ms
    Line search took 2.50 ms
    Update system took 0.45 ms
    Assemble system took 1.41 ms
    Global solve took 46.77 ms
    Local solve took 0.07 ms
    Line search took 2.53 ms
    Update system took 0.46 ms
    Assemble system took 1.43 ms
    Global solve took 44.42 ms
    Local solve took 0.06 ms
    Line search took 1.52 ms
    Update system took 0.44 ms
    Assemble system took 1.37 ms
    Global solve took 44.30 ms
    Local solve took 0.06 ms
    Line search took 1.53 ms
    Update system took 0.44 ms
    Assemble system took 1.39 ms
    Global solve took 46.42 ms
    Local solve took 0.06 ms
    Line search took 1.50 ms
    Update system took 0.48 ms
    Assemble system took 1.39 ms
    Global solve took 46.49 ms
    Local solve took 0.06 ms
    Line search took 1.58 ms
    Update system took 0.44 ms
    Assemble system took 1.39 ms
    Global solve took 46.63 ms
    Local solve took 0.07 ms
    Line search took 1.53 ms
    Update system took 0.46 ms
    Assemble system took 1.41 ms
    Global solve took 46.62 ms
    Local solve took 0.06 ms
    Line search took 1.54 ms
    Update system took 0.45 ms
    Assemble system took 1.42 ms
    Global solve took 46.32 ms
    Local solve took 0.06 ms
    Line search took 1.52 ms
    Update system took 0.48 ms
    Assemble system took 1.38 ms
    Global solve took 46.34 ms
    Local solve took 0.06 ms
    Line search took 1.52 ms
Step and readback took 632.56 ms
    Update system took 0.43 ms
    Assemble system took 1.47 ms
    Global solve took 46.59 ms
    Local solve took 0.04 ms
    Line search took 4.02 ms
    Update system took 0.43 ms
    Assemble system took 1.42 ms
    Global solve took 44.20 ms
    Local solve took 0.06 ms
    Line search took 2.56 ms
    Update system took 0.46 ms
    Assemble system took 1.38 ms
    Global solve took 44.57 ms
    Local solve took 0.08 ms
    Line search took 2.61 ms
    Update system took 0.50 ms
    Assemble system took 1.48 ms
    Global solve took 44.43 ms
    Local solve took 0.08 ms
    Line search took 3.38 ms
    Update system took 0.47 ms
    Assemble system took 1.40 ms
    Global solve took 44.31 ms
    Local solve took 0.07 ms
    Line search took 3.01 ms
    Update system took 0.46 ms
    Assemble system took 1.40 ms
    Global solve took 42.13 ms
    Local solve took 0.06 ms
    Line search took 1.59 ms
    Update system took 0.46 ms
    Assemble system took 1.41 ms
    Global solve took 49.15 ms
    Local solve took 0.08 ms
    Line search took 1.67 ms
    Update system took 0.51 ms
    Assemble system took 1.46 ms
    Global solve took 46.40 ms
    Local solve took 0.07 ms
    Line search took 1.57 ms
    Update system took 0.46 ms
    Assemble system took 1.42 ms
    Global solve took 46.37 ms
    Local solve took 0.06 ms
    Line search took 2.03 ms
    Update system took 0.46 ms
    Assemble system took 1.40 ms
    Global solve took 50.14 ms
    Local solve took 0.07 ms
    Line search took 1.68 ms
    Update system took 0.51 ms
    Assemble system took 1.72 ms
    Global solve took 46.83 ms
    Local solve took 0.06 ms
    Line search took 2.04 ms
    Update system took 0.47 ms
    Assemble system took 1.41 ms
    Global solve took 46.71 ms
    Local solve took 0.07 ms
    Line search took 2.07 ms
Step and readback took 632.46 ms
    Update system took 0.44 ms
    Assemble system took 1.47 ms
    Global solve took 40.03 ms
    Local solve took 0.07 ms
    Line search took 1.61 ms
    Update system took 0.45 ms
    Assemble system took 1.43 ms
    Global solve took 37.52 ms
    Local solve took 0.06 ms
    Line search took 1.53 ms
    Update system took 0.45 ms
    Assemble system took 1.42 ms
    Global solve took 37.45 ms
    Local solve took 0.06 ms
    Line search took 1.55 ms
    Update system took 0.46 ms
    Assemble system took 1.40 ms
    Global solve took 39.55 ms
    Local solve took 0.04 ms
    Line search took 1.50 ms
    Update system took 0.42 ms
    Assemble system took 1.39 ms
    Global solve took 41.96 ms
    Local solve took 0.06 ms
    Line search took 1.54 ms
    Update system took 0.46 ms
    Assemble system took 1.39 ms
    Global solve took 46.73 ms
    Local solve took 0.06 ms
    Line search took 1.54 ms
    Update system took 0.45 ms
    Assemble system took 1.39 ms
    Global solve took 46.46 ms
    Local solve took 0.06 ms
    Line search took 1.53 ms
    Update system took 0.45 ms
    Assemble system took 1.38 ms
    Global solve took 46.52 ms
    Local solve took 0.06 ms
    Line search took 1.51 ms
    Update system took 0.44 ms
    Assemble system took 1.40 ms
    Global solve took 46.36 ms
    Local solve took 0.06 ms
    Line search took 1.58 ms
    Update system took 0.44 ms
    Assemble system took 1.38 ms
    Global solve took 46.47 ms
    Local solve took 0.06 ms
    Line search took 1.51 ms
    Update system took 0.46 ms
    Assemble system took 1.39 ms
    Global solve took 47.07 ms
    Local solve took 0.08 ms
    Line search took 1.55 ms
    Update system took 0.47 ms
    Assemble system took 1.39 ms
    Global solve took 46.44 ms
    Local solve took 0.08 ms
    Line search took 1.56 ms
Step and readback took 591.23 ms
    Update system took 0.42 ms
    Assemble system took 1.46 ms
    Global solve took 23.62 ms
    Local solve took 0.04 ms
    Line search took 1.59 ms
    Update system took 0.42 ms
    Assemble system took 1.38 ms
    Global solve took 23.83 ms
    Local solve took 0.06 ms
    Line search took 1.52 ms
    Update system took 0.45 ms
    Assemble system took 1.39 ms
    Global solve took 25.81 ms
    Local solve took 0.04 ms
    Line search took 1.47 ms
    Update system took 0.42 ms
    Assemble system took 1.36 ms
    Global solve took 30.65 ms
    Local solve took 0.06 ms
    Line search took 2.03 ms
    Update system took 0.45 ms
    Assemble system took 1.39 ms
    Global solve took 33.23 ms
    Local solve took 0.05 ms
    Line search took 1.63 ms
    Update system took 0.48 ms
    Assemble system took 1.68 ms
    Global solve took 37.09 ms
    Local solve took 0.05 ms
    Line search took 1.54 ms
    Update system took 0.44 ms
    Assemble system took 1.35 ms
    Global solve took 37.48 ms
    Local solve took 0.06 ms
    Line search took 1.55 ms
    Update system took 0.44 ms
    Assemble system took 1.41 ms
    Global solve took 37.20 ms
    Local solve took 0.06 ms
    Line search took 1.53 ms
    Update system took 0.45 ms
    Assemble system took 1.39 ms
    Global solve took 39.36 ms
    Local solve took 0.04 ms
    Line search took 1.74 ms
    Update system took 0.44 ms
    Assemble system took 1.47 ms
    Global solve took 43.77 ms
    Local solve took 0.04 ms
    Line search took 1.49 ms
    Update system took 0.41 ms
    Assemble system took 1.38 ms
    Global solve took 46.50 ms
    Local solve took 0.07 ms
    Line search took 1.55 ms
    Update system took 0.46 ms
    Assemble system took 1.42 ms
    Global solve took 46.51 ms
    Local solve took 0.06 ms
    Line search took 1.54 ms
Step and readback took 494.52 ms
    Update system took 0.41 ms
    Assemble system took 1.42 ms
    Global solve took 63.12 ms
    Local solve took 0.08 ms
    Line search took 1.61 ms
    Update system took 0.47 ms
    Assemble system took 1.40 ms
    Global solve took 48.95 ms
    Local solve took 0.06 ms
    Line search took 1.54 ms
    Update system took 0.45 ms
    Assemble system took 1.41 ms
    Global solve took 44.36 ms
    Local solve took 0.06 ms
    Line search took 1.56 ms
    Update system took 0.46 ms
    Assemble system took 1.41 ms
    Global solve took 42.19 ms
    Local solve took 0.06 ms
    Line search took 1.53 ms
    Update system took 0.45 ms
    Assemble system took 1.39 ms
    Global solve took 39.68 ms
    Local solve took 0.06 ms
    Line search took 1.52 ms
    Update system took 0.44 ms
    Assemble system took 1.40 ms
    Global solve took 39.60 ms
    Local solve took 0.06 ms
    Line search took 1.50 ms
    Update system took 0.45 ms
    Assemble system took 1.39 ms
    Global solve took 44.25 ms
    Local solve took 0.06 ms
    Line search took 1.52 ms
    Update system took 0.45 ms
    Assemble system took 1.40 ms
    Global solve took 46.34 ms
    Local solve took 0.04 ms
    Line search took 1.48 ms
    Update system took 0.44 ms
    Assemble system took 1.54 ms
    Global solve took 46.62 ms
    Local solve took 0.07 ms
    Line search took 2.06 ms
    Update system took 0.49 ms
    Assemble system took 1.41 ms
    Global solve took 46.60 ms
    Local solve took 0.07 ms
    Line search took 1.55 ms
    Update system took 0.47 ms
    Assemble system took 1.40 ms
    Global solve took 46.75 ms
    Local solve took 0.06 ms
    Line search took 1.53 ms
    Update system took 0.45 ms
    Assemble system took 1.40 ms
    Global solve took 46.51 ms
    Local solve took 0.06 ms
    Line search took 1.60 ms
Step and readback took 624.32 ms
    Update system took 0.42 ms
    Assemble system took 1.67 ms
    Global solve took 19.77 ms
    Local solve took 0.07 ms
    Line search took 1.66 ms
    Update system took 0.52 ms
    Assemble system took 1.43 ms
    Global solve took 25.82 ms
    Local solve took 0.04 ms
    Line search took 1.52 ms
    Update system took 0.43 ms
    Assemble system took 1.39 ms
    Global solve took 26.09 ms
    Local solve took 0.06 ms
    Line search took 1.56 ms
    Update system took 0.45 ms
    Assemble system took 1.39 ms
    Global solve took 25.91 ms
    Local solve took 0.04 ms
    Line search took 1.52 ms
    Update system took 0.42 ms
    Assemble system took 1.38 ms
    Global solve took 37.75 ms
    Local solve took 0.06 ms
    Line search took 1.58 ms
    Update system took 0.48 ms
    Assemble system took 1.46 ms
    Global solve took 33.49 ms
    Local solve took 0.07 ms
    Line search took 2.05 ms
    Update system took 0.45 ms
    Assemble system took 1.41 ms
    Global solve took 35.21 ms
    Local solve took 0.04 ms
    Line search took 1.48 ms
    Update system took 0.42 ms
    Assemble system took 1.37 ms
    Global solve took 37.41 ms
    Local solve took 0.06 ms
    Line search took 1.52 ms
    Update system took 0.47 ms
    Assemble system took 1.40 ms
    Global solve took 37.55 ms
    Local solve took 0.06 ms
    Line search took 2.02 ms
    Update system took 0.45 ms
    Assemble system took 1.40 ms
    Global solve took 39.69 ms
    Local solve took 0.06 ms
    Line search took 1.52 ms
    Update system took 0.44 ms
    Assemble system took 1.40 ms
    Global solve took 39.37 ms
    Local solve took 0.04 ms
    Line search took 1.48 ms
    Update system took 0.42 ms
    Assemble system took 1.39 ms
    Global solve took 39.64 ms
    Local solve took 0.06 ms
    Line search took 1.53 ms
Step and readback took 467.51 ms
    Update system took 0.42 ms
    Assemble system took 1.46 ms
    Global solve took 21.64 ms
    Local solve took 0.07 ms
    Line search took 1.65 ms
    Update system took 0.48 ms
    Assemble system took 1.41 ms
    Global solve took 25.81 ms
    Local solve took 0.04 ms
    Line search took 1.49 ms
    Update system took 0.43 ms
    Assemble system took 1.38 ms
    Global solve took 32.91 ms
    Local solve took 0.06 ms
    Line search took 2.02 ms
    Update system took 0.45 ms
    Assemble system took 1.40 ms
    Global solve took 37.74 ms
    Local solve took 0.06 ms
    Line search took 1.53 ms
    Update system took 0.47 ms
    Assemble system took 1.40 ms
    Global solve took 37.37 ms
    Local solve took 0.04 ms
    Line search took 1.49 ms
    Update system took 0.43 ms
    Assemble system took 1.39 ms
    Global solve took 37.68 ms
    Local solve took 0.06 ms
    Line search took 1.53 ms
    Update system took 0.45 ms
    Assemble system took 1.36 ms
    Global solve took 37.62 ms
    Local solve took 0.06 ms
    Line search took 1.52 ms
    Update system took 0.46 ms
    Assemble system took 1.38 ms
    Global solve took 39.66 ms
    Local solve took 0.06 ms
    Line search took 1.54 ms
    Update system took 0.44 ms
    Assemble system took 1.38 ms
    Global solve took 40.57 ms
    Local solve took 0.06 ms
    Line search took 2.71 ms
    Update system took 0.50 ms
    Assemble system took 1.46 ms
    Global solve took 40.97 ms
    Local solve took 0.09 ms
    Line search took 2.16 ms
    Update system took 0.54 ms
    Assemble system took 1.46 ms
    Global solve took 40.05 ms
    Local solve took 0.07 ms
    Line search took 1.58 ms
    Update system took 0.47 ms
    Assemble system took 1.44 ms
    Global solve took 41.13 ms
    Local solve took 0.10 ms
    Line search took 1.73 ms
Step and readback took 504.84 ms
    Update system took 0.44 ms
    Assemble system took 1.48 ms
    Global solve took 50.60 ms
    Local solve took 0.08 ms
    Line search took 1.71 ms
    Update system took 0.53 ms
    Assemble system took 1.47 ms
    Global solve took 58.74 ms
    Local solve took 0.07 ms
    Line search took 1.61 ms
    Update system took 0.49 ms
    Assemble system took 1.42 ms
    Global solve took 37.67 ms
    Local solve took 0.07 ms
    Line search took 1.57 ms
    Update system took 0.48 ms
    Assemble system took 1.43 ms
    Global solve took 39.83 ms
    Local solve took 0.04 ms
    Line search took 1.52 ms
    Update system took 0.42 ms
    Assemble system took 1.37 ms
    Global solve took 37.56 ms
    Local solve took 0.06 ms
    Line search took 1.54 ms
    Update system took 0.44 ms
    Assemble system took 1.38 ms
    Global solve took 39.84 ms
    Local solve took 0.07 ms
    Line search took 3.01 ms
    Update system took 0.44 ms
    Assemble system took 1.39 ms
    Global solve took 39.85 ms
    Local solve took 0.06 ms
    Line search took 3.02 ms
    Update system took 0.45 ms
    Assemble system took 1.38 ms
    Global solve took 39.34 ms
    Local solve took 0.04 ms
    Line search took 3.21 ms
    Update system took 0.44 ms
    Assemble system took 1.46 ms
    Global solve took 41.55 ms
    Local solve took 0.04 ms
    Line search took 2.50 ms
    Update system took 0.43 ms
    Assemble system took 1.40 ms
    Global solve took 39.68 ms
    Local solve took 0.07 ms
    Line search took 2.03 ms
    Update system took 0.44 ms
    Assemble system took 1.39 ms
    Global solve took 39.62 ms
    Local solve took 0.06 ms
    Line search took 1.53 ms
    Update system took 0.45 ms
    Assemble system took 1.38 ms
    Global solve took 39.53 ms
    Local solve took 0.07 ms
    Line search took 1.55 ms
Step and readback took 579.20 ms
    Update system took 0.42 ms
    Assemble system took 1.47 ms
    Global solve took 23.66 ms
    Local solve took 0.04 ms
    Line search took 1.56 ms
    Update system took 0.50 ms
    Assemble system took 1.46 ms
    Global solve took 23.84 ms
    Local solve took 0.06 ms
    Line search took 1.55 ms
    Update system took 0.46 ms
    Assemble system took 1.40 ms
    Global solve took 28.18 ms
    Local solve took 0.05 ms
    Line search took 1.51 ms
    Update system took 0.41 ms
    Assemble system took 1.39 ms
    Global solve took 30.96 ms
    Local solve took 0.07 ms
    Line search took 1.58 ms
    Update system took 0.46 ms
    Assemble system took 1.40 ms
    Global solve took 30.75 ms
    Local solve took 0.06 ms
    Line search took 3.02 ms
    Update system took 0.45 ms
    Assemble system took 1.39 ms
    Global solve took 34.92 ms
    Local solve took 0.04 ms
    Line search took 2.95 ms
    Update system took 0.42 ms
    Assemble system took 1.37 ms
    Global solve took 35.19 ms
    Local solve took 0.06 ms
    Line search took 3.02 ms
    Update system took 0.45 ms
    Assemble system took 1.40 ms
    Global solve took 32.94 ms
    Local solve took 0.06 ms
    Line search took 2.53 ms
    Update system took 0.44 ms
    Assemble system took 1.40 ms
    Global solve took 35.08 ms
    Local solve took 0.04 ms
    Line search took 2.02 ms
    Update system took 0.43 ms
    Assemble system took 1.39 ms
    Global solve took 30.73 ms
    Local solve took 0.06 ms
    Line search took 1.53 ms
    Update system took 0.46 ms
    Assemble system took 1.41 ms
    Global solve took 37.48 ms
    Local solve took 0.06 ms
    Line search took 1.53 ms
    Update system took 0.45 ms
    Assemble system took 1.40 ms
    Global solve took 37.01 ms
    Local solve took 0.04 ms
    Line search took 1.51 ms
Step and readback took 455.41 ms
    Update system took 0.43 ms
    Assemble system took 3.30 ms
    Global solve took 28.10 ms
    Local solve took 0.10 ms
    Line search took 1.77 ms
    Update system took 0.56 ms
    Assemble system took 1.50 ms
    Global solve took 19.23 ms
    Local solve took 0.04 ms
    Line search took 1.53 ms
    Update system took 0.43 ms
    Assemble system took 1.41 ms
    Global solve took 24.18 ms
    Local solve took 0.06 ms
    Line search took 1.57 ms
    Update system took 0.47 ms
    Assemble system took 1.39 ms
    Global solve took 31.22 ms
    Local solve took 0.07 ms
    Line search took 2.42 ms
    Update system took 0.66 ms
    Assemble system took 2.09 ms
    Global solve took 29.34 ms
    Local solve took 0.06 ms
    Line search took 1.57 ms
    Update system took 0.48 ms
    Assemble system took 1.45 ms
    Global solve took 33.68 ms
    Local solve took 0.08 ms
    Line search took 3.12 ms
    Update system took 0.50 ms
    Assemble system took 1.48 ms
    Global solve took 37.61 ms
    Local solve took 0.04 ms
    Line search took 3.19 ms
    Update system took 0.46 ms
    Assemble system took 1.66 ms
    Global solve took 33.40 ms
    Local solve took 0.07 ms
    Line search took 2.64 ms
    Update system took 0.49 ms
    Assemble system took 1.49 ms
    Global solve took 35.06 ms
    Local solve took 0.06 ms
    Line search took 2.02 ms
    Update system took 0.43 ms
    Assemble system took 1.38 ms
    Global solve took 39.55 ms
    Local solve took 0.07 ms
    Line search took 1.53 ms
    Update system took 0.45 ms
    Assemble system took 1.37 ms
    Global solve took 39.57 ms
    Local solve took 0.04 ms
    Line search took 1.50 ms
    Update system took 0.43 ms
    Assemble system took 1.39 ms
    Global solve took 39.83 ms
    Local solve took 0.07 ms
    Line search took 1.55 ms
Step and readback took 469.16 ms
    Update system took 0.43 ms
    Assemble system took 1.44 ms
    Global solve took 58.55 ms
    Local solve took 0.07 ms
    Line search took 1.63 ms
    Update system took 0.48 ms
    Assemble system took 1.43 ms
    Global solve took 74.64 ms
    Local solve took 0.07 ms
    Line search took 1.57 ms
    Update system took 0.47 ms
    Assemble system took 1.43 ms
    Global solve took 67.40 ms
    Local solve took 0.06 ms
    Line search took 1.56 ms
    Update system took 0.46 ms
    Assemble system took 1.41 ms
    Global solve took 69.71 ms
    Local solve took 0.06 ms
    Line search took 2.06 ms
    Update system took 0.46 ms
    Assemble system took 1.41 ms
    Global solve took 66.55 ms
    Local solve took 0.08 ms
    Line search took 1.75 ms
    Update system took 0.55 ms
    Assemble system took 1.50 ms
    Global solve took 51.49 ms
    Local solve took 0.08 ms
    Line search took 2.33 ms
    Update system took 0.51 ms
    Assemble system took 1.42 ms
    Global solve took 41.55 ms
    Local solve took 0.04 ms
    Line search took 1.49 ms
    Update system took 0.42 ms
    Assemble system took 1.37 ms
    Global solve took 34.84 ms
    Local solve took 0.06 ms
    Line search took 1.55 ms
    Update system took 0.44 ms
    Assemble system took 1.35 ms
    Global solve took 37.50 ms
    Local solve took 0.08 ms
    Line search took 1.68 ms
    Update system took 0.66 ms
    Assemble system took 2.99 ms
    Global solve took 40.20 ms
    Local solve took 0.06 ms
    Line search took 2.09 ms
    Update system took 0.48 ms
    Assemble system took 1.40 ms
    Global solve took 41.93 ms
    Local solve took 0.04 ms
    Line search took 1.71 ms
    Update system took 0.46 ms
    Assemble system took 1.41 ms
    Global solve took 43.56 ms
    Local solve took 0.04 ms
    Line search took 1.51 ms
Step and readback took 706.97 ms
    Update system took 0.40 ms
    Assemble system took 1.46 ms
    Global solve took 61.05 ms
    Local solve took 0.07 ms
    Line search took 1.60 ms
    Update system took 0.48 ms
    Assemble system took 1.40 ms
    Global solve took 60.45 ms
    Local solve took 0.06 ms
    Line search took 2.15 ms
    Update system took 0.47 ms
    Assemble system took 1.40 ms
    Global solve took 71.73 ms
    Local solve took 0.06 ms
    Line search took 1.55 ms
    Update system took 0.46 ms
    Assemble system took 1.41 ms
    Global solve took 56.02 ms
    Local solve took 0.07 ms
    Line search took 1.57 ms
    Update system took 0.46 ms
    Assemble system took 1.42 ms
    Global solve took 44.37 ms
    Local solve took 0.06 ms
    Line search took 1.53 ms
    Update system took 0.44 ms
    Assemble system took 1.39 ms
    Global solve took 39.56 ms
    Local solve took 0.06 ms
    Line search took 1.51 ms
    Update system took 0.45 ms
    Assemble system took 1.40 ms
    Global solve took 37.27 ms
    Local solve took 0.06 ms
    Line search took 1.54 ms
    Update system took 0.45 ms
    Assemble system took 1.36 ms
    Global solve took 37.06 ms
    Local solve took 0.04 ms
    Line search took 1.49 ms
    Update system took 0.43 ms
    Assemble system took 1.38 ms
    Global solve took 37.31 ms
    Local solve took 0.06 ms
    Line search took 2.04 ms
    Update system took 0.45 ms
    Assemble system took 1.37 ms
    Global solve took 39.72 ms
    Local solve took 0.06 ms
    Line search took 1.56 ms
    Update system took 0.47 ms
    Assemble system took 1.41 ms
    Global solve took 44.27 ms
    Local solve took 0.06 ms
    Line search took 1.52 ms
    Update system took 0.46 ms
    Assemble system took 1.38 ms
    Global solve took 44.34 ms
    Local solve took 0.06 ms
    Line search took 1.55 ms
Step and readback took 642.91 ms
    Update system took 0.43 ms
    Assemble system took 1.46 ms
    Global solve took 49.29 ms
    Local solve took 0.07 ms
    Line search took 1.69 ms
    Update system took 0.50 ms
    Assemble system took 1.44 ms
    Global solve took 60.43 ms
    Local solve took 0.07 ms
    Line search took 1.55 ms
    Update system took 0.47 ms
    Assemble system took 1.40 ms
    Global solve took 48.84 ms
    Local solve took 0.06 ms
    Line search took 1.53 ms
    Update system took 0.44 ms
    Assemble system took 1.38 ms
    Global solve took 44.41 ms
    Local solve took 0.08 ms
    Line search took 1.69 ms
    Update system took 0.54 ms
    Assemble system took 1.50 ms
    Global solve took 42.31 ms
    Local solve took 0.04 ms
    Line search took 1.51 ms
    Update system took 0.42 ms
    Assemble system took 1.40 ms
    Global solve took 39.89 ms
    Local solve took 0.06 ms
    Line search took 1.55 ms
    Update system took 0.45 ms
    Assemble system took 1.39 ms
    Global solve took 37.57 ms
    Local solve took 0.07 ms
    Line search took 2.03 ms
    Update system took 0.44 ms
    Assemble system took 1.35 ms
    Global solve took 40.04 ms
    Local solve took 0.06 ms
    Line search took 1.53 ms
    Update system took 0.46 ms
    Assemble system took 1.40 ms
    Global solve took 37.15 ms
    Local solve took 0.04 ms
    Line search took 1.49 ms
    Update system took 0.42 ms
    Assemble system took 1.49 ms
    Global solve took 39.92 ms
    Local solve took 0.06 ms
    Line search took 1.55 ms
    Update system took 0.47 ms
    Assemble system took 1.40 ms
    Global solve took 41.97 ms
    Local solve took 0.06 ms
    Line search took 1.54 ms
    Update system took 0.45 ms
    Assemble system took 1.40 ms
    Global solve took 44.27 ms
    Local solve took 0.06 ms
    Line search took 1.54 ms
Step and readback took 595.70 ms
    Update system took 0.42 ms
    Assemble system took 1.45 ms
    Global solve took 53.96 ms
    Local solve took 0.07 ms
    Line search took 1.65 ms
    Update system took 0.46 ms
    Assemble system took 1.39 ms
    Global solve took 76.47 ms
    Local solve took 0.07 ms
    Line search took 1.56 ms
    Update system took 0.46 ms
    Assemble system took 1.39 ms
    Global solve took 67.42 ms
    Local solve took 0.07 ms
    Line search took 2.12 ms
    Update system took 0.48 ms
    Assemble system took 1.41 ms
    Global solve took 67.23 ms
    Local solve took 0.06 ms
    Line search took 1.53 ms
    Update system took 0.47 ms
    Assemble system took 1.39 ms
    Global solve took 58.18 ms
    Local solve took 0.07 ms
    Line search took 1.56 ms
    Update system took 0.47 ms
    Assemble system took 1.38 ms
    Global solve took 49.04 ms
    Local solve took 0.07 ms
    Line search took 1.55 ms
    Update system took 0.46 ms
    Assemble system took 1.39 ms
    Global solve took 39.99 ms
    Local solve took 0.07 ms
    Line search took 1.60 ms
    Update system took 0.52 ms
    Assemble system took 1.41 ms
    Global solve took 35.21 ms
    Local solve took 0.07 ms
    Line search took 1.57 ms
    Update system took 0.47 ms
    Assemble system took 1.41 ms
    Global solve took 34.92 ms
    Local solve took 0.04 ms
    Line search took 1.99 ms
    Update system took 0.41 ms
    Assemble system took 1.40 ms
    Global solve took 35.23 ms
    Local solve took 0.06 ms
    Line search took 1.52 ms
    Update system took 0.44 ms
    Assemble system took 1.34 ms
    Global solve took 37.79 ms
    Local solve took 0.08 ms
    Line search took 1.67 ms
    Update system took 0.52 ms
    Assemble system took 1.43 ms
    Global solve took 39.72 ms
    Local solve took 0.06 ms
    Line search took 1.57 ms
Step and readback took 665.53 ms
    Update system took 0.43 ms
    Assemble system took 1.45 ms
    Global solve took 51.43 ms
    Local solve took 0.07 ms
    Line search took 1.61 ms
    Update system took 0.47 ms
    Assemble system took 1.39 ms
    Global solve took 76.58 ms
    Local solve took 0.07 ms
    Line search took 1.57 ms
    Update system took 0.48 ms
    Assemble system took 1.46 ms
    Global solve took 69.70 ms
    Local solve took 0.06 ms
    Line search took 1.55 ms
    Update system took 0.46 ms
    Assemble system took 1.43 ms
    Global solve took 58.50 ms
    Local solve took 0.10 ms
    Line search took 1.70 ms
    Update system took 0.53 ms
    Assemble system took 1.67 ms
    Global solve took 44.57 ms
    Local solve took 0.07 ms
    Line search took 1.55 ms
    Update system took 0.46 ms
    Assemble system took 1.40 ms
    Global solve took 44.45 ms
    Local solve took 0.06 ms
    Line search took 2.05 ms
    Update system took 0.48 ms
    Assemble system took 1.41 ms
    Global solve took 39.87 ms
    Local solve took 0.06 ms
    Line search took 1.54 ms
    Update system took 0.45 ms
    Assemble system took 1.39 ms
    Global solve took 35.26 ms
    Local solve took 0.06 ms
    Line search took 1.51 ms
    Update system took 0.45 ms
    Assemble system took 1.40 ms
    Global solve took 34.94 ms
    Local solve took 0.04 ms
    Line search took 1.51 ms
    Update system took 0.42 ms
    Assemble system took 1.34 ms
    Global solve took 37.69 ms
    Local solve took 0.07 ms
    Line search took 2.06 ms
    Update system took 0.47 ms
    Assemble system took 1.39 ms
    Global solve took 37.56 ms
    Local solve took 0.06 ms
    Line search took 1.53 ms
    Update system took 0.44 ms
    Assemble system took 1.39 ms
    Global solve took 41.99 ms
    Local solve took 0.08 ms
    Line search took 1.53 ms
Step and readback took 643.06 ms
    Update system took 0.42 ms
    Assemble system took 1.48 ms
    Global solve took 56.51 ms
    Local solve took 0.08 ms
    Line search took 1.66 ms
    Update system took 0.50 ms
    Assemble system took 1.44 ms
    Global solve took 60.84 ms
    Local solve took 0.09 ms
    Line search took 1.69 ms
    Update system took 0.53 ms
    Assemble system took 1.47 ms
    Global solve took 48.73 ms
    Local solve took 0.07 ms
    Line search took 1.58 ms
    Update system took 0.49 ms
    Assemble system took 1.41 ms
    Global solve took 46.48 ms
    Local solve took 0.06 ms
    Line search took 1.52 ms
    Update system took 0.47 ms
    Assemble system took 1.38 ms
    Global solve took 44.34 ms
    Local solve took 0.08 ms
    Line search took 2.15 ms
    Update system took 0.50 ms
    Assemble system took 1.46 ms
    Global solve took 39.71 ms
    Local solve took 0.07 ms
    Line search took 1.51 ms
    Update system took 0.46 ms
    Assemble system took 1.39 ms
    Global solve took 37.28 ms
    Local solve took 0.04 ms
    Line search took 1.49 ms
    Update system took 0.41 ms
    Assemble system took 1.39 ms
    Global solve took 35.27 ms
    Local solve took 0.07 ms
    Line search took 1.53 ms
    Update system took 0.45 ms
    Assemble system took 1.43 ms
    Global solve took 37.33 ms
    Local solve took 0.06 ms
    Line search took 2.50 ms
    Update system took 0.45 ms
    Assemble system took 1.39 ms
    Global solve took 37.10 ms
    Local solve took 0.05 ms
    Line search took 1.71 ms
    Update system took 0.47 ms
    Assemble system took 1.38 ms
    Global solve took 36.93 ms
    Local solve took 0.04 ms
    Line search took 1.50 ms
    Update system took 0.41 ms
    Assemble system took 1.36 ms
    Global solve took 39.72 ms
    Local solve took 0.06 ms
    Line search took 1.52 ms
Step and readback took 591.14 ms
    Update system took 0.43 ms
    Assemble system took 1.44 ms
    Global solve took 40.12 ms
    Local solve took 0.07 ms
    Line search took 1.71 ms
    Update system took 0.51 ms
    Assemble system took 1.42 ms
    Global solve took 35.10 ms
    Local solve took 0.07 ms
    Line search took 2.03 ms
    Update system took 0.44 ms
    Assemble system took 1.41 ms
    Global solve took 42.05 ms
    Local solve took 0.04 ms
    Line search took 1.54 ms
    Update system took 0.44 ms
    Assemble system took 1.40 ms
    Global solve took 42.05 ms
    Local solve took 0.06 ms
    Line search took 1.53 ms
    Update system took 0.45 ms
    Assemble system took 1.40 ms
    Global solve took 39.46 ms
    Local solve took 0.06 ms
    Line search took 1.54 ms
    Update system took 0.44 ms
    Assemble system took 1.37 ms
    Global solve took 34.96 ms
    Local solve took 0.06 ms
    Line search took 2.52 ms
    Update system took 0.45 ms
    Assemble system took 1.37 ms
    Global solve took 37.02 ms
    Local solve took 0.04 ms
    Line search took 1.97 ms
    Update system took 0.41 ms
    Assemble system took 1.36 ms
    Global solve took 37.18 ms
    Local solve took 0.06 ms
    Line search took 2.53 ms
    Update system took 0.46 ms
    Assemble system took 1.39 ms
    Global solve took 37.45 ms
    Local solve took 0.07 ms
    Line search took 2.52 ms
    Update system took 0.45 ms
    Assemble system took 1.39 ms
    Global solve took 37.30 ms
    Local solve took 0.06 ms
    Line search took 1.52 ms
    Update system took 0.46 ms
    Assemble system took 1.37 ms
    Global solve took 37.78 ms
    Local solve took 0.04 ms
    Line search took 1.55 ms
    Update system took 0.43 ms
    Assemble system took 1.41 ms
    Global solve took 39.90 ms
    Local solve took 0.08 ms
    Line search took 1.57 ms
Step and readback took 533.47 ms
    Update system took 0.43 ms
    Assemble system took 1.48 ms
    Global solve took 40.38 ms
    Local solve took 0.08 ms
    Line search took 1.68 ms
    Update system took 0.47 ms
    Assemble system took 1.43 ms
    Global solve took 33.00 ms
    Local solve took 0.06 ms
    Line search took 1.52 ms
    Update system took 0.45 ms
    Assemble system took 1.36 ms
    Global solve took 37.45 ms
    Local solve took 0.04 ms
    Line search took 1.51 ms
    Update system took 0.45 ms
    Assemble system took 1.40 ms
    Global solve took 33.25 ms
    Local solve took 0.09 ms
    Line search took 1.66 ms
    Update system took 0.51 ms
    Assemble system took 1.44 ms
    Global solve took 33.05 ms
    Local solve took 0.06 ms
    Line search took 1.57 ms
    Update system took 0.45 ms
    Assemble system took 1.39 ms
    Global solve took 34.91 ms
    Local solve took 0.04 ms
    Line search took 1.98 ms
    Update system took 0.41 ms
    Assemble system took 1.59 ms
    Global solve took 38.27 ms
    Local solve took 0.05 ms
    Line search took 1.54 ms
    Update system took 0.46 ms
    Assemble system took 1.40 ms
    Global solve took 35.18 ms
    Local solve took 0.06 ms
    Line search took 1.51 ms
    Update system took 0.47 ms
    Assemble system took 1.39 ms
    Global solve took 37.31 ms
    Local solve took 0.06 ms
    Line search took 2.01 ms
    Update system took 0.44 ms
    Assemble system took 1.38 ms
    Global solve took 32.64 ms
    Local solve took 0.04 ms
    Line search took 1.50 ms
    Update system took 0.42 ms
    Assemble system took 1.38 ms
    Global solve took 35.05 ms
    Local solve took 0.06 ms
    Line search took 1.75 ms
    Update system took 0.50 ms
    Assemble system took 1.38 ms
    Global solve took 40.17 ms
    Local solve took 0.07 ms
    Line search took 1.57 ms
Step and readback took 501.13 ms
    Update system took 0.44 ms
    Assemble system took 1.49 ms
    Global solve took 42.35 ms
    Local solve took 0.08 ms
    Line search took 1.69 ms
    Update system took 0.50 ms
    Assemble system took 1.41 ms
    Global solve took 49.00 ms
    Local solve took 0.06 ms
    Line search took 1.57 ms
    Update system took 0.49 ms
    Assemble system took 1.41 ms
    Global solve took 39.67 ms
    Local solve took 0.04 ms
    Line search took 1.54 ms
    Update system took 0.45 ms
    Assemble system took 1.40 ms
    Global solve took 37.64 ms
    Local solve took 0.06 ms
    Line search took 1.55 ms
    Update system took 0.46 ms
    Assemble system took 1.39 ms
    Global solve took 37.68 ms
    Local solve took 0.06 ms
    Line search took 1.54 ms
    Update system took 0.44 ms
    Assemble system took 1.38 ms
    Global solve took 39.79 ms
    Local solve took 0.06 ms
    Line search took 1.54 ms
    Update system took 0.46 ms
    Assemble system took 1.41 ms
    Global solve took 42.11 ms
    Local solve took 0.06 ms
    Line search took 1.52 ms
    Update system took 0.44 ms
    Assemble system took 1.38 ms
    Global solve took 41.81 ms
    Local solve took 0.04 ms
    Line search took 1.48 ms
    Update system took 0.42 ms
    Assemble system took 1.39 ms
    Global solve took 42.29 ms
    Local solve took 0.07 ms
    Line search took 1.57 ms
    Update system took 0.46 ms
    Assemble system took 1.40 ms
    Global solve took 42.84 ms
    Local solve took 0.08 ms
    Line search took 1.70 ms
    Update system took 0.54 ms
    Assemble system took 1.43 ms
    Global solve took 44.69 ms
    Local solve took 0.08 ms
    Line search took 1.60 ms
    Update system took 0.48 ms
    Assemble system took 1.44 ms
    Global solve took 44.70 ms
    Local solve took 0.06 ms
    Line search took 1.60 ms
Step and readback took 574.19 ms
    Update system took 0.42 ms
    Assemble system took 1.49 ms
    Global solve took 35.09 ms
    Local solve took 0.04 ms
    Line search took 1.88 ms
    Update system took 0.47 ms
    Assemble system took 1.40 ms
    Global solve took 46.63 ms
    Local solve took 0.07 ms
    Line search took 1.66 ms
    Update system took 0.52 ms
    Assemble system took 1.44 ms
    Global solve took 37.63 ms
    Local solve took 0.06 ms
    Line search took 1.55 ms
    Update system took 0.46 ms
    Assemble system took 1.39 ms
    Global solve took 42.19 ms
    Local solve took 0.07 ms
    Line search took 1.54 ms
    Update system took 0.46 ms
    Assemble system took 1.37 ms
    Global solve took 51.37 ms
    Local solve took 0.09 ms
    Line search took 1.56 ms
    Update system took 0.47 ms
    Assemble system took 1.39 ms
    Global solve took 1159.87 ms
    Local solve took 0.08 ms
    Line search took 1.74 ms
    Update system took 0.55 ms
    Assemble system took 1.46 ms
    Global solve took 69.49 ms
    Local solve took 0.07 ms
    Line search took 3.15 ms
    Update system took 0.54 ms
    Assemble system took 1.47 ms
    Global solve took 71.69 ms
    Local solve took 0.07 ms
    Line search took 1.57 ms
    Update system took 0.46 ms
    Assemble system took 1.36 ms
    Global solve took 62.63 ms
    Local solve took 0.07 ms
    Line search took 1.55 ms
    Update system took 0.47 ms
    Assemble system took 1.38 ms
    Global solve took 39.82 ms
    Local solve took 0.06 ms
    Line search took 3.01 ms
    Update system took 0.47 ms
    Assemble system took 1.41 ms
    Global solve took 44.33 ms
    Local solve took 0.06 ms
    Line search took 1.54 ms
    Update system took 0.44 ms
    Assemble system took 1.42 ms
    Global solve took 35.19 ms
    Local solve took 0.06 ms
    Line search took 1.51 ms
Step and readback took 1769.08 ms
    Update system took 0.43 ms
    Assemble system took 1.46 ms
    Global solve took 35.02 ms
    Local solve took 0.04 ms
    Line search took 1.57 ms
    Update system took 0.42 ms
    Assemble system took 1.36 ms
    Global solve took 35.54 ms
    Local solve took 0.07 ms
    Line search took 1.62 ms
    Update system took 0.47 ms
    Assemble system took 1.45 ms
    Global solve took 32.91 ms
    Local solve took 0.06 ms
    Line search took 1.54 ms
    Update system took 0.46 ms
    Assemble system took 1.38 ms
    Global solve took 32.58 ms
    Local solve took 0.04 ms
    Line search took 1.52 ms
    Update system took 0.43 ms
    Assemble system took 1.57 ms
    Global solve took 37.32 ms
    Local solve took 0.06 ms
    Line search took 1.53 ms
    Update system took 0.45 ms
    Assemble system took 1.40 ms
    Global solve took 42.08 ms
    Local solve took 0.06 ms
    Line search took 1.51 ms
    Update system took 0.45 ms
    Assemble system took 1.39 ms
    Global solve took 83.77 ms
    Local solve took 0.07 ms
    Line search took 1.68 ms
    Update system took 0.51 ms
    Assemble system took 1.45 ms
    Global solve took 39.61 ms
    Local solve took 0.04 ms
    Line search took 1.59 ms
    Update system took 0.43 ms
    Assemble system took 1.41 ms
    Global solve took 32.84 ms
    Local solve took 0.06 ms
    Line search took 1.53 ms
    Update system took 0.47 ms
    Assemble system took 1.40 ms
    Global solve took 30.58 ms
    Local solve took 0.06 ms
    Line search took 1.55 ms
    Update system took 0.46 ms
    Assemble system took 1.38 ms
    Global solve took 32.48 ms
    Local solve took 0.04 ms
    Line search took 1.48 ms
    Update system took 0.45 ms
    Assemble system took 1.32 ms
    Global solve took 35.13 ms
    Local solve took 0.06 ms
    Line search took 1.54 ms
Step and readback took 538.76 ms
    Update system took 0.41 ms
    Assemble system took 1.46 ms
    Global solve took 40.21 ms
    Local solve took 0.07 ms
    Line search took 2.12 ms
    Update system took 0.47 ms
    Assemble system took 1.41 ms
    Global solve took 47.01 ms
    Local solve took 0.07 ms
    Line search took 1.56 ms
    Update system took 0.46 ms
    Assemble system took 1.48 ms
    Global solve took 97.99 ms
    Local solve took 0.07 ms
    Line search took 1.60 ms
    Update system took 0.50 ms
    Assemble system took 1.43 ms
    Global solve took 30.49 ms
    Local solve took 0.04 ms
    Line search took 1.51 ms
    Update system took 0.43 ms
    Assemble system took 1.38 ms
    Global solve took 37.52 ms
    Local solve took 0.06 ms
    Line search took 1.54 ms
    Update system took 0.47 ms
    Assemble system took 1.39 ms
    Global solve took 35.18 ms
    Local solve took 0.08 ms
    Line search took 1.51 ms
    Update system took 0.45 ms
    Assemble system took 1.40 ms
    Global solve took 35.06 ms
    Local solve took 0.04 ms
    Line search took 1.50 ms
    Update system took 0.42 ms
    Assemble system took 1.38 ms
    Global solve took 35.34 ms
    Local solve took 0.06 ms
    Line search took 1.55 ms
    Update system took 0.46 ms
    Assemble system took 1.40 ms
    Global solve took 39.82 ms
    Local solve took 0.06 ms
    Line search took 1.53 ms
    Update system took 0.45 ms
    Assemble system took 1.40 ms
    Global solve took 42.07 ms
    Local solve took 0.06 ms
    Line search took 1.59 ms
    Update system took 0.46 ms
    Assemble system took 1.38 ms
    Global solve took 42.06 ms
    Local solve took 0.06 ms
    Line search took 3.52 ms
    Update system took 0.44 ms
    Assemble system took 1.40 ms
    Global solve took 44.47 ms
    Local solve took 0.04 ms
    Line search took 1.54 ms
Step and readback took 598.54 ms
    Update system took 0.40 ms
    Assemble system took 1.44 ms
    Global solve took 38.26 ms
    Local solve took 0.09 ms
    Line search took 3.64 ms
    Update system took 0.52 ms
    Assemble system took 1.47 ms
    Global solve took 35.35 ms
    Local solve took 0.06 ms
    Line search took 3.03 ms
    Update system took 0.46 ms
    Assemble system took 1.40 ms
    Global solve took 35.35 ms
    Local solve took 0.06 ms
    Line search took 3.02 ms
    Update system took 0.46 ms
    Assemble system took 1.39 ms
    Global solve took 35.26 ms
    Local solve took 0.05 ms
    Line search took 1.71 ms
    Update system took 0.50 ms
    Assemble system took 1.41 ms
    Global solve took 40.14 ms
    Local solve took 0.07 ms
    Line search took 1.56 ms
    Update system took 0.47 ms
    Assemble system took 1.38 ms
    Global solve took 42.29 ms
    Local solve took 0.06 ms
    Line search took 3.55 ms
    Update system took 0.45 ms
    Assemble system took 1.44 ms
    Global solve took 42.25 ms
    Local solve took 0.06 ms
    Line search took 1.54 ms
    Update system took 0.45 ms
    Assemble system took 1.39 ms
    Global solve took 44.55 ms
    Local solve took 0.06 ms
    Line search took 3.51 ms
    Update system took 0.45 ms
    Assemble system took 1.40 ms
    Global solve took 44.24 ms
    Local solve took 0.04 ms
    Line search took 2.23 ms
    Update system took 0.45 ms
    Assemble system took 1.37 ms
    Global solve took 44.27 ms
    Local solve took 0.04 ms
    Line search took 3.48 ms
    Update system took 0.43 ms
    Assemble system took 1.40 ms
    Global solve took 42.20 ms
    Local solve took 0.06 ms
    Line search took 1.54 ms
    Update system took 0.45 ms
    Assemble system took 1.39 ms
    Global solve took 44.65 ms
    Local solve took 0.07 ms
    Line search took 3.53 ms
Step and readback took 571.60 ms
    Update system took 0.43 ms
    Assemble system took 1.47 ms
    Global solve took 37.93 ms
    Local solve took 0.07 ms
    Line search took 3.68 ms
    Update system took 0.48 ms
    Assemble system took 1.46 ms
    Global solve took 35.53 ms
    Local solve took 0.06 ms
    Line search took 2.05 ms
    Update system took 0.46 ms
    Assemble system took 1.40 ms
    Global solve took 32.95 ms
    Local solve took 0.04 ms
    Line search took 1.55 ms
    Update system took 0.43 ms
    Assemble system took 1.38 ms
    Global solve took 35.26 ms
    Local solve took 0.06 ms
    Line search took 1.54 ms
    Update system took 0.48 ms
    Assemble system took 1.40 ms
    Global solve took 39.93 ms
    Local solve took 0.06 ms
    Line search took 1.55 ms
    Update system took 0.45 ms
    Assemble system took 1.40 ms
    Global solve took 42.20 ms
    Local solve took 0.06 ms
    Line search took 1.55 ms
    Update system took 0.45 ms
    Assemble system took 1.40 ms
    Global solve took 39.72 ms
    Local solve took 0.04 ms
    Line search took 1.99 ms
    Update system took 0.42 ms
    Assemble system took 1.36 ms
    Global solve took 40.16 ms
    Local solve took 0.06 ms
    Line search took 1.55 ms
    Update system took 0.44 ms
    Assemble system took 1.39 ms
    Global solve took 41.01 ms
    Local solve took 0.16 ms
    Line search took 2.55 ms
    Update system took 0.90 ms
    Assemble system took 2.15 ms
    Global solve took 40.76 ms
    Local solve took 0.08 ms
    Line search took 2.26 ms
    Update system took 0.55 ms
    Assemble system took 1.51 ms
    Global solve took 37.95 ms
    Local solve took 0.04 ms
    Line search took 1.62 ms
    Update system took 0.49 ms
    Assemble system took 1.45 ms
    Global solve took 39.81 ms
    Local solve took 0.07 ms
    Line search took 1.55 ms
Step and readback took 539.56 ms
    Update system took 0.42 ms
    Assemble system took 1.53 ms
    Global solve took 40.88 ms
    Local solve took 0.07 ms
    Line search took 3.13 ms
    Update system took 0.46 ms
    Assemble system took 1.44 ms
    Global solve took 40.57 ms
    Local solve took 0.09 ms
    Line search took 2.78 ms
    Update system took 0.56 ms
    Assemble system took 1.50 ms
    Global solve took 37.87 ms
    Local solve took 0.04 ms
    Line search took 2.03 ms
    Update system took 0.44 ms
    Assemble system took 1.40 ms
    Global solve took 37.31 ms
    Local solve took 0.11 ms
    Line search took 1.86 ms
    Update system took 0.66 ms
    Assemble system took 1.68 ms
    Global solve took 34.06 ms
    Local solve took 0.06 ms
    Line search took 1.57 ms
    Update system took 0.46 ms
    Assemble system took 1.43 ms
    Global solve took 35.08 ms
    Local solve took 0.04 ms
    Line search took 1.49 ms
    Update system took 0.44 ms
    Assemble system took 1.56 ms
    Global solve took 42.31 ms
    Local solve took 0.06 ms
    Line search took 1.56 ms
    Update system took 0.49 ms
    Assemble system took 1.43 ms
    Global solve took 43.10 ms
    Local solve took 0.08 ms
    Line search took 1.55 ms
    Update system took 0.47 ms
    Assemble system took 1.39 ms
    Global solve took 44.65 ms
    Local solve took 0.07 ms
    Line search took 1.60 ms
    Update system took 0.50 ms
    Assemble system took 1.42 ms
    Global solve took 44.41 ms
    Local solve took 0.06 ms
    Line search took 1.53 ms
    Update system took 0.47 ms
    Assemble system took 1.40 ms
    Global solve took 46.71 ms
    Local solve took 0.06 ms
    Line search took 1.53 ms
    Update system took 0.46 ms
    Assemble system took 1.40 ms
    Global solve took 46.71 ms
    Local solve took 0.06 ms
    Line search took 1.57 ms
Step and readback took 567.44 ms
    Update system took 0.42 ms
    Assemble system took 1.45 ms
    Global solve took 34.99 ms
    Local solve took 0.04 ms
    Line search took 3.07 ms
    Update system took 0.43 ms
    Assemble system took 1.39 ms
    Global solve took 32.96 ms
    Local solve took 0.08 ms
    Line search took 3.04 ms
    Update system took 0.46 ms
    Assemble system took 1.42 ms
    Global solve took 35.32 ms
    Local solve took 0.06 ms
    Line search took 2.01 ms
    Update system took 0.45 ms
    Assemble system took 1.38 ms
    Global solve took 34.83 ms
    Local solve took 0.04 ms
    Line search took 1.73 ms
    Update system took 0.44 ms
    Assemble system took 1.38 ms
    Global solve took 34.85 ms
    Local solve took 0.04 ms
    Line search took 2.48 ms
    Update system took 0.41 ms
    Assemble system took 1.37 ms
    Global solve took 35.12 ms
    Local solve took 0.06 ms
    Line search took 1.53 ms
    Update system took 0.45 ms
    Assemble system took 1.38 ms
    Global solve took 41.74 ms
    Local solve took 0.07 ms
    Line search took 1.62 ms
    Update system took 0.48 ms
    Assemble system took 1.46 ms
    Global solve took 43.09 ms
    Local solve took 0.08 ms
    Line search took 1.69 ms
    Update system took 0.53 ms
    Assemble system took 1.60 ms
    Global solve took 42.03 ms
    Local solve took 0.04 ms
    Line search took 1.57 ms
    Update system took 0.45 ms
    Assemble system took 1.41 ms
    Global solve took 42.14 ms
    Local solve took 0.06 ms
    Line search took 1.53 ms
    Update system took 0.47 ms
    Assemble system took 1.39 ms
    Global solve took 42.16 ms
    Local solve took 0.06 ms
    Line search took 1.54 ms
    Update system took 0.45 ms
    Assemble system took 1.41 ms
    Global solve took 42.89 ms
    Local solve took 0.08 ms
    Line search took 1.98 ms
Step and readback took 536.33 ms
    Update system took 0.43 ms
    Assemble system took 1.49 ms
    Global solve took 38.00 ms
    Local solve took 0.07 ms
    Line search took 2.63 ms
    Update system took 0.48 ms
    Assemble system took 1.42 ms
    Global solve took 34.95 ms
    Local solve took 0.04 ms
    Line search took 3.01 ms
    Update system took 0.43 ms
    Assemble system took 1.37 ms
    Global solve took 35.23 ms
    Local solve took 0.06 ms
    Line search took 2.53 ms
    Update system took 0.44 ms
    Assemble system took 1.37 ms
    Global solve took 35.31 ms
    Local solve took 0.06 ms
    Line search took 2.51 ms
    Update system took 0.45 ms
    Assemble system took 1.40 ms
    Global solve took 34.90 ms
    Local solve took 0.04 ms
    Line search took 1.99 ms
    Update system took 0.41 ms
    Assemble system took 1.38 ms
    Global solve took 35.29 ms
    Local solve took 0.06 ms
    Line search took 2.03 ms
    Update system took 0.44 ms
    Assemble system took 1.40 ms
    Global solve took 35.25 ms
    Local solve took 0.06 ms
    Line search took 1.54 ms
    Update system took 0.44 ms
    Assemble system took 1.38 ms
    Global solve took 60.79 ms
    Local solve took 0.07 ms
    Line search took 1.62 ms
    Update system took 0.50 ms
    Assemble system took 1.41 ms
    Global solve took 136.46 ms
    Local solve took 0.07 ms
    Line search took 1.78 ms
    Update system took 0.47 ms
    Assemble system took 1.39 ms
    Global solve took 34.94 ms
    Local solve took 0.04 ms
    Line search took 1.50 ms
    Update system took 0.42 ms
    Assemble system took 1.33 ms
    Global solve took 35.28 ms
    Local solve took 0.06 ms
    Line search took 1.54 ms
    Update system took 0.46 ms
    Assemble system took 1.41 ms
    Global solve took 37.35 ms
    Local solve took 0.06 ms
    Line search took 1.52 ms
Step and readback took 628.16 ms
    Update system took 0.43 ms
    Assemble system took 1.47 ms
    Global solve took 23.64 ms
    Local solve took 0.04 ms
    Line search took 2.60 ms
    Update system took 0.44 ms
    Assemble system took 1.43 ms
    Global solve took 30.93 ms
    Local solve took 0.06 ms
    Line search took 2.55 ms
    Update system took 0.44 ms
    Assemble system took 1.42 ms
    Global solve took 36.06 ms
    Local solve took 0.08 ms
    Line search took 3.16 ms
    Update system took 0.54 ms
    Assemble system took 3.17 ms
    Global solve took 40.90 ms
    Local solve took 0.06 ms
    Line search took 2.72 ms
    Update system took 0.49 ms
    Assemble system took 1.50 ms
    Global solve took 42.66 ms
    Local solve took 0.08 ms
    Line search took 2.11 ms
    Update system took 0.49 ms
    Assemble system took 1.46 ms
    Global solve took 35.20 ms
    Local solve took 0.07 ms
    Line search took 1.55 ms
    Update system took 0.46 ms
    Assemble system took 1.38 ms
    Global solve took 35.07 ms
    Local solve took 0.07 ms
    Line search took 1.56 ms
    Update system took 0.44 ms
    Assemble system took 1.38 ms
    Global solve took 32.53 ms
    Local solve took 0.05 ms
    Line search took 1.50 ms
    Update system took 0.41 ms
    Assemble system took 1.38 ms
    Global solve took 36.11 ms
    Local solve took 0.10 ms
    Line search took 1.82 ms
    Update system took 0.56 ms
    Assemble system took 1.44 ms
    Global solve took 37.73 ms
    Local solve took 0.07 ms
    Line search took 1.60 ms
    Update system took 0.48 ms
    Assemble system took 1.38 ms
    Global solve took 37.36 ms
    Local solve took 0.04 ms
    Line search took 1.52 ms
    Update system took 0.43 ms
    Assemble system took 1.38 ms
    Global solve took 39.90 ms
    Local solve took 0.06 ms
    Line search took 1.54 ms
Step and readback took 504.86 ms
    Update system took 0.42 ms
    Assemble system took 1.47 ms
    Global solve took 40.22 ms
    Local solve took 0.07 ms
    Line search took 3.10 ms
    Update system took 0.46 ms
    Assemble system took 1.42 ms
    Global solve took 45.33 ms
    Local solve took 0.16 ms
    Line search took 4.77 ms
    Update system took 0.67 ms
    Assemble system took 1.56 ms
    Global solve took 45.96 ms
    Local solve took 0.08 ms
    Line search took 3.41 ms
    Update system took 0.57 ms
    Assemble system took 1.49 ms
    Global solve took 37.27 ms
    Local solve took 0.05 ms
    Line search took 3.05 ms
    Update system took 0.41 ms
    Assemble system took 1.34 ms
    Global solve took 30.70 ms
    Local solve took 0.06 ms
    Line search took 3.49 ms
    Update system took 0.45 ms
    Assemble system took 1.40 ms
    Global solve took 33.01 ms
    Local solve took 0.06 ms
    Line search took 3.48 ms
    Update system took 0.46 ms
    Assemble system took 1.41 ms
    Global solve took 35.07 ms
    Local solve took 0.04 ms
    Line search took 2.54 ms
    Update system took 0.41 ms
    Assemble system took 1.36 ms
    Global solve took 35.96 ms
    Local solve took 0.07 ms
    Line search took 2.03 ms
    Update system took 0.46 ms
    Assemble system took 1.41 ms
    Global solve took 33.16 ms
    Local solve took 0.06 ms
    Line search took 1.51 ms
    Update system took 0.45 ms
    Assemble system took 1.38 ms
    Global solve took 37.27 ms
    Local solve took 0.05 ms
    Line search took 1.49 ms
    Update system took 0.41 ms
    Assemble system took 1.59 ms
    Global solve took 39.75 ms
    Local solve took 0.05 ms
    Line search took 1.51 ms
    Update system took 0.46 ms
    Assemble system took 1.38 ms
    Global solve took 42.07 ms
    Local solve took 0.05 ms
    Line search took 2.04 ms
Step and readback took 539.37 ms
    Update system took 0.44 ms
    Assemble system took 1.45 ms
    Global solve took 39.84 ms
    Local solve took 0.06 ms
    Line search took 3.12 ms
    Update system took 0.48 ms
    Assemble system took 1.43 ms
    Global solve took 39.76 ms
    Local solve took 0.05 ms
    Line search took 3.53 ms
    Update system took 0.45 ms
    Assemble system took 1.51 ms
    Global solve took 37.22 ms
    Local solve took 0.04 ms
    Line search took 3.00 ms
    Update system took 0.44 ms
    Assemble system took 1.40 ms
    Global solve took 39.97 ms
    Local solve took 0.05 ms
    Line search took 3.51 ms
    Update system took 0.46 ms
    Assemble system took 1.40 ms
    Global solve took 39.78 ms
    Local solve took 0.05 ms
    Line search took 3.97 ms
    Update system took 0.46 ms
    Assemble system took 1.40 ms
    Global solve took 39.73 ms
    Local solve took 0.05 ms
    Line search took 4.47 ms
    Update system took 0.46 ms
    Assemble system took 1.57 ms
    Global solve took 39.97 ms
    Local solve took 0.08 ms
    Line search took 1.62 ms
    Update system took 0.51 ms
    Assemble system took 1.42 ms
    Global solve took 39.71 ms
    Local solve took 0.04 ms
    Line search took 1.53 ms
    Update system took 0.45 ms
    Assemble system took 1.38 ms
    Global solve took 40.04 ms
    Local solve took 0.07 ms
    Line search took 2.53 ms
    Update system took 0.44 ms
    Assemble system took 1.40 ms
    Global solve took 37.46 ms
    Local solve took 0.06 ms
    Line search took 1.53 ms
    Update system took 0.45 ms
    Assemble system took 1.38 ms
    Global solve took 42.31 ms
    Local solve took 0.07 ms
    Line search took 1.58 ms
    Update system took 0.47 ms
    Assemble system took 1.42 ms
    Global solve took 42.07 ms
    Local solve took 0.06 ms
    Line search took 1.54 ms
Step and readback took 560.51 ms
    Update system took 0.43 ms
    Assemble system took 1.45 ms
    Global solve took 42.61 ms
    Local solve took 0.05 ms
    Line search took 2.10 ms
    Update system took 0.45 ms
    Assemble system took 1.57 ms
    Global solve took 44.80 ms
    Local solve took 0.08 ms
    Line search took 2.56 ms
    Update system took 0.46 ms
    Assemble system took 1.43 ms
    Global solve took 42.48 ms
    Local solve took 0.06 ms
    Line search took 2.54 ms
    Update system took 0.44 ms
    Assemble system took 1.41 ms
    Global solve took 44.71 ms
    Local solve took 0.06 ms
    Line search took 3.01 ms
    Update system took 0.45 ms
    Assemble system took 1.41 ms
    Global solve took 44.61 ms
    Local solve took 0.06 ms
    Line search took 1.57 ms
    Update system took 0.45 ms
    Assemble system took 1.39 ms
    Global solve took 42.39 ms
    Local solve took 0.06 ms
    Line search took 1.55 ms
    Update system took 0.44 ms
    Assemble system took 1.33 ms
    Global solve took 40.11 ms
    Local solve took 0.05 ms
    Line search took 2.78 ms
    Update system took 0.47 ms
    Assemble system took 1.39 ms
    Global solve took 39.45 ms
    Local solve took 0.04 ms
    Line search took 1.48 ms
    Update system took 0.42 ms
    Assemble system took 1.39 ms
    Global solve took 39.93 ms
    Local solve took 0.06 ms
    Line search took 1.53 ms
    Update system took 0.44 ms
    Assemble system took 1.39 ms
    Global solve took 40.08 ms
    Local solve took 0.06 ms
    Line search took 1.52 ms
    Update system took 0.45 ms
    Assemble system took 1.39 ms
    Global solve took 42.61 ms
    Local solve took 0.06 ms
    Line search took 1.56 ms
    Update system took 0.46 ms
    Assemble system took 1.39 ms
    Global solve took 42.13 ms
    Local solve took 0.06 ms
    Line search took 1.53 ms
Step and readback took 580.45 ms
    Update system took 0.44 ms
    Assemble system took 1.47 ms
    Global solve took 19.25 ms
    Local solve took 0.05 ms
    Line search took 2.62 ms
    Update system took 0.44 ms
    Assemble system took 1.37 ms
    Global solve took 21.21 ms
    Local solve took 0.04 ms
    Line search took 2.50 ms
    Update system took 0.42 ms
    Assemble system took 1.37 ms
    Global solve took 35.37 ms
    Local solve took 0.06 ms
    Line search took 1.55 ms
    Update system took 0.45 ms
    Assemble system took 1.40 ms
    Global solve took 35.44 ms
    Local solve took 0.06 ms
    Line search took 1.54 ms
    Update system took 0.44 ms
    Assemble system took 1.78 ms
    Global solve took 37.68 ms
    Local solve took 0.07 ms
    Line search took 1.68 ms
    Update system took 0.49 ms
    Assemble system took 1.39 ms
    Global solve took 36.96 ms
    Local solve took 0.04 ms
    Line search took 1.52 ms
    Update system took 0.44 ms
    Assemble system took 1.37 ms
    Global solve took 37.36 ms
    Local solve took 0.07 ms
    Line search took 1.54 ms
    Update system took 0.47 ms
    Assemble system took 1.43 ms
    Global solve took 39.27 ms
    Local solve took 0.06 ms
    Line search took 1.51 ms
    Update system took 0.45 ms
    Assemble system took 1.38 ms
    Global solve took 37.19 ms
    Local solve took 0.06 ms
    Line search took 1.51 ms
    Update system took 0.45 ms
    Assemble system took 1.37 ms
    Global solve took 38.87 ms
    Local solve took 0.04 ms
    Line search took 1.95 ms
    Update system took 0.42 ms
    Assemble system took 1.33 ms
    Global solve took 39.43 ms
    Local solve took 0.06 ms
    Line search took 1.55 ms
    Update system took 0.45 ms
    Assemble system took 1.37 ms
    Global solve took 44.08 ms
    Local solve took 0.06 ms
    Line search took 1.57 ms
Step and readback took 493.77 ms
    Update system took 0.43 ms
    Assemble system took 1.63 ms
    Global solve took 42.45 ms
    Local solve took 0.08 ms
    Line search took 2.64 ms
    Update system took 0.50 ms
    Assemble system took 1.44 ms
    Global solve took 42.38 ms
    Local solve took 0.06 ms
    Line search took 2.99 ms
    Update system took 0.46 ms
    Assemble system took 1.39 ms
    Global solve took 44.31 ms
    Local solve took 0.06 ms
    Line search took 3.48 ms
    Update system took 0.47 ms
    Assemble system took 1.41 ms
    Global solve took 41.81 ms
    Local solve took 0.04 ms
    Line search took 3.46 ms
    Update system took 0.42 ms
    Assemble system took 1.36 ms
    Global solve took 37.59 ms
    Local solve took 0.06 ms
    Line search took 1.50 ms
    Update system took 0.47 ms
    Assemble system took 1.39 ms
    Global solve took 39.76 ms
    Local solve took 0.07 ms
    Line search took 1.55 ms
    Update system took 0.45 ms
    Assemble system took 1.40 ms
    Global solve took 39.71 ms
    Local solve took 0.06 ms
    Line search took 1.55 ms
    Update system took 0.44 ms
    Assemble system took 1.38 ms
    Global solve took 39.88 ms
    Local solve took 0.06 ms
    Line search took 1.52 ms
    Update system took 0.46 ms
    Assemble system took 1.38 ms
    Global solve took 41.78 ms
    Local solve took 0.04 ms
    Line search took 1.49 ms
    Update system took 0.41 ms
    Assemble system took 1.38 ms
    Global solve took 39.89 ms
    Local solve took 0.06 ms
    Line search took 2.04 ms
    Update system took 0.46 ms
    Assemble system took 1.40 ms
    Global solve took 42.04 ms
    Local solve took 0.07 ms
    Line search took 1.56 ms
    Update system took 0.47 ms
    Assemble system took 1.39 ms
    Global solve took 44.98 ms
    Local solve took 0.07 ms
    Line search took 1.61 ms
Step and readback took 572.33 ms
    Update system took 0.44 ms
    Assemble system took 1.47 ms
    Global solve took 42.44 ms
    Local solve took 0.07 ms
    Line search took 3.07 ms
    Update system took 0.47 ms
    Assemble system took 1.45 ms
    Global solve took 42.66 ms
    Local solve took 0.07 ms
    Line search took 3.58 ms
    Update system took 0.52 ms
    Assemble system took 1.45 ms
    Global solve took 46.51 ms
    Local solve took 0.04 ms
    Line search took 4.44 ms
    Update system took 0.43 ms
    Assemble system took 1.59 ms
    Global solve took 46.68 ms
    Local solve took 0.06 ms
    Line search took 3.44 ms
    Update system took 0.46 ms
    Assemble system took 1.39 ms
    Global solve took 44.68 ms
    Local solve took 0.07 ms
    Line search took 2.55 ms
    Update system took 0.47 ms
    Assemble system took 1.38 ms
    Global solve took 45.96 ms
    Local solve took 0.15 ms
    Line search took 2.23 ms
    Update system took 0.81 ms
    Assemble system took 1.80 ms
    Global solve took 46.55 ms
    Local solve took 0.08 ms
    Line search took 1.68 ms
    Update system took 0.53 ms
    Assemble system took 1.48 ms
    Global solve took 45.48 ms
    Local solve took 0.08 ms
    Line search took 1.80 ms
    Update system took 0.60 ms
    Assemble system took 1.72 ms
    Global solve took 49.03 ms
    Local solve took 0.08 ms
    Line search took 1.74 ms
    Update system took 0.51 ms
    Assemble system took 1.46 ms
    Global solve took 45.25 ms
    Local solve took 0.08 ms
    Line search took 2.26 ms
    Update system took 0.57 ms
    Assemble system took 1.49 ms
    Global solve took 45.16 ms
    Local solve took 0.07 ms
    Line search took 1.79 ms
    Update system took 0.51 ms
    Assemble system took 1.49 ms
    Global solve took 46.92 ms
    Local solve took 0.05 ms
    Line search took 1.64 ms
Step and readback took 631.21 ms
    Update system took 0.43 ms
    Assemble system took 1.44 ms
    Global solve took 47.33 ms
    Local solve took 0.09 ms
    Line search took 3.14 ms
    Update system took 0.51 ms
    Assemble system took 1.45 ms
    Global solve took 46.78 ms
    Local solve took 0.08 ms
    Line search took 3.67 ms
    Update system took 0.54 ms
    Assemble system took 1.49 ms
    Global solve took 46.96 ms
    Local solve took 0.09 ms
    Line search took 4.11 ms
    Update system took 0.53 ms
    Assemble system took 1.45 ms
    Global solve took 51.08 ms
    Local solve took 0.14 ms
    Line search took 5.05 ms
    Update system took 1.07 ms
    Assemble system took 2.57 ms
    Global solve took 48.92 ms
    Local solve took 0.08 ms
    Line search took 2.76 ms
    Update system took 0.55 ms
    Assemble system took 1.53 ms
    Global solve took 48.41 ms
    Local solve took 0.12 ms
    Line search took 2.14 ms
    Update system took 0.80 ms
    Assemble system took 1.79 ms
    Global solve took 48.01 ms
    Local solve took 0.08 ms
    Line search took 3.80 ms
    Update system took 0.55 ms
    Assemble system took 1.46 ms
    Global solve took 47.70 ms
    Local solve took 0.10 ms
    Line search took 2.00 ms
    Update system took 0.83 ms
    Assemble system took 2.00 ms
    Global solve took 51.45 ms
    Local solve took 0.10 ms
    Line search took 3.80 ms
    Update system took 0.56 ms
    Assemble system took 1.47 ms
    Global solve took 49.06 ms
    Local solve took 0.08 ms
    Line search took 1.72 ms
    Update system took 0.57 ms
    Assemble system took 1.54 ms
    Global solve took 48.05 ms
    Local solve took 0.08 ms
    Line search took 6.95 ms
    Update system took 0.79 ms
    Assemble system took 1.76 ms
    Global solve took 47.04 ms
    Local solve took 0.11 ms
    Line search took 1.95 ms
Step and readback took 682.88 ms
    Update system took 0.45 ms
    Assemble system took 1.49 ms
    Global solve took 49.66 ms
    Local solve took 0.13 ms
    Line search took 3.73 ms
    Update system took 0.77 ms
    Assemble system took 1.76 ms
    Global solve took 50.70 ms
    Local solve took 0.13 ms
    Line search took 4.25 ms
    Update system took 0.78 ms
    Assemble system took 1.78 ms
    Global solve took 45.28 ms
    Local solve took 0.08 ms
    Line search took 2.61 ms
    Update system took 0.52 ms
    Assemble system took 1.45 ms
    Global solve took 39.85 ms
    Local solve took 0.07 ms
    Line search took 1.56 ms
    Update system took 0.47 ms
    Assemble system took 1.42 ms
    Global solve took 42.11 ms
    Local solve took 0.06 ms
    Line search took 1.56 ms
    Update system took 0.49 ms
    Assemble system took 1.39 ms
    Global solve took 46.49 ms
    Local solve took 0.07 ms
    Line search took 1.58 ms
    Update system took 0.48 ms
    Assemble system took 1.42 ms
    Global solve took 50.46 ms
    Local solve took 0.07 ms
    Line search took 1.73 ms
    Update system took 0.52 ms
    Assemble system took 1.51 ms
    Global solve took 47.84 ms
    Local solve took 0.08 ms
    Line search took 1.59 ms
    Update system took 0.49 ms
    Assemble system took 1.43 ms
    Global solve took 49.41 ms
    Local solve took 0.07 ms
    Line search took 1.57 ms
    Update system took 0.48 ms
    Assemble system took 1.40 ms
    Global solve took 61.75 ms
    Local solve took 0.13 ms
    Line search took 2.33 ms
    Update system took 0.76 ms
    Assemble system took 1.67 ms
    Global solve took 59.69 ms
    Local solve took 0.10 ms
    Line search took 2.11 ms
    Update system took 0.99 ms
    Assemble system took 1.79 ms
    Global solve took 52.88 ms
    Local solve took 0.15 ms
    Line search took 2.25 ms
Step and readback took 683.02 ms
    Update system took 0.43 ms
    Assemble system took 1.71 ms
    Global solve took 52.05 ms
    Local solve took 0.16 ms
    Line search took 4.97 ms
    Update system took 0.87 ms
    Assemble system took 1.78 ms
    Global solve took 47.41 ms
    Local solve took 0.11 ms
    Line search took 3.30 ms
    Update system took 0.55 ms
    Assemble system took 1.53 ms
    Global solve took 51.47 ms
    Local solve took 0.12 ms
    Line search took 2.16 ms
    Update system took 0.61 ms
    Assemble system took 1.56 ms
    Global solve took 56.60 ms
    Local solve took 0.11 ms
    Line search took 3.37 ms
    Update system took 0.61 ms
    Assemble system took 1.69 ms
    Global solve took 60.59 ms
    Local solve took 0.12 ms
    Line search took 2.38 ms
    Update system took 0.81 ms
    Assemble system took 1.79 ms
    Global solve took 52.61 ms
    Local solve took 0.08 ms
    Line search took 1.79 ms
    Update system took 0.61 ms
    Assemble system took 1.52 ms
    Global solve took 53.65 ms
    Local solve took 0.06 ms
    Line search took 1.73 ms
    Update system took 0.60 ms
    Assemble system took 1.50 ms
    Global solve took 55.17 ms
    Local solve took 0.09 ms
    Line search took 1.81 ms
    Update system took 0.57 ms
    Assemble system took 1.53 ms
    Global solve took 56.82 ms
    Local solve took 0.16 ms
    Line search took 2.22 ms
    Update system took 0.82 ms
    Assemble system took 2.45 ms
    Global solve took 53.06 ms
    Local solve took 0.10 ms
    Line search took 1.96 ms
    Update system took 0.74 ms
    Assemble system took 2.72 ms
    Global solve took 53.75 ms
    Local solve took 0.09 ms
    Line search took 1.73 ms
    Update system took 0.56 ms
    Assemble system took 1.49 ms
    Global solve took 50.40 ms
    Local solve took 0.12 ms
    Line search took 1.92 ms
Step and readback took 737.90 ms
    Update system took 0.46 ms
    Assemble system took 1.54 ms
    Global solve took 46.81 ms
    Local solve took 0.09 ms
    Line search took 1.75 ms
    Update system took 0.57 ms
    Assemble system took 1.63 ms
    Global solve took 46.53 ms
    Local solve took 0.09 ms
    Line search took 1.78 ms
    Update system took 0.56 ms
    Assemble system took 1.60 ms
    Global solve took 44.63 ms
    Local solve took 0.09 ms
    Line search took 1.73 ms
    Update system took 0.54 ms
    Assemble system took 1.54 ms
    Global solve took 48.72 ms
    Local solve took 0.08 ms
    Line search took 1.87 ms
    Update system took 0.63 ms
    Assemble system took 1.47 ms
    Global solve took 53.97 ms
    Local solve took 0.13 ms
    Line search took 2.14 ms
    Update system took 0.80 ms
    Assemble system took 1.75 ms
    Global solve took 53.59 ms
    Local solve took 0.08 ms
    Line search took 1.78 ms
    Update system took 0.59 ms
    Assemble system took 1.52 ms
    Global solve took 53.71 ms
    Local solve took 0.09 ms
    Line search took 1.76 ms
    Update system took 0.54 ms
    Assemble system took 1.50 ms
    Global solve took 54.06 ms
    Local solve took 0.09 ms
    Line search took 1.79 ms
    Update system took 0.61 ms
    Assemble system took 1.59 ms
    Global solve took 53.25 ms
    Local solve took 0.08 ms
    Line search took 1.77 ms
    Update system took 0.57 ms
    Assemble system took 1.50 ms
    Global solve took 54.15 ms
    Local solve took 0.12 ms
    Line search took 1.76 ms
    Update system took 0.55 ms
    Assemble system took 1.63 ms
    Global solve took 53.05 ms
    Local solve took 0.08 ms
    Line search took 2.25 ms
    Update system took 0.55 ms
    Assemble system took 1.48 ms
    Global solve took 51.99 ms
    Local solve took 0.08 ms
    Line search took 1.81 ms
Step and readback took 693.87 ms
    Update system took 0.44 ms
    Assemble system took 1.54 ms
    Global solve took 45.45 ms
    Local solve took 0.08 ms
    Line search took 1.65 ms
    Update system took 0.47 ms
    Assemble system took 1.43 ms
    Global solve took 37.19 ms
    Local solve took 0.05 ms
    Line search took 1.73 ms
    Update system took 2.15 ms
    Assemble system took 1.51 ms
    Global solve took 38.68 ms
    Local solve took 0.08 ms
    Line search took 1.65 ms
    Update system took 0.48 ms
    Assemble system took 1.52 ms
    Global solve took 42.54 ms
    Local solve took 0.06 ms
    Line search took 1.53 ms
    Update system took 0.47 ms
    Assemble system took 1.39 ms
    Global solve took 51.83 ms
    Local solve took 0.08 ms
    Line search took 3.30 ms
    Update system took 0.58 ms
    Assemble system took 1.54 ms
    Global solve took 48.07 ms
    Local solve took 0.08 ms
    Line search took 2.18 ms
    Update system took 0.52 ms
    Assemble system took 1.49 ms
    Global solve took 47.23 ms
    Local solve took 0.06 ms
    Line search took 1.58 ms
    Update system took 0.48 ms
    Assemble system took 1.44 ms
    Global solve took 51.21 ms
    Local solve took 0.07 ms
    Line search took 1.60 ms
    Update system took 0.49 ms
    Assemble system took 1.48 ms
    Global solve took 49.86 ms
    Local solve took 0.08 ms
    Line search took 1.70 ms
    Update system took 1.12 ms
    Assemble system took 2.50 ms
    Global solve took 50.42 ms
    Local solve took 0.09 ms
    Line search took 1.69 ms
    Update system took 0.53 ms
    Assemble system took 1.48 ms
    Global solve took 48.84 ms
    Local solve took 0.06 ms
    Line search took 2.05 ms
    Update system took 0.48 ms
    Assemble system took 1.39 ms
    Global solve took 51.21 ms
    Local solve took 0.05 ms
    Line search took 1.71 ms
Step and readback took 641.16 ms
    Update system took 0.86 ms
    Assemble system took 1.58 ms
    Global solve took 26.03 ms
    Local solve took 0.04 ms
    Line search took 1.59 ms
    Update system took 0.47 ms
    Assemble system took 1.39 ms
    Global solve took 30.79 ms
    Local solve took 0.08 ms
    Line search took 1.72 ms
    Update system took 0.56 ms
    Assemble system took 1.52 ms
    Global solve took 31.16 ms
    Local solve took 0.04 ms
    Line search took 1.58 ms
    Update system took 0.44 ms
    Assemble system took 1.46 ms
    Global solve took 38.31 ms
    Local solve took 0.06 ms
    Line search took 1.55 ms
    Update system took 0.45 ms
    Assemble system took 1.39 ms
    Global solve took 42.18 ms
    Local solve took 0.09 ms
    Line search took 2.23 ms
    Update system took 0.55 ms
    Assemble system took 1.56 ms
    Global solve took 40.90 ms
    Local solve took 0.07 ms
    Line search took 1.66 ms
    Update system took 0.52 ms
    Assemble system took 1.47 ms
    Global solve took 42.31 ms
    Local solve took 0.05 ms
    Line search took 1.51 ms
    Update system took 0.44 ms
    Assemble system took 1.37 ms
    Global solve took 52.06 ms
    Local solve took 0.10 ms
    Line search took 1.76 ms
    Update system took 0.55 ms
    Assemble system took 1.50 ms
    Global solve took 49.62 ms
    Local solve took 0.07 ms
    Line search took 1.55 ms
    Update system took 0.46 ms
    Assemble system took 1.39 ms
    Global solve took 51.44 ms
    Local solve took 0.07 ms
    Line search took 1.55 ms
    Update system took 0.47 ms
    Assemble system took 1.40 ms
    Global solve took 48.86 ms
    Local solve took 0.06 ms
    Line search took 1.54 ms
    Update system took 0.48 ms
    Assemble system took 1.39 ms
    Global solve took 51.95 ms
    Local solve took 0.10 ms
    Line search took 1.72 ms
Step and readback took 578.19 ms
    Update system took 0.44 ms
    Assemble system took 1.54 ms
    Global solve took 21.91 ms
    Local solve took 0.07 ms
    Line search took 1.64 ms
    Update system took 0.47 ms
    Assemble system took 1.42 ms
    Global solve took 23.61 ms
    Local solve took 0.04 ms
    Line search took 1.52 ms
    Update system took 0.43 ms
    Assemble system took 1.38 ms
    Global solve took 28.13 ms
    Local solve took 0.09 ms
    Line search took 1.74 ms
    Update system took 0.57 ms
    Assemble system took 1.49 ms
    Global solve took 31.01 ms
    Local solve took 0.04 ms
    Line search took 1.58 ms
    Update system took 0.46 ms
    Assemble system took 1.42 ms
    Global solve took 35.52 ms
    Local solve took 0.06 ms
    Line search took 1.53 ms
    Update system took 0.48 ms
    Assemble system took 1.43 ms
    Global solve took 39.66 ms
    Local solve took 0.09 ms
    Line search took 1.74 ms
    Update system took 0.55 ms
    Assemble system took 1.51 ms
    Global solve took 40.97 ms
    Local solve took 0.07 ms
    Line search took 1.65 ms
    Update system took 0.51 ms
    Assemble system took 1.49 ms
    Global solve took 42.64 ms
    Local solve took 0.05 ms
    Line search took 1.59 ms
    Update system took 0.47 ms
    Assemble system took 1.42 ms
    Global solve took 49.58 ms
    Local solve took 0.10 ms
    Line search took 1.74 ms
    Update system took 0.55 ms
    Assemble system took 1.51 ms
    Global solve took 45.09 ms
    Local solve took 0.07 ms
    Line search took 1.57 ms
    Update system took 0.48 ms
    Assemble system took 1.42 ms
    Global solve took 48.45 ms
    Local solve took 0.16 ms
    Line search took 2.16 ms
    Update system took 0.59 ms
    Assemble system took 1.53 ms
    Global solve took 45.28 ms
    Local solve took 0.07 ms
    Line search took 3.58 ms
Step and readback took 530.42 ms
    Update system took 0.44 ms
    Assemble system took 2.00 ms
    Global solve took 25.88 ms
    Local solve took 0.06 ms
    Line search took 1.80 ms
    Update system took 0.55 ms
    Assemble system took 2.04 ms
    Global solve took 28.74 ms
    Local solve took 0.10 ms
    Line search took 1.81 ms
    Update system took 0.56 ms
    Assemble system took 1.48 ms
    Global solve took 30.08 ms
    Local solve took 0.10 ms
    Line search took 2.01 ms
    Update system took 0.72 ms
    Assemble system took 1.72 ms
    Global solve took 33.62 ms
    Local solve took 0.04 ms
    Line search took 1.58 ms
    Update system took 0.47 ms
    Assemble system took 1.49 ms
    Global solve took 38.89 ms
    Local solve took 0.08 ms
    Line search took 1.81 ms
    Update system took 0.55 ms
    Assemble system took 1.53 ms
    Global solve took 41.75 ms
    Local solve took 0.09 ms
    Line search took 1.76 ms
    Update system took 0.71 ms
    Assemble system took 1.69 ms
    Global solve took 42.83 ms
    Local solve took 0.08 ms
    Line search took 1.73 ms
    Update system took 0.55 ms
    Assemble system took 1.52 ms
    Global solve took 43.19 ms
    Local solve took 0.05 ms
    Line search took 1.67 ms
    Update system took 0.50 ms
    Assemble system took 1.48 ms
    Global solve took 45.07 ms
    Local solve took 0.07 ms
    Line search took 1.56 ms
    Update system took 0.48 ms
    Assemble system took 1.41 ms
    Global solve took 47.43 ms
    Local solve took 0.08 ms
    Line search took 1.74 ms
    Update system took 0.55 ms
    Assemble system took 1.50 ms
    Global solve took 45.09 ms
    Local solve took 0.06 ms
    Line search took 1.57 ms
    Update system took 0.46 ms
    Assemble system took 1.40 ms
    Global solve took 46.85 ms
    Local solve took 0.09 ms
    Line search took 2.27 ms
Step and readback took 545.94 ms
    Update system took 0.44 ms
    Assemble system took 1.51 ms
    Global solve took 28.65 ms
    Local solve took 0.04 ms
    Line search took 1.59 ms
    Update system took 0.43 ms
    Assemble system took 1.70 ms
    Global solve took 28.34 ms
    Local solve took 0.05 ms
    Line search took 1.55 ms
    Update system took 0.45 ms
    Assemble system took 1.38 ms
    Global solve took 33.28 ms
    Local solve took 0.08 ms
    Line search took 1.73 ms
    Update system took 0.52 ms
    Assemble system took 1.74 ms
    Global solve took 36.68 ms
    Local solve took 0.06 ms
    Line search took 1.72 ms
    Update system took 0.52 ms
    Assemble system took 1.48 ms
    Global solve took 38.04 ms
    Local solve took 0.08 ms
    Line search took 1.59 ms
    Update system took 0.49 ms
    Assemble system took 1.44 ms
    Global solve took 40.40 ms
    Local solve took 0.07 ms
    Line search took 2.08 ms
    Update system took 0.48 ms
    Assemble system took 1.43 ms
    Global solve took 40.41 ms
    Local solve took 0.06 ms
    Line search took 3.03 ms
    Update system took 0.47 ms
    Assemble system took 1.41 ms
    Global solve took 42.23 ms
    Local solve took 0.08 ms
    Line search took 2.76 ms
    Update system took 0.56 ms
    Assemble system took 1.52 ms
    Global solve took 41.83 ms
    Local solve took 0.06 ms
    Line search took 1.71 ms
    Update system took 0.53 ms
    Assemble system took 1.48 ms
    Global solve took 45.43 ms
    Local solve took 0.06 ms
    Line search took 2.59 ms
    Update system took 0.46 ms
    Assemble system took 1.40 ms
    Global solve took 47.76 ms
    Local solve took 0.09 ms
    Line search took 1.76 ms
    Update system took 0.54 ms
    Assemble system took 1.49 ms
    Global solve took 43.09 ms
    Local solve took 0.07 ms
    Line search took 2.63 ms
Step and readback took 543.19 ms
    Update system took 0.50 ms
    Assemble system took 1.50 ms
    Global solve took 30.88 ms
    Local solve took 0.06 ms
    Line search took 2.06 ms
    Update system took 0.55 ms
    Assemble system took 1.50 ms
    Global solve took 28.75 ms
    Local solve took 0.04 ms
    Line search took 1.52 ms
    Update system took 0.43 ms
    Assemble system took 1.36 ms
    Global solve took 35.69 ms
    Local solve took 0.06 ms
    Line search took 1.55 ms
    Update system took 0.46 ms
    Assemble system took 1.40 ms
    Global solve took 40.59 ms
    Local solve took 0.08 ms
    Line search took 1.75 ms
    Update system took 0.56 ms
    Assemble system took 1.50 ms
    Global solve took 40.65 ms
    Local solve took 0.04 ms
    Line search took 1.56 ms
    Update system took 0.43 ms
    Assemble system took 1.41 ms
    Global solve took 39.94 ms
    Local solve took 0.06 ms
    Line search took 1.55 ms
    Update system took 0.45 ms
    Assemble system took 1.50 ms
    Global solve took 46.39 ms
    Local solve took 0.10 ms
    Line search took 1.79 ms
    Update system took 0.57 ms
    Assemble system took 1.50 ms
    Global solve took 43.84 ms
    Local solve took 0.09 ms
    Line search took 2.34 ms
    Update system took 0.55 ms
    Assemble system took 1.50 ms
    Global solve took 45.35 ms
    Local solve took 0.08 ms
    Line search took 1.77 ms
    Update system took 0.56 ms
    Assemble system took 1.55 ms
    Global solve took 46.64 ms
    Local solve took 0.08 ms
    Line search took 2.15 ms
    Update system took 0.77 ms
    Assemble system took 2.39 ms
    Global solve took 47.51 ms
    Local solve took 0.08 ms
    Line search took 1.78 ms
    Update system took 0.56 ms
    Assemble system took 1.49 ms
    Global solve took 46.49 ms
    Local solve took 0.11 ms
    Line search took 1.74 ms
Step and readback took 568.77 ms
    Update system took 0.45 ms
    Assemble system took 1.50 ms
    Global solve took 47.83 ms
    Local solve took 0.10 ms
    Line search took 1.81 ms
    Update system took 0.59 ms
    Assemble system took 1.58 ms
    Global solve took 44.97 ms
    Local solve took 0.09 ms
    Line search took 1.75 ms
    Update system took 0.55 ms
    Assemble system took 1.51 ms
    Global solve took 52.99 ms
    Local solve took 0.08 ms
    Line search took 1.74 ms
    Update system took 0.73 ms
    Assemble system took 1.72 ms
    Global solve took 57.26 ms
    Local solve took 0.08 ms
    Line search took 2.88 ms
    Update system took 0.61 ms
    Assemble system took 1.61 ms
    Global solve took 56.94 ms
    Local solve took 0.11 ms
    Line search took 2.26 ms
    Update system took 0.56 ms
    Assemble system took 1.52 ms
    Global solve took 54.35 ms
    Local solve took 0.15 ms
    Line search took 2.22 ms
    Update system took 0.81 ms
    Assemble system took 1.80 ms
    Global solve took 55.85 ms
    Local solve took 0.09 ms
    Line search took 3.64 ms
    Update system took 0.59 ms
    Assemble system took 1.47 ms
    Global solve took 53.21 ms
    Local solve took 0.10 ms
    Line search took 2.25 ms
    Update system took 0.55 ms
    Assemble system took 1.50 ms
    Global solve took 52.66 ms
    Local solve took 0.07 ms
    Line search took 1.64 ms
    Update system took 0.52 ms
    Assemble system took 1.47 ms
    Global solve took 54.30 ms
    Local solve took 0.08 ms
    Line search took 1.64 ms
    Update system took 0.52 ms
    Assemble system took 1.47 ms
    Global solve took 52.22 ms
    Local solve took 0.10 ms
    Line search took 4.88 ms
    Update system took 0.71 ms
    Assemble system took 1.85 ms
    Global solve took 54.05 ms
    Local solve took 0.08 ms
    Line search took 1.75 ms
Step and readback took 721.07 ms
    Update system took 0.44 ms
    Assemble system took 1.52 ms
    Global solve took 47.09 ms
    Local solve took 0.08 ms
    Line search took 2.46 ms
    Update system took 0.71 ms
    Assemble system took 1.72 ms
    Global solve took 50.41 ms
    Local solve took 0.07 ms
    Line search took 1.61 ms
    Update system took 0.49 ms
    Assemble system took 1.47 ms
    Global solve took 53.36 ms
    Local solve took 0.10 ms
    Line search took 1.74 ms
    Update system took 0.55 ms
    Assemble system took 1.50 ms
    Global solve took 52.50 ms
    Local solve took 0.07 ms
    Line search took 1.65 ms
    Update system took 0.50 ms
    Assemble system took 1.45 ms
    Global solve took 56.09 ms
    Local solve took 0.10 ms
    Line search took 1.77 ms
    Update system took 0.55 ms
    Assemble system took 1.53 ms
    Global solve took 55.59 ms
    Local solve took 0.08 ms
    Line search took 1.73 ms
    Update system took 0.64 ms
    Assemble system took 1.64 ms
    Global solve took 56.57 ms
    Local solve took 0.09 ms
    Line search took 1.76 ms
    Update system took 0.53 ms
    Assemble system took 1.50 ms
    Global solve took 54.74 ms
    Local solve took 0.07 ms
    Line search took 1.61 ms
    Update system took 0.51 ms
    Assemble system took 1.46 ms
    Global solve took 54.03 ms
    Local solve took 0.09 ms
    Line search took 1.68 ms
    Update system took 0.53 ms
    Assemble system took 1.46 ms
    Global solve took 53.39 ms
    Local solve took 0.07 ms
    Line search took 1.57 ms
    Update system took 0.49 ms
    Assemble system took 1.39 ms
    Global solve took 53.84 ms
    Local solve took 0.07 ms
    Line search took 1.70 ms
    Update system took 0.58 ms
    Assemble system took 3.21 ms
    Global solve took 55.28 ms
    Local solve took 0.08 ms
    Line search took 1.68 ms
Step and readback took 724.90 ms
    Update system took 0.46 ms
    Assemble system took 1.49 ms
    Global solve took 49.37 ms
    Local solve took 0.10 ms
    Line search took 2.32 ms
    Update system took 0.56 ms
    Assemble system took 1.48 ms
    Global solve took 59.22 ms
    Local solve took 0.09 ms
    Line search took 1.64 ms
    Update system took 0.53 ms
    Assemble system took 1.45 ms
    Global solve took 53.78 ms
    Local solve took 0.09 ms
    Line search took 1.77 ms
    Update system took 0.56 ms
    Assemble system took 1.50 ms
    Global solve took 48.10 ms
    Local solve took 0.08 ms
    Line search took 1.71 ms
    Update system took 0.54 ms
    Assemble system took 1.50 ms
    Global solve took 47.13 ms
    Local solve took 0.09 ms
    Line search took 1.82 ms
    Update system took 0.69 ms
    Assemble system took 1.74 ms
    Global solve took 43.12 ms
    Local solve took 0.07 ms
    Line search took 1.60 ms
    Update system took 0.49 ms
    Assemble system took 1.44 ms
    Global solve took 46.75 ms
    Local solve took 0.06 ms
    Line search took 2.52 ms
    Update system took 0.45 ms
    Assemble system took 1.39 ms
    Global solve took 49.30 ms
    Local solve took 0.08 ms
    Line search took 2.75 ms
    Update system took 0.54 ms
    Assemble system took 1.51 ms
    Global solve took 47.21 ms
    Local solve took 0.06 ms
    Line search took 2.06 ms
    Update system took 0.50 ms
    Assemble system took 1.43 ms
    Global solve took 46.25 ms
    Local solve took 0.04 ms
    Line search took 1.73 ms
    Update system took 0.48 ms
    Assemble system took 1.38 ms
    Global solve took 48.58 ms
    Local solve took 0.04 ms
    Line search took 1.51 ms
    Update system took 0.43 ms
    Assemble system took 1.39 ms
    Global solve took 51.14 ms
    Local solve took 0.11 ms
    Line search took 1.72 ms
Step and readback took 666.12 ms
    Update system took 0.45 ms
    Assemble system took 1.53 ms
    Global solve took 52.91 ms
    Local solve took 0.08 ms
    Line search took 1.67 ms
    Update system took 0.49 ms
    Assemble system took 1.48 ms
    Global solve took 49.77 ms
    Local solve took 0.11 ms
    Line search took 1.91 ms
    Update system took 0.74 ms
    Assemble system took 1.93 ms
    Global solve took 56.20 ms
    Local solve took 0.08 ms
    Line search took 3.27 ms
    Update system took 0.54 ms
    Assemble system took 1.50 ms
    Global solve took 54.21 ms
    Local solve took 0.10 ms
    Line search took 1.74 ms
    Update system took 0.56 ms
    Assemble system took 1.50 ms
    Global solve took 45.38 ms
    Local solve took 0.07 ms
    Line search took 1.59 ms
    Update system took 0.49 ms
    Assemble system took 1.45 ms
    Global solve took 42.43 ms
    Local solve took 0.07 ms
    Line search took 3.47 ms
    Update system took 0.57 ms
    Assemble system took 1.53 ms
    Global solve took 41.11 ms
    Local solve took 0.07 ms
    Line search took 1.61 ms
    Update system took 0.48 ms
    Assemble system took 1.43 ms
    Global solve took 47.32 ms
    Local solve took 0.06 ms
    Line search took 1.57 ms
    Update system took 0.48 ms
    Assemble system took 1.40 ms
    Global solve took 54.44 ms
    Local solve took 0.08 ms
    Line search took 2.26 ms
    Update system took 0.57 ms
    Assemble system took 1.50 ms
    Global solve took 45.09 ms
    Local solve took 0.06 ms
    Line search took 1.57 ms
    Update system took 0.50 ms
    Assemble system took 1.44 ms
    Global solve took 44.51 ms
    Local solve took 0.07 ms
    Line search took 1.56 ms
    Update system took 0.49 ms
    Assemble system took 1.40 ms
    Global solve took 48.93 ms
    Local solve took 0.04 ms
    Line search took 1.52 ms
Step and readback took 659.09 ms
    Update system took 0.74 ms
    Assemble system took 1.52 ms
    Global solve took 23.60 ms
    Local solve took 0.05 ms
    Line search took 3.96 ms
    Update system took 0.54 ms
    Assemble system took 1.46 ms
    Global solve took 34.40 ms
    Local solve took 0.08 ms
    Line search took 2.23 ms
    Update system took 0.52 ms
    Assemble system took 1.47 ms
    Global solve took 30.87 ms
    Local solve took 0.04 ms
    Line search took 1.54 ms
    Update system took 0.43 ms
    Assemble system took 1.40 ms
    Global solve took 30.93 ms
    Local solve took 0.07 ms
    Line search took 1.54 ms
    Update system took 0.47 ms
    Assemble system took 1.40 ms
    Global solve took 35.75 ms
    Local solve took 0.08 ms
    Line search took 2.23 ms
    Update system took 0.56 ms
    Assemble system took 1.50 ms
    Global solve took 33.22 ms
    Local solve took 0.04 ms
    Line search took 1.56 ms
    Update system took 0.44 ms
    Assemble system took 1.44 ms
    Global solve took 35.62 ms
    Local solve took 0.07 ms
    Line search took 1.57 ms
    Update system took 0.50 ms
    Assemble system took 1.42 ms
    Global solve took 37.80 ms
    Local solve took 0.08 ms
    Line search took 1.78 ms
    Update system took 0.61 ms
    Assemble system took 1.53 ms
    Global solve took 37.93 ms
    Local solve took 0.04 ms
    Line search took 2.09 ms
    Update system took 0.45 ms
    Assemble system took 1.39 ms
    Global solve took 37.31 ms
    Local solve took 0.06 ms
    Line search took 2.04 ms
    Update system took 0.45 ms
    Assemble system took 1.40 ms
    Global solve took 42.59 ms
    Local solve took 0.09 ms
    Line search took 1.73 ms
    Update system took 0.56 ms
    Assemble system took 1.51 ms
    Global solve took 38.26 ms
    Local solve took 0.09 ms
    Line search took 2.17 ms
Step and readback took 494.64 ms
    Update system took 0.44 ms
    Assemble system took 1.51 ms
    Global solve took 38.13 ms
    Local solve took 0.06 ms
    Line search took 1.73 ms
    Update system took 0.51 ms
    Assemble system took 1.49 ms
    Global solve took 40.77 ms
    Local solve took 0.07 ms
    Line search took 1.59 ms
    Update system took 0.48 ms
    Assemble system took 1.43 ms
    Global solve took 39.96 ms
    Local solve took 0.06 ms
    Line search took 1.53 ms
    Update system took 0.45 ms
    Assemble system took 1.41 ms
    Global solve took 40.20 ms
    Local solve took 0.08 ms
    Line search took 1.71 ms
    Update system took 0.54 ms
    Assemble system took 1.51 ms
    Global solve took 38.08 ms
    Local solve took 0.04 ms
    Line search took 1.53 ms
    Update system took 0.48 ms
    Assemble system took 1.70 ms
    Global solve took 42.39 ms
    Local solve took 0.09 ms
    Line search took 2.23 ms
    Update system took 0.54 ms
    Assemble system took 1.50 ms
    Global solve took 41.07 ms
    Local solve took 0.09 ms
    Line search took 1.65 ms
    Update system took 0.52 ms
    Assemble system took 1.49 ms
    Global solve took 42.60 ms
    Local solve took 0.06 ms
    Line search took 2.07 ms
    Update system took 0.46 ms
    Assemble system took 1.40 ms
    Global solve took 49.91 ms
    Local solve took 0.08 ms
    Line search took 1.80 ms
    Update system took 0.56 ms
    Assemble system took 1.50 ms
    Global solve took 45.40 ms
    Local solve took 0.07 ms
    Line search took 2.61 ms
    Update system took 0.50 ms
    Assemble system took 1.44 ms
    Global solve took 49.33 ms
    Local solve took 0.08 ms
    Line search took 2.76 ms
    Update system took 0.56 ms
    Assemble system took 1.49 ms
    Global solve took 47.81 ms
    Local solve took 0.06 ms
    Line search took 2.07 ms
Step and readback took 591.20 ms
    Update system took 0.44 ms
    Assemble system took 1.48 ms
    Global solve took 73.16 ms
    Local solve took 0.08 ms
    Line search took 2.26 ms
    Update system took 0.55 ms
    Assemble system took 1.51 ms
    Global solve took 74.97 ms
    Local solve took 0.10 ms
    Line search took 1.78 ms
    Update system took 0.57 ms
    Assemble system took 1.52 ms
    Global solve took 50.51 ms
    Local solve took 0.10 ms
    Line search took 1.74 ms
    Update system took 0.55 ms
    Assemble system took 1.50 ms
    Global solve took 42.99 ms
    Local solve took 0.07 ms
    Line search took 1.56 ms
    Update system took 0.47 ms
    Assemble system took 1.44 ms
    Global solve took 37.68 ms
    Local solve took 0.07 ms
    Line search took 1.54 ms
    Update system took 0.47 ms
    Assemble system took 1.41 ms
    Global solve took 35.05 ms
    Local solve took 0.04 ms
    Line search took 1.77 ms
    Update system took 0.46 ms
    Assemble system took 1.40 ms
    Global solve took 35.16 ms
    Local solve took 0.05 ms
    Line search took 1.67 ms
    Update system took 0.52 ms
    Assemble system took 1.54 ms
    Global solve took 40.46 ms
    Local solve took 0.08 ms
    Line search took 1.73 ms
    Update system took 0.53 ms
    Assemble system took 1.48 ms
    Global solve took 40.49 ms
    Local solve took 0.07 ms
    Line search took 1.57 ms
    Update system took 0.47 ms
    Assemble system took 1.42 ms
    Global solve took 44.44 ms
    Local solve took 0.08 ms
    Line search took 1.73 ms
    Update system took 0.53 ms
    Assemble system took 1.49 ms
    Global solve took 45.41 ms
    Local solve took 0.04 ms
    Line search took 1.63 ms
    Update system took 0.47 ms
    Assemble system took 1.48 ms
    Global solve took 44.73 ms
    Local solve took 0.07 ms
    Line search took 4.98 ms
Step and readback took 644.08 ms
    Update system took 0.46 ms
    Assemble system took 1.57 ms
    Global solve took 50.48 ms
    Local solve took 0.09 ms
    Line search took 1.66 ms
    Update system took 0.48 ms
    Assemble system took 1.44 ms
    Global solve took 61.31 ms
    Local solve took 0.10 ms
    Line search took 1.81 ms
    Update system took 0.55 ms
    Assemble system took 1.50 ms
    Global solve took 45.76 ms
    Local solve took 0.08 ms
    Line search took 1.67 ms
    Update system took 0.51 ms
    Assemble system took 1.47 ms
    Global solve took 39.90 ms
    Local solve took 0.10 ms
    Line search took 1.76 ms
    Update system took 0.58 ms
    Assemble system took 1.48 ms
    Global solve took 38.84 ms
    Local solve took 0.08 ms
    Line search took 1.73 ms
    Update system took 0.54 ms
    Assemble system took 1.51 ms
    Global solve took 46.28 ms
    Local solve took 0.08 ms
    Line search took 1.71 ms
    Update system took 0.55 ms
    Assemble system took 1.49 ms
    Global solve took 40.28 ms
    Local solve took 0.05 ms
    Line search took 1.66 ms
    Update system took 0.54 ms
    Assemble system took 3.14 ms
    Global solve took 43.66 ms
    Local solve took 0.08 ms
    Line search took 1.67 ms
    Update system took 0.52 ms
    Assemble system took 1.47 ms
    Global solve took 45.81 ms
    Local solve took 0.09 ms
    Line search took 1.77 ms
    Update system took 0.56 ms
    Assemble system took 1.50 ms
    Global solve took 50.86 ms
    Local solve took 0.10 ms
    Line search took 1.76 ms
    Update system took 0.59 ms
    Assemble system took 1.52 ms
    Global solve took 55.11 ms
    Local solve took 0.10 ms
    Line search took 2.27 ms
    Update system took 0.63 ms
    Assemble system took 1.56 ms
    Global solve took 53.49 ms
    Local solve took 0.10 ms
    Line search took 1.78 ms
Step and readback took 648.60 ms
    Update system took 0.43 ms
    Assemble system took 1.52 ms
    Global solve took 40.93 ms
    Local solve took 0.08 ms
    Line search took 1.82 ms
    Update system took 0.55 ms
    Assemble system took 1.52 ms
    Global solve took 52.74 ms
    Local solve took 0.09 ms
    Line search took 2.25 ms
    Update system took 0.56 ms
    Assemble system took 1.50 ms
    Global solve took 42.00 ms
    Local solve took 0.08 ms
    Line search took 1.77 ms
    Update system took 0.56 ms
    Assemble system took 1.47 ms
    Global solve took 41.16 ms
    Local solve took 0.06 ms
    Line search took 1.74 ms
    Update system took 0.55 ms
    Assemble system took 1.51 ms
    Global solve took 36.05 ms
    Local solve took 0.07 ms
    Line search took 1.61 ms
    Update system took 0.54 ms
    Assemble system took 1.44 ms
    Global solve took 38.57 ms
    Local solve took 0.08 ms
    Line search took 2.20 ms
    Update system took 0.52 ms
    Assemble system took 1.51 ms
    Global solve took 43.39 ms
    Local solve took 0.08 ms
    Line search took 1.72 ms
    Update system took 0.56 ms
    Assemble system took 1.50 ms
    Global solve took 42.46 ms
    Local solve took 0.04 ms
    Line search took 2.01 ms
    Update system took 0.44 ms
    Assemble system took 1.40 ms
    Global solve took 44.62 ms
    Local solve took 0.08 ms
    Line search took 1.65 ms
    Update system took 0.51 ms
    Assemble system took 1.45 ms
    Global solve took 47.42 ms
    Local solve took 0.09 ms
    Line search took 1.64 ms
    Update system took 0.49 ms
    Assemble system took 1.44 ms
    Global solve took 49.26 ms
    Local solve took 0.07 ms
    Line search took 1.59 ms
    Update system took 0.47 ms
    Assemble system took 1.44 ms
    Global solve took 55.14 ms
    Local solve took 0.09 ms
    Line search took 1.75 ms
Step and readback took 608.40 ms
    Update system took 0.46 ms
    Assemble system took 1.51 ms
    Global solve took 53.92 ms
    Local solve took 0.10 ms
    Line search took 1.77 ms
    Update system took 0.56 ms
    Assemble system took 1.51 ms
    Global solve took 60.72 ms
    Local solve took 0.08 ms
    Line search took 1.75 ms
    Update system took 0.53 ms
    Assemble system took 1.48 ms
    Global solve took 42.56 ms
    Local solve took 0.09 ms
    Line search took 1.77 ms
    Update system took 0.59 ms
    Assemble system took 1.50 ms
    Global solve took 40.56 ms
    Local solve took 0.07 ms
    Line search took 1.57 ms
    Update system took 0.46 ms
    Assemble system took 1.43 ms
    Global solve took 47.62 ms
    Local solve took 0.13 ms
    Line search took 2.22 ms
    Update system took 0.81 ms
    Assemble system took 1.87 ms
    Global solve took 44.45 ms
    Local solve took 0.06 ms
    Line search took 2.09 ms
    Update system took 0.57 ms
    Assemble system took 1.49 ms
    Global solve took 46.88 ms
    Local solve took 0.04 ms
    Line search took 1.51 ms
    Update system took 0.42 ms
    Assemble system took 1.40 ms
    Global solve took 53.18 ms
    Local solve took 0.15 ms
    Line search took 1.79 ms
    Update system took 0.56 ms
    Assemble system took 1.52 ms
    Global solve took 52.30 ms
    Local solve took 0.07 ms
    Line search took 1.62 ms
    Update system took 0.49 ms
    Assemble system took 1.46 ms
    Global solve took 53.86 ms
    Local solve took 0.09 ms
    Line search took 1.67 ms
    Update system took 0.53 ms
    Assemble system took 1.43 ms
    Global solve took 53.66 ms
    Local solve took 0.08 ms
    Line search took 1.58 ms
    Update system took 0.47 ms
    Assemble system took 1.42 ms
    Global solve took 56.19 ms
    Local solve took 0.10 ms
    Line search took 1.79 ms
Step and readback took 681.49 ms
    Update system took 0.47 ms
    Assemble system took 1.96 ms
    Global solve took 47.78 ms
    Local solve took 0.06 ms
    Line search took 1.68 ms
    Update system took 0.50 ms
    Assemble system took 1.44 ms
    Global solve took 49.94 ms
    Local solve took 0.08 ms
    Line search took 1.80 ms
    Update system took 0.56 ms
    Assemble system took 1.50 ms
    Global solve took 43.43 ms
    Local solve took 0.08 ms
    Line search took 1.65 ms
    Update system took 0.53 ms
    Assemble system took 1.47 ms
    Global solve took 38.47 ms
    Local solve took 0.09 ms
    Line search took 3.49 ms
    Update system took 0.57 ms
    Assemble system took 1.75 ms
    Global solve took 41.08 ms
    Local solve took 0.07 ms
    Line search took 1.62 ms
    Update system took 0.48 ms
    Assemble system took 1.43 ms
    Global solve took 42.58 ms
    Local solve took 0.06 ms
    Line search took 1.55 ms
    Update system took 0.46 ms
    Assemble system took 1.43 ms
    Global solve took 44.30 ms
    Local solve took 0.06 ms
    Line search took 1.70 ms
    Update system took 0.51 ms
    Assemble system took 1.49 ms
    Global solve took 47.77 ms
    Local solve took 0.08 ms
    Line search took 1.56 ms
    Update system took 0.48 ms
    Assemble system took 1.44 ms
    Global solve took 48.88 ms
    Local solve took 0.10 ms
    Line search took 2.26 ms
    Update system took 0.55 ms
    Assemble system took 1.52 ms
    Global solve took 48.14 ms
    Local solve took 0.08 ms
    Line search took 1.59 ms
    Update system took 0.47 ms
    Assemble system took 1.49 ms
    Global solve took 51.52 ms
    Local solve took 0.06 ms
    Line search took 1.54 ms
    Update system took 0.45 ms
    Assemble system took 1.41 ms
    Global solve took 51.49 ms
    Local solve took 0.09 ms
    Line search took 1.75 ms
Step and readback took 631.38 ms
    Update system took 0.45 ms
    Assemble system took 1.53 ms
    Global solve took 40.56 ms
    Local solve took 0.09 ms
    Line search took 5.02 ms
    Update system took 0.73 ms
    Assemble system took 1.75 ms
    Global solve took 43.28 ms
    Local solve took 0.07 ms
    Line search took 2.14 ms
    Update system took 0.50 ms
    Assemble system took 1.47 ms
    Global solve took 44.63 ms
    Local solve took 0.06 ms
    Line search took 1.54 ms
    Update system took 0.46 ms
    Assemble system took 1.41 ms
    Global solve took 46.98 ms
    Local solve took 0.06 ms
    Line search took 1.72 ms
    Update system took 0.52 ms
    Assemble system took 1.50 ms
    Global solve took 50.00 ms
    Local solve took 0.08 ms
    Line search took 1.63 ms
    Update system took 0.49 ms
    Assemble system took 1.46 ms
    Global solve took 49.05 ms
    Local solve took 0.09 ms
    Line search took 1.75 ms
    Update system took 0.55 ms
    Assemble system took 1.53 ms
    Global solve took 50.13 ms
    Local solve took 0.08 ms
    Line search took 2.14 ms
    Update system took 0.50 ms
    Assemble system took 1.45 ms
    Global solve took 53.46 ms
    Local solve took 0.09 ms
    Line search took 1.75 ms
    Update system took 0.54 ms
    Assemble system took 1.55 ms
    Global solve took 55.10 ms
    Local solve took 0.08 ms
    Line search took 1.63 ms
    Update system took 0.51 ms
    Assemble system took 1.44 ms
    Global solve took 56.14 ms
    Local solve took 0.13 ms
    Line search took 2.12 ms
    Update system took 0.80 ms
    Assemble system took 1.77 ms
    Global solve took 55.67 ms
    Local solve took 0.09 ms
    Line search took 1.73 ms
    Update system took 0.57 ms
    Assemble system took 1.49 ms
    Global solve took 54.07 ms
    Local solve took 0.07 ms
    Line search took 1.55 ms
Step and readback took 677.63 ms
    Update system took 0.45 ms
    Assemble system took 1.48 ms
    Global solve took 40.14 ms
    Local solve took 0.08 ms
    Line search took 3.58 ms
    Update system took 0.49 ms
    Assemble system took 1.45 ms
    Global solve took 42.04 ms
    Local solve took 0.09 ms
    Line search took 3.28 ms
    Update system took 0.58 ms
    Assemble system took 1.53 ms
    Global solve took 43.15 ms
    Local solve took 0.06 ms
    Line search took 2.61 ms
    Update system took 0.48 ms
    Assemble system took 1.44 ms
    Global solve took 40.12 ms
    Local solve took 0.07 ms
    Line search took 2.05 ms
    Update system took 0.46 ms
    Assemble system took 1.41 ms
    Global solve took 44.26 ms
    Local solve took 0.06 ms
    Line search took 1.70 ms
    Update system took 0.49 ms
    Assemble system took 1.94 ms
    Global solve took 45.16 ms
    Local solve took 0.06 ms
    Line search took 1.62 ms
    Update system took 0.50 ms
    Assemble system took 1.43 ms
    Global solve took 51.67 ms
    Local solve took 0.10 ms
    Line search took 1.81 ms
    Update system took 0.55 ms
    Assemble system took 1.51 ms
    Global solve took 54.78 ms
    Local solve took 0.08 ms
    Line search took 1.59 ms
    Update system took 0.49 ms
    Assemble system took 1.42 ms
    Global solve took 56.52 ms
    Local solve took 0.15 ms
    Line search took 2.20 ms
    Update system took 0.60 ms
    Assemble system took 1.56 ms
    Global solve took 56.39 ms
    Local solve took 0.10 ms
    Line search took 1.80 ms
    Update system took 0.57 ms
    Assemble system took 1.52 ms
    Global solve took 57.58 ms
    Local solve took 0.14 ms
    Line search took 2.78 ms
    Update system took 0.83 ms
    Assemble system took 2.47 ms
    Global solve took 53.04 ms
    Local solve took 0.08 ms
    Line search took 1.63 ms
Step and readback took 666.47 ms
    Update system took 0.44 ms
    Assemble system took 1.82 ms
    Global solve took 40.46 ms
    Local solve took 0.09 ms
    Line search took 2.83 ms
    Update system took 0.52 ms
    Assemble system took 1.52 ms
    Global solve took 40.37 ms
    Local solve took 0.06 ms
    Line search took 3.04 ms
    Update system took 0.46 ms
    Assemble system took 1.40 ms
    Global solve took 42.51 ms
    Local solve took 0.07 ms
    Line search took 4.45 ms
    Update system took 0.59 ms
    Assemble system took 1.49 ms
    Global solve took 41.31 ms
    Local solve took 0.07 ms
    Line search took 2.66 ms
    Update system took 0.50 ms
    Assemble system took 1.43 ms
    Global solve took 42.48 ms
    Local solve took 0.05 ms
    Line search took 2.15 ms
    Update system took 0.45 ms
    Assemble system took 1.65 ms
    Global solve took 44.49 ms
    Local solve took 0.08 ms
    Line search took 1.74 ms
    Update system took 0.53 ms
    Assemble system took 1.44 ms
    Global solve took 45.42 ms
    Local solve took 0.07 ms
    Line search took 1.60 ms
    Update system took 0.47 ms
    Assemble system took 1.41 ms
    Global solve took 53.51 ms
    Local solve took 0.11 ms
    Line search took 1.71 ms
    Update system took 0.57 ms
    Assemble system took 1.47 ms
    Global solve took 55.51 ms
    Local solve took 0.08 ms
    Line search took 1.69 ms
    Update system took 0.52 ms
    Assemble system took 1.48 ms
    Global solve took 54.00 ms
    Local solve took 0.09 ms
    Line search took 1.73 ms
    Update system took 0.55 ms
    Assemble system took 1.49 ms
    Global solve took 54.96 ms
    Local solve took 0.07 ms
    Line search took 2.09 ms
    Update system took 0.49 ms
    Assemble system took 1.45 ms
    Global solve took 56.16 ms
    Local solve took 0.14 ms
    Line search took 2.10 ms
Step and readback took 653.36 ms
    Update system took 0.45 ms
    Assemble system took 1.51 ms
    Global solve took 44.65 ms
    Local solve took 0.08 ms
    Line search took 2.17 ms
    Update system took 0.51 ms
    Assemble system took 1.42 ms
    Global solve took 44.00 ms
    Local solve took 0.06 ms
    Line search took 3.53 ms
    Update system took 0.46 ms
    Assemble system took 1.40 ms
    Global solve took 42.05 ms
    Local solve took 0.06 ms
    Line search took 2.08 ms
    Update system took 0.48 ms
    Assemble system took 1.38 ms
    Global solve took 42.21 ms
    Local solve took 0.07 ms
    Line search took 1.64 ms
    Update system took 0.50 ms
    Assemble system took 1.42 ms
    Global solve took 49.35 ms
    Local solve took 0.08 ms
    Line search took 1.72 ms
    Update system took 0.54 ms
    Assemble system took 1.49 ms
    Global solve took 50.01 ms
    Local solve took 0.07 ms
    Line search took 1.64 ms
    Update system took 0.51 ms
    Assemble system took 1.46 ms
    Global solve took 54.31 ms
    Local solve took 0.08 ms
    Line search took 2.23 ms
    Update system took 0.56 ms
    Assemble system took 1.50 ms
    Global solve took 52.01 ms
    Local solve took 0.08 ms
    Line search took 1.60 ms
    Update system took 0.50 ms
    Assemble system took 1.43 ms
    Global solve took 53.71 ms
    Local solve took 0.08 ms
    Line search took 1.71 ms
    Update system took 0.54 ms
    Assemble system took 1.51 ms
    Global solve took 52.25 ms
    Local solve took 0.07 ms
    Line search took 1.64 ms
    Update system took 0.53 ms
    Assemble system took 1.47 ms
    Global solve took 56.13 ms
    Local solve took 0.08 ms
    Line search took 2.22 ms
    Update system took 0.55 ms
    Assemble system took 1.50 ms
    Global solve took 54.36 ms
    Local solve took 0.08 ms
    Line search took 1.73 ms
Step and readback took 671.84 ms
    Update system took 0.45 ms
    Assemble system took 1.50 ms
    Global solve took 45.16 ms
    Local solve took 0.06 ms
    Line search took 2.27 ms
    Update system took 0.52 ms
    Assemble system took 1.52 ms
    Global solve took 40.97 ms
    Local solve took 0.10 ms
    Line search took 2.27 ms
    Update system took 0.57 ms
    Assemble system took 1.49 ms
    Global solve took 45.30 ms
    Local solve took 0.10 ms
    Line search took 4.48 ms
    Update system took 0.57 ms
    Assemble system took 1.51 ms
    Global solve took 45.26 ms
    Local solve took 0.09 ms
    Line search took 1.75 ms
    Update system took 0.55 ms
    Assemble system took 1.49 ms
    Global solve took 45.05 ms
    Local solve took 0.08 ms
    Line search took 1.75 ms
    Update system took 0.55 ms
    Assemble system took 1.49 ms
    Global solve took 43.33 ms
    Local solve took 0.05 ms
    Line search took 2.74 ms
    Update system took 0.54 ms
    Assemble system took 1.95 ms
    Global solve took 49.85 ms
    Local solve took 0.09 ms
    Line search took 3.75 ms
    Update system took 0.57 ms
    Assemble system took 1.48 ms
    Global solve took 46.46 ms
    Local solve took 0.13 ms
    Line search took 7.67 ms
    Update system took 0.58 ms
    Assemble system took 1.51 ms
    Global solve took 45.15 ms
    Local solve took 0.09 ms
    Line search took 7.74 ms
    Update system took 0.56 ms
    Assemble system took 1.50 ms
    Global solve took 48.01 ms
    Local solve took 0.10 ms
    Line search took 9.77 ms
    Update system took 0.57 ms
    Assemble system took 1.50 ms
    Global solve took 47.52 ms
    Local solve took 0.09 ms
    Line search took 9.65 ms
    Update system took 0.56 ms
    Assemble system took 1.48 ms
    Global solve took 47.92 ms
    Local solve took 0.09 ms
    Line search took 9.69 ms
Step and readback took 668.33 ms
    Update system took 0.45 ms
    Assemble system took 1.50 ms
    Global solve took 40.53 ms
    Local solve took 0.04 ms
    Line search took 1.92 ms
    Update system took 0.48 ms
    Assemble system took 1.45 ms
    Global solve took 39.36 ms
    Local solve took 0.06 ms
    Line search took 1.73 ms
    Update system took 0.51 ms
    Assemble system took 1.44 ms
    Global solve took 40.72 ms
    Local solve took 0.07 ms
    Line search took 1.60 ms
    Update system took 0.48 ms
    Assemble system took 1.45 ms
    Global solve took 40.31 ms
    Local solve took 0.08 ms
    Line search took 1.61 ms
    Update system took 0.54 ms
    Assemble system took 1.45 ms
    Global solve took 42.25 ms
    Local solve took 0.09 ms
    Line search took 2.41 ms
    Update system took 0.66 ms
    Assemble system took 1.46 ms
    Global solve took 38.16 ms
    Local solve took 0.04 ms
    Line search took 2.04 ms
    Update system took 0.43 ms
    Assemble system took 1.41 ms
    Global solve took 40.39 ms
    Local solve took 0.07 ms
    Line search took 2.05 ms
    Update system took 0.52 ms
    Assemble system took 1.44 ms
    Global solve took 40.27 ms
    Local solve took 0.08 ms
    Line search took 4.71 ms
    Update system took 0.55 ms
    Assemble system took 1.48 ms
    Global solve took 37.96 ms
    Local solve took 0.06 ms
    Line search took 1.55 ms
    Update system took 0.48 ms
    Assemble system took 1.41 ms
    Global solve took 44.08 ms
    Local solve took 0.09 ms
    Line search took 2.12 ms
    Update system took 0.79 ms
    Assemble system took 1.60 ms
    Global solve took 45.52 ms
    Local solve took 0.08 ms
    Line search took 1.64 ms
    Update system took 0.52 ms
    Assemble system took 1.49 ms
    Global solve took 49.21 ms
    Local solve took 0.09 ms
    Line search took 1.75 ms
Step and readback took 577.34 ms
    Update system took 0.46 ms
    Assemble system took 1.53 ms
    Global solve took 39.33 ms
    Local solve took 0.10 ms
    Line search took 1.81 ms
    Update system took 0.58 ms
    Assemble system took 1.49 ms
    Global solve took 38.97 ms
    Local solve took 0.12 ms
    Line search took 3.69 ms
    Update system took 0.57 ms
    Assemble system took 1.49 ms
    Global solve took 45.20 ms
    Local solve took 0.06 ms
    Line search took 2.16 ms
    Update system took 0.57 ms
    Assemble system took 1.49 ms
    Global solve took 40.46 ms
    Local solve took 0.04 ms
    Line search took 1.57 ms
    Update system took 0.45 ms
    Assemble system took 1.42 ms
    Global solve took 46.47 ms
    Local solve took 0.10 ms
    Line search took 1.76 ms
    Update system took 0.55 ms
    Assemble system took 1.53 ms
    Global solve took 49.41 ms
    Local solve took 0.08 ms
    Line search took 3.53 ms
    Update system took 0.53 ms
    Assemble system took 1.48 ms
    Global solve took 48.15 ms
    Local solve took 0.07 ms
    Line search took 1.62 ms
    Update system took 0.51 ms
    Assemble system took 1.42 ms
    Global solve took 50.76 ms
    Local solve took 0.07 ms
    Line search took 1.62 ms
    Update system took 0.50 ms
    Assemble system took 1.42 ms
    Global solve took 53.11 ms
    Local solve took 0.11 ms
    Line search took 1.78 ms
    Update system took 0.57 ms
    Assemble system took 1.50 ms
    Global solve took 50.96 ms
    Local solve took 0.08 ms
    Line search took 1.61 ms
    Update system took 0.50 ms
    Assemble system took 1.44 ms
    Global solve took 49.81 ms
    Local solve took 0.07 ms
    Line search took 1.58 ms
    Update system took 0.48 ms
    Assemble system took 1.46 ms
    Global solve took 52.92 ms
    Local solve took 0.08 ms
    Line search took 1.75 ms
Step and readback took 642.97 ms
    Update system took 0.45 ms
    Assemble system took 1.48 ms
    Global solve took 51.57 ms
    Local solve took 0.08 ms
    Line search took 2.78 ms
    Update system took 0.56 ms
    Assemble system took 1.50 ms
    Global solve took 49.95 ms
    Local solve took 0.07 ms
    Line search took 3.57 ms
    Update system took 0.47 ms
    Assemble system took 1.45 ms
    Global solve took 51.11 ms
    Local solve took 0.11 ms
    Line search took 2.10 ms
    Update system took 0.78 ms
    Assemble system took 1.73 ms
    Global solve took 50.51 ms
    Local solve took 0.08 ms
    Line search took 1.72 ms
    Update system took 0.54 ms
    Assemble system took 1.47 ms
    Global solve took 46.59 ms
    Local solve took 0.04 ms
    Line search took 1.54 ms
    Update system took 0.44 ms
    Assemble system took 1.40 ms
    Global solve took 49.64 ms
    Local solve took 0.09 ms
    Line search took 1.73 ms
    Update system took 0.54 ms
    Assemble system took 1.49 ms
    Global solve took 59.58 ms
    Local solve took 0.15 ms
    Line search took 2.35 ms
    Update system took 1.00 ms
    Assemble system took 1.90 ms
    Global solve took 56.01 ms
    Local solve took 0.09 ms
    Line search took 1.75 ms
    Update system took 0.54 ms
    Assemble system took 1.52 ms
    Global solve took 53.75 ms
    Local solve took 0.07 ms
    Line search took 1.58 ms
    Update system took 0.48 ms
    Assemble system took 1.61 ms
    Global solve took 58.13 ms
    Local solve took 0.09 ms
    Line search took 1.74 ms
    Update system took 0.75 ms
    Assemble system took 1.51 ms
    Global solve took 54.73 ms
    Local solve took 0.08 ms
    Line search took 1.70 ms
    Update system took 0.54 ms
    Assemble system took 1.47 ms
    Global solve took 56.80 ms
    Local solve took 0.08 ms
    Line search took 1.71 ms
Step and readback took 719.04 ms
    Update system took 0.46 ms
    Assemble system took 1.52 ms
    Global solve took 60.12 ms
    Local solve took 0.12 ms
    Line search took 2.77 ms
    Update system took 0.57 ms
    Assemble system took 1.49 ms
    Global solve took 54.88 ms
    Local solve took 0.07 ms
    Line search took 1.66 ms
    Update system took 0.52 ms
    Assemble system took 1.46 ms
    Global solve took 56.30 ms
    Local solve took 0.09 ms
    Line search took 1.73 ms
    Update system took 0.57 ms
    Assemble system took 1.48 ms
    Global solve took 54.12 ms
    Local solve took 0.06 ms
    Line search took 1.53 ms
    Update system took 0.47 ms
    Assemble system took 1.37 ms
    Global solve took 57.64 ms
    Local solve took 0.09 ms
    Line search took 1.76 ms
    Update system took 0.55 ms
    Assemble system took 1.50 ms
    Global solve took 54.28 ms
    Local solve took 0.07 ms
    Line search took 1.57 ms
    Update system took 0.47 ms
    Assemble system took 1.41 ms
    Global solve took 53.49 ms
    Local solve took 0.06 ms
    Line search took 1.57 ms
    Update system took 0.47 ms
    Assemble system took 1.41 ms
    Global solve took 53.27 ms
    Local solve took 0.06 ms
    Line search took 1.55 ms
    Update system took 0.52 ms
    Assemble system took 1.41 ms
    Global solve took 55.67 ms
    Local solve took 0.09 ms
    Line search took 1.75 ms
    Update system took 0.56 ms
    Assemble system took 1.51 ms
    Global solve took 54.28 ms
    Local solve took 0.07 ms
    Line search took 1.57 ms
    Update system took 0.49 ms
    Assemble system took 1.41 ms
    Global solve took 55.96 ms
    Local solve took 0.09 ms
    Line search took 1.79 ms
    Update system took 0.57 ms
    Assemble system took 1.50 ms
    Global solve took 54.50 ms
    Local solve took 0.08 ms
    Line search took 1.65 ms
Step and readback took 738.63 ms
    Update system took 0.45 ms
    Assemble system took 1.50 ms
    Global solve took 52.34 ms
    Local solve took 0.09 ms
    Line search took 1.75 ms
    Update system took 0.55 ms
    Assemble system took 1.49 ms
    Global solve took 52.28 ms
    Local solve took 0.06 ms
    Line search took 1.57 ms
    Update system took 0.49 ms
    Assemble system took 1.41 ms
    Global solve took 52.95 ms
    Local solve took 0.10 ms
    Line search took 1.78 ms
    Update system took 0.56 ms
    Assemble system took 1.49 ms
    Global solve took 49.97 ms
    Local solve took 0.07 ms
    Line search took 1.59 ms
    Update system took 0.48 ms
    Assemble system took 1.43 ms
    Global solve took 51.59 ms
    Local solve took 0.09 ms
    Line search took 1.74 ms
    Update system took 0.55 ms
    Assemble system took 1.54 ms
    Global solve took 50.29 ms
    Local solve took 0.09 ms
    Line search took 1.60 ms
    Update system took 0.48 ms
    Assemble system took 1.45 ms
    Global solve took 49.42 ms
    Local solve took 0.06 ms
    Line search took 1.65 ms
    Update system took 0.47 ms
    Assemble system took 1.40 ms
    Global solve took 49.30 ms
    Local solve took 0.06 ms
    Line search took 1.60 ms
    Update system took 0.47 ms
    Assemble system took 1.42 ms
    Global solve took 49.21 ms
    Local solve took 0.06 ms
    Line search took 1.54 ms
    Update system took 0.46 ms
    Assemble system took 1.38 ms
    Global solve took 52.29 ms
    Local solve took 0.08 ms
    Line search took 1.73 ms
    Update system took 0.56 ms
    Assemble system took 1.50 ms
    Global solve took 49.74 ms
    Local solve took 0.06 ms
    Line search took 1.56 ms
    Update system took 0.48 ms
    Assemble system took 1.53 ms
    Global solve took 52.00 ms
    Local solve took 0.08 ms
    Line search took 1.73 ms
Step and readback took 683.87 ms
    Update system took 0.44 ms
    Assemble system took 1.51 ms
    Global solve took 49.36 ms
    Local solve took 0.07 ms
    Line search took 1.65 ms
    Update system took 0.50 ms
    Assemble system took 1.50 ms
    Global solve took 51.64 ms
    Local solve took 0.06 ms
    Line search took 1.97 ms
    Update system took 0.54 ms
    Assemble system took 1.52 ms
    Global solve took 48.96 ms
    Local solve took 0.04 ms
    Line search took 1.52 ms
    Update system took 0.43 ms
    Assemble system took 1.37 ms
    Global solve took 54.44 ms
    Local solve took 0.10 ms
    Line search took 1.73 ms
    Update system took 0.57 ms
    Assemble system took 1.48 ms
    Global solve took 52.12 ms
    Local solve took 0.08 ms
    Line search took 1.58 ms
    Update system took 0.49 ms
    Assemble system took 1.39 ms
    Global solve took 54.26 ms
    Local solve took 0.10 ms
    Line search took 1.75 ms
    Update system took 0.57 ms
    Assemble system took 1.48 ms
    Global solve took 51.74 ms
    Local solve took 0.06 ms
    Line search took 1.55 ms
    Update system took 0.46 ms
    Assemble system took 1.43 ms
    Global solve took 53.46 ms
    Local solve took 0.09 ms
    Line search took 1.99 ms
    Update system took 0.72 ms
    Assemble system took 1.75 ms
    Global solve took 53.28 ms
    Local solve took 0.08 ms
    Line search took 1.73 ms
    Update system took 0.54 ms
    Assemble system took 1.46 ms
    Global solve took 53.94 ms
    Local solve took 0.09 ms
    Line search took 1.82 ms
    Update system took 0.55 ms
    Assemble system took 1.49 ms
    Global solve took 52.09 ms
    Local solve took 0.07 ms
    Line search took 1.56 ms
    Update system took 0.47 ms
    Assemble system took 1.40 ms
    Global solve took 53.81 ms
    Local solve took 0.09 ms
    Line search took 1.74 ms
Step and readback took 702.85 ms
    Update system took 0.46 ms
    Assemble system took 1.49 ms
    Global solve took 52.27 ms
    Local solve took 0.08 ms
    Line search took 2.67 ms
    Update system took 0.50 ms
    Assemble system took 1.42 ms
    Global solve took 54.61 ms
    Local solve took 0.09 ms
    Line search took 3.25 ms
    Update system took 0.56 ms
    Assemble system took 1.47 ms
    Global solve took 52.04 ms
    Local solve took 0.07 ms
    Line search took 1.60 ms
    Update system took 0.50 ms
    Assemble system took 1.43 ms
    Global solve took 54.37 ms
    Local solve took 0.10 ms
    Line search took 1.82 ms
    Update system took 0.66 ms
    Assemble system took 1.71 ms
    Global solve took 54.71 ms
    Local solve took 0.10 ms
    Line search took 1.73 ms
    Update system took 0.55 ms
    Assemble system took 1.49 ms
    Global solve took 53.68 ms
    Local solve took 0.14 ms
    Line search took 2.20 ms
    Update system took 0.79 ms
    Assemble system took 1.77 ms
    Global solve took 53.49 ms
    Local solve took 0.10 ms
    Line search took 1.81 ms
    Update system took 0.55 ms
    Assemble system took 1.48 ms
    Global solve took 54.31 ms
    Local solve took 0.09 ms
    Line search took 1.74 ms
    Update system took 0.55 ms
    Assemble system took 1.50 ms
    Global solve took 54.74 ms
    Local solve took 0.10 ms
    Line search took 1.77 ms
    Update system took 0.56 ms
    Assemble system took 1.55 ms
    Global solve took 55.42 ms
    Local solve took 0.10 ms
    Line search took 2.79 ms
    Update system took 0.59 ms
    Assemble system took 1.51 ms
    Global solve took 53.90 ms
    Local solve took 0.11 ms
    Line search took 2.32 ms
    Update system took 0.56 ms
    Assemble system took 1.53 ms
    Global solve took 55.54 ms
    Local solve took 0.12 ms
    Line search took 1.77 ms
Step and readback took 729.89 ms
    Update system took 0.45 ms
    Assemble system took 1.54 ms
    Global solve took 55.33 ms
    Local solve took 0.10 ms
    Line search took 1.86 ms
    Update system took 0.56 ms
    Assemble system took 1.47 ms
    Global solve took 53.12 ms
    Local solve took 0.09 ms
    Line search took 1.74 ms
    Update system took 0.56 ms
    Assemble system took 1.48 ms
    Global solve took 52.91 ms
    Local solve took 0.08 ms
    Line search took 1.63 ms
    Update system took 0.50 ms
    Assemble system took 1.52 ms
    Global solve took 54.43 ms
    Local solve took 0.10 ms
    Line search took 1.77 ms
    Update system took 0.58 ms
    Assemble system took 1.51 ms
    Global solve took 52.77 ms
    Local solve took 0.08 ms
    Line search took 1.60 ms
    Update system took 0.48 ms
    Assemble system took 1.44 ms
    Global solve took 54.17 ms
    Local solve took 0.10 ms
    Line search took 1.77 ms
    Update system took 0.55 ms
    Assemble system took 1.49 ms
    Global solve took 52.34 ms
    Local solve took 0.07 ms
    Line search took 1.59 ms
    Update system took 0.49 ms
    Assemble system took 1.40 ms
    Global solve took 51.38 ms
    Local solve took 0.09 ms
    Line search took 1.56 ms
    Update system took 0.48 ms
    Assemble system took 1.39 ms
    Global solve took 51.68 ms
    Local solve took 0.07 ms
    Line search took 1.54 ms
    Update system took 0.48 ms
    Assemble system took 1.36 ms
    Global solve took 53.32 ms
    Local solve took 0.10 ms
    Line search took 1.71 ms
    Update system took 0.53 ms
    Assemble system took 1.46 ms
    Global solve took 53.04 ms
    Local solve took 0.08 ms
    Line search took 1.64 ms
    Update system took 0.52 ms
    Assemble system took 1.43 ms
    Global solve took 53.36 ms
    Local solve took 0.09 ms
    Line search took 1.70 ms
Step and readback took 711.34 ms
    Update system took 0.46 ms
    Assemble system took 1.56 ms
    Global solve took 55.07 ms
    Local solve took 0.08 ms
    Line search took 1.65 ms
    Update system took 0.49 ms
    Assemble system took 1.44 ms
    Global solve took 58.11 ms
    Local solve took 0.11 ms
    Line search took 1.77 ms
    Update system took 0.57 ms
    Assemble system took 1.48 ms
    Global solve took 54.92 ms
    Local solve took 0.08 ms
    Line search took 1.66 ms
    Update system took 0.52 ms
    Assemble system took 1.41 ms
    Global solve took 57.20 ms
    Local solve took 0.10 ms
    Line search took 1.74 ms
    Update system took 0.55 ms
    Assemble system took 1.71 ms
    Global solve took 54.01 ms
    Local solve took 0.06 ms
    Line search took 1.80 ms
    Update system took 0.49 ms
    Assemble system took 1.42 ms
    Global solve took 56.73 ms
    Local solve took 0.08 ms
    Line search took 1.73 ms
    Update system took 0.56 ms
    Assemble system took 1.47 ms
    Global solve took 54.46 ms
    Local solve took 0.07 ms
    Line search took 1.57 ms
    Update system took 0.51 ms
    Assemble system took 1.41 ms
    Global solve took 53.73 ms
    Local solve took 0.06 ms
    Line search took 1.53 ms
    Update system took 0.47 ms
    Assemble system took 1.45 ms
    Global solve took 53.96 ms
    Local solve took 0.07 ms
    Line search took 1.56 ms
    Update system took 0.49 ms
    Assemble system took 1.41 ms
    Global solve took 56.83 ms
    Local solve took 0.08 ms
    Line search took 1.70 ms
    Update system took 0.56 ms
    Assemble system took 1.50 ms
    Global solve took 54.59 ms
    Local solve took 0.09 ms
    Line search took 1.59 ms
    Update system took 0.53 ms
    Assemble system took 1.43 ms
    Global solve took 57.86 ms
    Local solve took 0.09 ms
    Line search took 1.74 ms
Step and readback took 740.82 ms
    Update system took 0.43 ms
    Assemble system took 1.52 ms
    Global solve took 56.30 ms
    Local solve took 0.09 ms
    Line search took 1.79 ms
    Update system took 0.55 ms
    Assemble system took 1.51 ms
    Global solve took 54.88 ms
    Local solve took 0.06 ms
    Line search took 1.58 ms
    Update system took 0.46 ms
    Assemble system took 1.42 ms
    Global solve took 56.09 ms
    Local solve took 0.10 ms
    Line search took 1.74 ms
    Update system took 0.55 ms
    Assemble system took 1.53 ms
    Global solve took 54.97 ms
    Local solve took 0.07 ms
    Line search took 1.59 ms
    Update system took 0.49 ms
    Assemble system took 1.42 ms
    Global solve took 55.98 ms
    Local solve took 0.09 ms
    Line search took 1.76 ms
    Update system took 0.56 ms
    Assemble system took 1.48 ms
    Global solve took 55.03 ms
    Local solve took 0.08 ms
    Line search took 1.59 ms
    Update system took 0.48 ms
    Assemble system took 1.44 ms
    Global solve took 54.37 ms
    Local solve took 0.08 ms
    Line search took 1.69 ms
    Update system took 0.53 ms
    Assemble system took 1.40 ms
    Global solve took 53.96 ms
    Local solve took 0.07 ms
    Line search took 1.57 ms
    Update system took 0.47 ms
    Assemble system took 1.39 ms
    Global solve took 60.62 ms
    Local solve took 0.10 ms
    Line search took 1.81 ms
    Update system took 0.57 ms
    Assemble system took 1.49 ms
    Global solve took 55.60 ms
    Local solve took 0.10 ms
    Line search took 1.77 ms
    Update system took 0.56 ms
    Assemble system took 1.49 ms
    Global solve took 56.61 ms
    Local solve took 0.10 ms
    Line search took 1.76 ms
    Update system took 0.54 ms
    Assemble system took 1.51 ms
    Global solve took 55.14 ms
    Local solve took 0.08 ms
    Line search took 2.10 ms
Step and readback took 743.10 ms
    Update system took 0.44 ms
    Assemble system took 1.49 ms
    Global solve took 57.64 ms
    Local solve took 0.10 ms
    Line search took 1.77 ms
    Update system took 0.55 ms
    Assemble system took 1.50 ms
    Global solve took 54.40 ms
    Local solve took 0.06 ms
    Line search took 1.56 ms
    Update system took 0.48 ms
    Assemble system took 1.41 ms
    Global solve took 56.22 ms
    Local solve took 0.09 ms
    Line search took 1.81 ms
    Update system took 0.57 ms
    Assemble system took 1.48 ms
    Global solve took 54.52 ms
    Local solve took 0.07 ms
    Line search took 1.56 ms
    Update system took 0.48 ms
    Assemble system took 1.41 ms
    Global solve took 56.51 ms
    Local solve took 0.09 ms
    Line search took 1.74 ms
    Update system took 0.55 ms
    Assemble system took 1.52 ms
    Global solve took 54.67 ms
    Local solve took 0.07 ms
    Line search took 1.55 ms
    Update system took 0.47 ms
    Assemble system took 1.39 ms
    Global solve took 55.60 ms
    Local solve took 0.09 ms
    Line search took 1.69 ms
    Update system took 0.52 ms
    Assemble system took 1.73 ms
    Global solve took 54.61 ms
    Local solve took 0.08 ms
    Line search took 1.61 ms
    Update system took 0.67 ms
    Assemble system took 1.45 ms
    Global solve took 56.53 ms
    Local solve took 0.08 ms
    Line search took 1.74 ms
    Update system took 0.54 ms
    Assemble system took 1.49 ms
    Global solve took 56.62 ms
    Local solve took 0.13 ms
    Line search took 2.16 ms
    Update system took 0.80 ms
    Assemble system took 1.75 ms
    Global solve took 57.33 ms
    Local solve took 0.08 ms
    Line search took 1.77 ms
    Update system took 0.58 ms
    Assemble system took 1.51 ms
    Global solve took 54.58 ms
    Local solve took 0.07 ms
    Line search took 1.63 ms
Step and readback took 743.43 ms
    Update system took 0.53 ms
    Assemble system took 1.54 ms
    Global solve took 56.09 ms
    Local solve took 0.08 ms
    Line search took 1.74 ms
    Update system took 0.55 ms
    Assemble system took 1.48 ms
    Global solve took 54.86 ms
    Local solve took 0.08 ms
    Line search took 1.74 ms
    Update system took 0.56 ms
    Assemble system took 1.56 ms
    Global solve took 56.70 ms
    Local solve took 0.11 ms
    Line search took 2.18 ms
    Update system took 0.81 ms
    Assemble system took 1.79 ms
    Global solve took 52.86 ms
    Local solve took 0.07 ms
    Line search took 1.58 ms
    Update system took 0.47 ms
    Assemble system took 1.42 ms
    Global solve took 55.71 ms
    Local solve took 0.10 ms
    Line search took 2.08 ms
    Update system took 0.78 ms
    Assemble system took 1.78 ms
    Global solve took 53.48 ms
    Local solve took 0.06 ms
    Line search took 1.56 ms
    Update system took 0.48 ms
    Assemble system took 1.44 ms
    Global solve took 51.56 ms
    Local solve took 0.06 ms
    Line search took 1.60 ms
    Update system took 0.47 ms
    Assemble system took 1.39 ms
    Global solve took 51.32 ms
    Local solve took 0.06 ms
    Line search took 1.53 ms
    Update system took 0.46 ms
    Assemble system took 1.39 ms
    Global solve took 54.44 ms
    Local solve took 0.08 ms
    Line search took 1.76 ms
    Update system took 0.56 ms
    Assemble system took 1.49 ms
    Global solve took 52.17 ms
    Local solve took 0.06 ms
    Line search took 2.05 ms
    Update system took 0.47 ms
    Assemble system took 1.41 ms
    Global solve took 54.57 ms
    Local solve took 0.10 ms
    Line search took 1.72 ms
    Update system took 0.56 ms
    Assemble system took 1.49 ms
    Global solve took 52.11 ms
    Local solve took 0.06 ms
    Line search took 2.57 ms
Step and readback took 721.73 ms
    Update system took 0.50 ms
    Assemble system took 3.28 ms
    Global solve took 52.88 ms
    Local solve took 0.08 ms
    Line search took 2.22 ms
    Update system took 0.51 ms
    Assemble system took 1.47 ms
    Global solve took 49.45 ms
    Local solve took 0.07 ms
    Line search took 1.78 ms
    Update system took 0.48 ms
    Assemble system took 1.40 ms
    Global solve took 52.85 ms
    Local solve took 0.08 ms
    Line search took 1.76 ms
    Update system took 0.55 ms
    Assemble system took 1.50 ms
    Global solve took 49.76 ms
    Local solve took 0.04 ms
    Line search took 1.59 ms
    Update system took 0.47 ms
    Assemble system took 1.65 ms
    Global solve took 51.72 ms
    Local solve took 0.08 ms
    Line search took 1.74 ms
    Update system took 0.58 ms
    Assemble system took 1.50 ms
    Global solve took 49.86 ms
    Local solve took 0.07 ms
    Line search took 1.67 ms
    Update system took 0.54 ms
    Assemble system took 1.52 ms
    Global solve took 50.00 ms
    Local solve took 0.09 ms
    Line search took 1.74 ms
    Update system took 0.54 ms
    Assemble system took 1.42 ms
    Global solve took 49.36 ms
    Local solve took 0.07 ms
    Line search took 1.57 ms
    Update system took 0.47 ms
    Assemble system took 1.40 ms
    Global solve took 52.52 ms
    Local solve took 0.11 ms
    Line search took 1.79 ms
    Update system took 0.56 ms
    Assemble system took 1.48 ms
    Global solve took 50.42 ms
    Local solve took 0.08 ms
    Line search took 1.68 ms
    Update system took 0.53 ms
    Assemble system took 1.49 ms
    Global solve took 49.43 ms
    Local solve took 0.11 ms
    Line search took 3.52 ms
    Update system took 0.71 ms
    Assemble system took 1.77 ms
    Global solve took 50.65 ms
    Local solve took 0.08 ms
    Line search took 1.63 ms
Step and readback took 686.74 ms
    Update system took 0.43 ms
    Assemble system took 1.50 ms
    Global solve took 54.16 ms
    Local solve took 0.09 ms
    Line search took 1.74 ms
    Update system took 0.54 ms
    Assemble system took 1.50 ms
    Global solve took 53.02 ms
    Local solve took 0.08 ms
    Line search took 1.70 ms
    Update system took 0.50 ms
    Assemble system took 1.45 ms
    Global solve took 55.14 ms
    Local solve took 0.10 ms
    Line search took 1.74 ms
    Update system took 0.54 ms
    Assemble system took 1.53 ms
    Global solve took 53.15 ms
    Local solve took 0.08 ms
    Line search took 1.73 ms
    Update system took 0.54 ms
    Assemble system took 1.51 ms
    Global solve took 55.59 ms
    Local solve took 0.14 ms
    Line search took 2.11 ms
    Update system took 0.81 ms
    Assemble system took 1.78 ms
    Global solve took 52.83 ms
    Local solve took 0.09 ms
    Line search took 1.75 ms
    Update system took 0.56 ms
    Assemble system took 1.51 ms
    Global solve took 54.77 ms
    Local solve took 0.09 ms
    Line search took 1.75 ms
    Update system took 0.57 ms
    Assemble system took 1.52 ms
    Global solve took 55.64 ms
    Local solve took 0.10 ms
    Line search took 1.74 ms
    Update system took 0.55 ms
    Assemble system took 1.51 ms
    Global solve took 55.63 ms
    Local solve took 0.16 ms
    Line search took 2.22 ms
    Update system took 0.81 ms
    Assemble system took 1.54 ms
    Global solve took 55.41 ms
    Local solve took 0.09 ms
    Line search took 1.75 ms
    Update system took 0.55 ms
    Assemble system took 1.49 ms
    Global solve took 55.09 ms
    Local solve took 0.09 ms
    Line search took 1.74 ms
    Update system took 0.56 ms
    Assemble system took 1.51 ms
    Global solve took 53.72 ms
    Local solve took 0.10 ms
    Line search took 1.73 ms
Step and readback took 731.48 ms
    Update system took 0.45 ms
    Assemble system took 1.52 ms
    Global solve took 55.15 ms
    Local solve took 0.09 ms
    Line search took 1.77 ms
    Update system took 0.57 ms
    Assemble system took 1.49 ms
    Global solve took 54.98 ms
    Local solve took 0.09 ms
    Line search took 1.73 ms
    Update system took 0.56 ms
    Assemble system took 1.48 ms
    Global solve took 55.45 ms
    Local solve took 0.09 ms
    Line search took 1.73 ms
    Update system took 0.56 ms
    Assemble system took 1.49 ms
    Global solve took 55.00 ms
    Local solve took 0.09 ms
    Line search took 1.73 ms
    Update system took 0.56 ms
    Assemble system took 1.50 ms
    Global solve took 54.47 ms
    Local solve took 0.09 ms
    Line search took 1.74 ms
    Update system took 0.56 ms
    Assemble system took 1.50 ms
    Global solve took 52.61 ms
    Local solve took 0.07 ms
    Line search took 1.58 ms
    Update system took 0.48 ms
    Assemble system took 1.42 ms
    Global solve took 52.17 ms
    Local solve took 0.07 ms
    Line search took 1.57 ms
    Update system took 0.49 ms
    Assemble system took 1.42 ms
    Global solve took 52.22 ms
    Local solve took 0.08 ms
    Line search took 1.59 ms
    Update system took 0.48 ms
    Assemble system took 1.42 ms
    Global solve took 54.00 ms
    Local solve took 0.09 ms
    Line search took 1.77 ms
    Update system took 0.58 ms
    Assemble system took 1.50 ms
    Global solve took 53.26 ms
    Local solve took 0.08 ms
    Line search took 1.76 ms
    Update system took 0.54 ms
    Assemble system took 1.46 ms
    Global solve took 54.86 ms
    Local solve took 0.10 ms
    Line search took 1.76 ms
    Update system took 0.55 ms
    Assemble system took 1.50 ms
    Global solve took 53.00 ms
    Local solve took 0.08 ms
    Line search took 1.63 ms
Step and readback took 720.66 ms
    Update system took 0.43 ms
    Assemble system took 1.51 ms
    Global solve took 54.78 ms
    Local solve took 0.09 ms
    Line search took 1.75 ms
    Update system took 0.55 ms
    Assemble system took 1.54 ms
    Global solve took 52.48 ms
    Local solve took 0.07 ms
    Line search took 1.61 ms
    Update system took 0.49 ms
    Assemble system took 1.43 ms
    Global solve took 54.56 ms
    Local solve took 0.10 ms
    Line search took 2.29 ms
    Update system took 0.56 ms
    Assemble system took 1.49 ms
    Global solve took 52.86 ms
    Local solve took 0.09 ms
    Line search took 1.70 ms
    Update system took 0.54 ms
    Assemble system took 1.47 ms
    Global solve took 54.53 ms
    Local solve took 0.10 ms
    Line search took 1.75 ms
    Update system took 0.56 ms
    Assemble system took 1.48 ms
    Global solve took 52.33 ms
    Local solve took 0.07 ms
    Line search took 1.56 ms
    Update system took 0.47 ms
    Assemble system took 1.40 ms
    Global solve took 51.80 ms
    Local solve took 0.07 ms
    Line search took 1.59 ms
    Update system took 0.47 ms
    Assemble system took 1.51 ms
    Global solve took 54.72 ms
    Local solve took 0.08 ms
    Line search took 1.67 ms
    Update system took 0.52 ms
    Assemble system took 1.47 ms
    Global solve took 54.17 ms
    Local solve took 0.10 ms
    Line search took 1.77 ms
    Update system took 0.56 ms
    Assemble system took 1.51 ms
    Global solve took 52.80 ms
    Local solve took 0.07 ms
    Line search took 1.59 ms
    Update system took 0.48 ms
    Assemble system took 1.43 ms
    Global solve took 53.75 ms
    Local solve took 0.10 ms
    Line search took 1.77 ms
    Update system took 0.55 ms
    Assemble system took 1.51 ms
    Global solve took 52.71 ms
    Local solve took 0.07 ms
    Line search took 1.59 ms
Step and readback took 715.13 ms
    Update system took 0.44 ms
    Assemble system took 1.47 ms
    Global solve took 54.02 ms
    Local solve took 0.09 ms
    Line search took 1.72 ms
    Update system took 0.55 ms
    Assemble system took 1.49 ms
    Global solve took 51.86 ms
    Local solve took 0.08 ms
    Line search took 1.55 ms
    Update system took 0.49 ms
    Assemble system took 1.40 ms
    Global solve took 53.72 ms
    Local solve took 0.09 ms
    Line search took 1.75 ms
    Update system took 0.56 ms
    Assemble system took 1.48 ms
    Global solve took 52.41 ms
    Local solve took 0.08 ms
    Line search took 1.58 ms
    Update system took 0.48 ms
    Assemble system took 1.42 ms
    Global solve took 53.53 ms
    Local solve took 0.09 ms
    Line search took 1.75 ms
    Update system took 0.55 ms
    Assemble system took 1.48 ms
    Global solve took 52.88 ms
    Local solve took 0.08 ms
    Line search took 1.72 ms
    Update system took 0.52 ms
    Assemble system took 1.47 ms
    Global solve took 51.71 ms
    Local solve took 0.08 ms
    Line search took 1.61 ms
    Update system took 0.51 ms
    Assemble system took 1.43 ms
    Global solve took 51.34 ms
    Local solve took 0.07 ms
    Line search took 1.55 ms
    Update system took 0.48 ms
    Assemble system took 1.37 ms
    Global solve took 51.45 ms
    Local solve took 0.10 ms
    Line search took 3.55 ms
    Update system took 0.58 ms
    Assemble system took 1.45 ms
    Global solve took 52.30 ms
    Local solve took 0.08 ms
    Line search took 2.12 ms
    Update system took 0.49 ms
    Assemble system took 1.43 ms
    Global solve took 51.36 ms
    Local solve took 0.06 ms
    Line search took 1.56 ms
    Update system took 0.47 ms
    Assemble system took 1.46 ms
    Global solve took 54.18 ms
    Local solve took 0.08 ms
    Line search took 1.69 ms
Step and readback took 705.58 ms
    Update system took 0.44 ms
    Assemble system took 1.50 ms
    Global solve took 54.47 ms
    Local solve took 0.10 ms
    Line search took 1.80 ms
    Update system took 0.57 ms
    Assemble system took 1.50 ms
    Global solve took 52.65 ms
    Local solve took 0.07 ms
    Line search took 1.63 ms
    Update system took 0.51 ms
    Assemble system took 1.49 ms
    Global solve took 53.72 ms
    Local solve took 0.10 ms
    Line search took 1.72 ms
    Update system took 0.55 ms
    Assemble system took 1.51 ms
    Global solve took 53.00 ms
    Local solve took 0.08 ms
    Line search took 1.68 ms
    Update system took 0.54 ms
    Assemble system took 1.48 ms
    Global solve took 54.25 ms
    Local solve took 0.10 ms
    Line search took 1.75 ms
    Update system took 0.55 ms
    Assemble system took 1.50 ms
    Global solve took 52.65 ms
    Local solve took 0.07 ms
    Line search took 1.58 ms
    Update system took 0.47 ms
    Assemble system took 1.43 ms
    Global solve took 51.62 ms
    Local solve took 0.08 ms
    Line search took 1.57 ms
    Update system took 0.48 ms
    Assemble system took 1.40 ms
    Global solve took 51.39 ms
    Local solve took 0.07 ms
    Line search took 1.56 ms
    Update system took 0.48 ms
    Assemble system took 1.40 ms
    Global solve took 51.54 ms
    Local solve took 0.07 ms
    Line search took 1.55 ms
    Update system took 0.49 ms
    Assemble system took 1.38 ms
    Global solve took 54.88 ms
    Local solve took 0.09 ms
    Line search took 1.72 ms
    Update system took 0.53 ms
    Assemble system took 1.51 ms
    Global solve took 51.75 ms
    Local solve took 0.07 ms
    Line search took 1.60 ms
    Update system took 0.52 ms
    Assemble system took 1.44 ms
    Global solve took 54.89 ms
    Local solve took 0.09 ms
    Line search took 1.76 ms
Step and readback took 709.67 ms
    Update system took 0.44 ms
    Assemble system took 1.50 ms
    Global solve took 53.62 ms
    Local solve took 0.10 ms
    Line search took 1.75 ms
    Update system took 0.56 ms
    Assemble system took 1.49 ms
    Global solve took 53.55 ms
    Local solve took 0.09 ms
    Line search took 1.78 ms
    Update system took 0.57 ms
    Assemble system took 1.53 ms
    Global solve took 61.35 ms
    Local solve took 0.12 ms
    Line search took 2.03 ms
    Update system took 0.65 ms
    Assemble system took 1.74 ms
    Global solve took 55.03 ms
    Local solve took 0.08 ms
    Line search took 1.72 ms
    Update system took 0.55 ms
    Assemble system took 1.45 ms
    Global solve took 54.45 ms
    Local solve took 0.13 ms
    Line search took 2.14 ms
    Update system took 0.81 ms
    Assemble system took 1.86 ms
    Global solve took 52.91 ms
    Local solve took 0.07 ms
    Line search took 1.59 ms
    Update system took 0.48 ms
    Assemble system took 1.42 ms
    Global solve took 51.92 ms
    Local solve took 0.06 ms
    Line search took 1.59 ms
    Update system took 0.49 ms
    Assemble system took 1.40 ms
    Global solve took 51.26 ms
    Local solve took 0.06 ms
    Line search took 1.56 ms
    Update system took 0.46 ms
    Assemble system took 1.40 ms
    Global solve took 51.64 ms
    Local solve took 0.07 ms
    Line search took 1.62 ms
    Update system took 0.49 ms
    Assemble system took 1.41 ms
    Global solve took 54.69 ms
    Local solve took 0.08 ms
    Line search took 1.72 ms
    Update system took 0.55 ms
    Assemble system took 1.50 ms
    Global solve took 51.80 ms
    Local solve took 0.07 ms
    Line search took 1.58 ms
    Update system took 0.50 ms
    Assemble system took 1.42 ms
    Global solve took 54.96 ms
    Local solve took 0.09 ms
    Line search took 1.80 ms
Step and readback took 722.35 ms
    Update system took 0.45 ms
    Assemble system took 1.52 ms
    Global solve took 53.99 ms
    Local solve took 0.09 ms
    Line search took 1.76 ms
    Update system took 0.55 ms
    Assemble system took 1.51 ms
    Global solve took 52.51 ms
    Local solve took 0.06 ms
    Line search took 1.59 ms
    Update system took 0.50 ms
    Assemble system took 1.47 ms
    Global solve took 53.80 ms
    Local solve took 0.12 ms
    Line search took 2.09 ms
    Update system took 0.81 ms
    Assemble system took 1.82 ms
    Global solve took 52.89 ms
    Local solve took 0.09 ms
    Line search took 1.74 ms
    Update system took 0.54 ms
    Assemble system took 1.52 ms
    Global solve took 51.79 ms
    Local solve took 0.08 ms
    Line search took 1.74 ms
    Update system took 0.61 ms
    Assemble system took 3.24 ms
    Global solve took 52.84 ms
    Local solve took 0.07 ms
    Line search took 1.68 ms
    Update system took 0.52 ms
    Assemble system took 1.48 ms
    Global solve took 52.13 ms
    Local solve took 0.08 ms
    Line search took 2.18 ms
    Update system took 0.54 ms
    Assemble system took 1.45 ms
    Global solve took 51.50 ms
    Local solve took 0.07 ms
    Line search took 1.56 ms
    Update system took 0.47 ms
    Assemble system took 1.42 ms
    Global solve took 51.47 ms
    Local solve took 0.07 ms
    Line search took 1.56 ms
    Update system took 0.48 ms
    Assemble system took 1.42 ms
    Global solve took 55.10 ms
    Local solve took 0.09 ms
    Line search took 1.75 ms
    Update system took 0.55 ms
    Assemble system took 1.51 ms
    Global solve took 52.06 ms
    Local solve took 0.07 ms
    Line search took 1.58 ms
    Update system took 0.50 ms
    Assemble system took 1.43 ms
    Global solve took 54.86 ms
    Local solve took 0.08 ms
    Line search took 2.26 ms
Step and readback took 712.20 ms
    Update system took 0.45 ms
    Assemble system took 1.51 ms
    Global solve took 53.59 ms
    Local solve took 0.11 ms
    Line search took 1.89 ms
    Update system took 0.55 ms
    Assemble system took 1.45 ms
    Global solve took 52.54 ms
    Local solve took 0.08 ms
    Line search took 1.59 ms
    Update system took 0.49 ms
    Assemble system took 1.44 ms
    Global solve took 54.82 ms
    Local solve took 0.08 ms
    Line search took 1.71 ms
    Update system took 0.56 ms
    Assemble system took 1.52 ms
    Global solve took 54.66 ms
    Local solve took 0.10 ms
    Line search took 3.51 ms
    Update system took 0.61 ms
    Assemble system took 1.53 ms
    Global solve took 55.02 ms
    Local solve took 0.15 ms
    Line search took 2.18 ms
    Update system took 0.80 ms
    Assemble system took 1.79 ms
    Global solve took 53.20 ms
    Local solve took 0.09 ms
    Line search took 1.76 ms
    Update system took 0.55 ms
    Assemble system took 1.51 ms
    Global solve took 55.32 ms
    Local solve took 0.14 ms
    Line search took 2.09 ms
    Update system took 0.56 ms
    Assemble system took 1.51 ms
    Global solve took 54.79 ms
    Local solve took 0.09 ms
    Line search took 1.75 ms
    Update system took 0.56 ms
    Assemble system took 1.50 ms
    Global solve took 54.91 ms
    Local solve took 0.09 ms
    Line search took 1.72 ms
    Update system took 0.56 ms
    Assemble system took 1.46 ms
    Global solve took 52.94 ms
    Local solve took 0.09 ms
    Line search took 1.84 ms
    Update system took 2.20 ms
    Assemble system took 1.56 ms
    Global solve took 53.17 ms
    Local solve took 0.12 ms
    Line search took 3.57 ms
    Update system took 0.88 ms
    Assemble system took 1.80 ms
    Global solve took 53.81 ms
    Local solve took 0.13 ms
    Line search took 2.07 ms
Step and readback took 732.74 ms
    Update system took 0.48 ms
    Assemble system took 1.53 ms
    Global solve took 54.68 ms
    Local solve took 0.11 ms
    Line search took 1.99 ms
    Update system took 0.74 ms
    Assemble system took 1.75 ms
    Global solve took 55.07 ms
    Local solve took 0.10 ms
    Line search took 1.73 ms
    Update system took 0.55 ms
    Assemble system took 1.54 ms
    Global solve took 54.57 ms
    Local solve took 0.09 ms
    Line search took 1.75 ms
    Update system took 0.55 ms
    Assemble system took 1.46 ms
    Global solve took 52.57 ms
    Local solve took 0.07 ms
    Line search took 2.08 ms
    Update system took 0.48 ms
    Assemble system took 1.43 ms
    Global solve took 54.12 ms
    Local solve took 0.09 ms
    Line search took 1.75 ms
    Update system took 0.55 ms
    Assemble system took 1.49 ms
    Global solve took 53.43 ms
    Local solve took 0.09 ms
    Line search took 1.68 ms
    Update system took 0.53 ms
    Assemble system took 1.53 ms
    Global solve took 52.24 ms
    Local solve took 0.07 ms
    Line search took 1.58 ms
    Update system took 0.49 ms
    Assemble system took 1.42 ms
    Global solve took 51.71 ms
    Local solve took 0.06 ms
    Line search took 1.56 ms
    Update system took 0.46 ms
    Assemble system took 1.40 ms
    Global solve took 51.85 ms
    Local solve took 0.07 ms
    Line search took 1.59 ms
    Update system took 0.50 ms
    Assemble system took 1.39 ms
    Global solve took 54.78 ms
    Local solve took 0.08 ms
    Line search took 1.72 ms
    Update system took 0.55 ms
    Assemble system took 1.49 ms
    Global solve took 52.23 ms
    Local solve took 0.07 ms
    Line search took 1.60 ms
    Update system took 0.49 ms
    Assemble system took 1.41 ms
    Global solve took 54.40 ms
    Local solve took 0.08 ms
    Line search took 1.77 ms
Step and readback took 716.19 ms
    Update system took 0.44 ms
    Assemble system took 1.50 ms
    Global solve took 44.65 ms
    Local solve took 0.11 ms
    Line search took 1.75 ms
    Update system took 0.54 ms
    Assemble system took 1.47 ms
    Global solve took 42.85 ms
    Local solve took 0.04 ms
    Line search took 1.58 ms
    Update system took 0.44 ms
    Assemble system took 1.43 ms
    Global solve took 44.88 ms
    Local solve took 0.07 ms
    Line search took 1.53 ms
    Update system took 0.47 ms
    Assemble system took 1.39 ms
    Global solve took 48.28 ms
    Local solve took 0.13 ms
    Line search took 2.15 ms
    Update system took 0.70 ms
    Assemble system took 1.50 ms
    Global solve took 47.86 ms
    Local solve took 0.09 ms
    Line search took 1.74 ms
    Update system took 0.54 ms
    Assemble system took 1.53 ms
    Global solve took 48.78 ms
    Local solve took 0.09 ms
    Line search took 1.73 ms
    Update system took 0.56 ms
    Assemble system took 1.48 ms
    Global solve took 47.23 ms
    Local solve took 0.06 ms
    Line search took 1.55 ms
    Update system took 0.47 ms
    Assemble system took 1.40 ms
    Global solve took 46.78 ms
    Local solve took 0.06 ms
    Line search took 1.53 ms
    Update system took 0.45 ms
    Assemble system took 1.39 ms
    Global solve took 46.60 ms
    Local solve took 0.06 ms
    Line search took 1.55 ms
    Update system took 0.45 ms
    Assemble system took 1.38 ms
    Global solve took 46.78 ms
    Local solve took 0.06 ms
    Line search took 2.08 ms
    Update system took 0.45 ms
    Assemble system took 1.38 ms
    Global solve took 49.46 ms
    Local solve took 0.08 ms
    Line search took 2.24 ms
    Update system took 0.55 ms
    Assemble system took 1.47 ms
    Global solve took 46.93 ms
    Local solve took 0.04 ms
    Line search took 1.55 ms
Step and readback took 633.94 ms
    Update system took 0.41 ms
    Assemble system took 1.83 ms
    Global solve took 71.26 ms
    Local solve took 0.08 ms
    Line search took 1.74 ms
    Update system took 0.57 ms
    Assemble system took 1.47 ms
    Global solve took 63.24 ms
    Local solve took 0.14 ms
    Line search took 2.15 ms
    Update system took 0.80 ms
    Assemble system took 1.74 ms
    Global solve took 57.95 ms
    Local solve took 0.09 ms
    Line search took 1.78 ms
    Update system took 0.53 ms
    Assemble system took 1.47 ms
    Global solve took 49.30 ms
    Local solve took 0.09 ms
    Line search took 1.75 ms
    Update system took 0.54 ms
    Assemble system took 1.51 ms
    Global solve took 45.75 ms
    Local solve took 0.07 ms
    Line search took 1.58 ms
    Update system took 0.48 ms
    Assemble system took 1.43 ms
    Global solve took 44.65 ms
    Local solve took 0.06 ms
    Line search took 1.53 ms
    Update system took 0.46 ms
    Assemble system took 1.38 ms
    Global solve took 47.29 ms
    Local solve took 0.08 ms
    Line search took 1.72 ms
    Update system took 0.55 ms
    Assemble system took 1.51 ms
    Global solve took 45.19 ms
    Local solve took 0.05 ms
    Line search took 1.73 ms
    Update system took 0.51 ms
    Assemble system took 1.46 ms
    Global solve took 49.44 ms
    Local solve took 0.08 ms
    Line search took 1.60 ms
    Update system took 0.48 ms
    Assemble system took 1.42 ms
    Global solve took 49.25 ms
    Local solve took 0.07 ms
    Line search took 1.57 ms
    Update system took 0.46 ms
    Assemble system took 1.38 ms
    Global solve took 51.64 ms
    Local solve took 0.10 ms
    Line search took 1.78 ms
    Update system took 0.58 ms
    Assemble system took 1.50 ms
    Global solve took 50.29 ms
    Local solve took 0.09 ms
    Line search took 1.58 ms
Step and readback took 699.12 ms
    Update system took 0.43 ms
    Assemble system took 1.47 ms
    Global solve took 66.93 ms
    Local solve took 0.11 ms
    Line search took 1.77 ms
    Update system took 0.58 ms
    Assemble system took 1.50 ms
    Global solve took 45.40 ms
    Local solve took 0.07 ms
    Line search took 2.58 ms
    Update system took 0.47 ms
    Assemble system took 1.41 ms
    Global solve took 53.99 ms
    Local solve took 0.10 ms
    Line search took 2.32 ms
    Update system took 0.57 ms
    Assemble system took 1.50 ms
    Global solve took 54.55 ms
    Local solve took 0.06 ms
    Line search took 1.56 ms
    Update system took 0.47 ms
    Assemble system took 1.40 ms
    Global solve took 54.04 ms
    Local solve took 0.10 ms
    Line search took 1.75 ms
    Update system took 0.56 ms
    Assemble system took 1.48 ms
    Global solve took 47.56 ms
    Local solve took 0.07 ms
    Line search took 1.59 ms
    Update system took 0.48 ms
    Assemble system took 1.40 ms
    Global solve took 46.86 ms
    Local solve took 0.13 ms
    Line search took 2.08 ms
    Update system took 0.80 ms
    Assemble system took 1.77 ms
    Global solve took 47.94 ms
    Local solve took 0.07 ms
    Line search took 2.62 ms
    Update system took 0.47 ms
    Assemble system took 1.42 ms
    Global solve took 44.79 ms
    Local solve took 0.06 ms
    Line search took 2.03 ms
    Update system took 0.45 ms
    Assemble system took 1.40 ms
    Global solve took 46.89 ms
    Local solve took 0.07 ms
    Line search took 1.53 ms
    Update system took 0.45 ms
    Assemble system took 1.38 ms
    Global solve took 49.20 ms
    Local solve took 0.06 ms
    Line search took 1.55 ms
    Update system took 0.45 ms
    Assemble system took 1.38 ms
    Global solve took 54.74 ms
    Local solve took 0.11 ms
    Line search took 2.30 ms
Step and readback took 689.37 ms
    Update system took 0.45 ms
    Assemble system took 1.50 ms
    Global solve took 50.25 ms
    Local solve took 0.08 ms
    Line search took 1.67 ms
    Update system took 0.51 ms
    Assemble system took 1.41 ms
    Global solve took 66.60 ms
    Local solve took 0.09 ms
    Line search took 1.74 ms
    Update system took 0.55 ms
    Assemble system took 1.49 ms
    Global solve took 52.20 ms
    Local solve took 0.18 ms
    Line search took 3.39 ms
    Update system took 0.95 ms
    Assemble system took 1.64 ms
    Global solve took 43.10 ms
    Local solve took 0.08 ms
    Line search took 1.65 ms
    Update system took 0.51 ms
    Assemble system took 1.47 ms
    Global solve took 42.57 ms
    Local solve took 0.07 ms
    Line search took 1.96 ms
    Update system took 0.68 ms
    Assemble system took 2.26 ms
    Global solve took 48.94 ms
    Local solve took 0.10 ms
    Line search took 1.79 ms
    Update system took 0.58 ms
    Assemble system took 2.43 ms
    Global solve took 47.49 ms
    Local solve took 0.11 ms
    Line search took 5.77 ms
    Update system took 0.57 ms
    Assemble system took 1.59 ms
    Global solve took 49.50 ms
    Local solve took 0.09 ms
    Line search took 2.76 ms
    Update system took 0.56 ms
    Assemble system took 1.48 ms
    Global solve took 47.58 ms
    Local solve took 0.09 ms
    Line search took 7.35 ms
    Update system took 0.64 ms
    Assemble system took 1.63 ms
    Global solve took 47.43 ms
    Local solve took 0.07 ms
    Line search took 2.09 ms
    Update system took 0.50 ms
    Assemble system took 1.41 ms
    Global solve took 46.90 ms
    Local solve took 0.08 ms
    Line search took 5.18 ms
    Update system took 0.55 ms
    Assemble system took 1.47 ms
    Global solve took 44.32 ms
    Local solve took 0.06 ms
    Line search took 2.03 ms
Step and readback took 682.61 ms
    Update system took 0.45 ms
    Assemble system took 1.53 ms
    Global solve took 26.34 ms
    Local solve took 0.05 ms
    Line search took 1.64 ms
    Update system took 0.45 ms
    Assemble system took 1.42 ms
    Global solve took 33.23 ms
    Local solve took 0.06 ms
    Line search took 1.56 ms
    Update system took 0.46 ms
    Assemble system took 1.39 ms
    Global solve took 35.61 ms
    Local solve took 0.10 ms
    Line search took 2.11 ms
    Update system took 0.80 ms
    Assemble system took 1.78 ms
    Global solve took 38.24 ms
    Local solve took 0.04 ms
    Line search took 2.04 ms
    Update system took 0.45 ms
    Assemble system took 1.42 ms
    Global solve took 40.14 ms
    Local solve took 0.06 ms
    Line search took 1.56 ms
    Update system took 0.48 ms
    Assemble system took 1.40 ms
    Global solve took 42.36 ms
    Local solve took 0.08 ms
    Line search took 1.72 ms
    Update system took 0.55 ms
    Assemble system took 1.49 ms
    Global solve took 46.98 ms
    Local solve took 0.08 ms
    Line search took 2.18 ms
    Update system took 0.52 ms
    Assemble system took 1.45 ms
    Global solve took 49.82 ms
    Local solve took 0.10 ms
    Line search took 1.72 ms
    Update system took 0.55 ms
    Assemble system took 1.48 ms
    Global solve took 44.20 ms
    Local solve took 0.04 ms
    Line search took 1.58 ms
    Update system took 0.47 ms
    Assemble system took 1.45 ms
    Global solve took 48.05 ms
    Local solve took 0.07 ms
    Line search took 1.60 ms
    Update system took 0.47 ms
    Assemble system took 1.43 ms
    Global solve took 56.85 ms
    Local solve took 0.16 ms
    Line search took 1.99 ms
    Update system took 0.58 ms
    Assemble system took 1.52 ms
    Global solve took 55.03 ms
    Local solve took 0.07 ms
    Line search took 2.60 ms
Step and readback took 592.64 ms
    Update system took 0.45 ms
    Assemble system took 1.50 ms
    Global solve took 41.05 ms
    Local solve took 0.08 ms
    Line search took 1.67 ms
    Update system took 0.47 ms
    Assemble system took 1.41 ms
    Global solve took 43.27 ms
    Local solve took 0.07 ms
    Line search took 1.58 ms
    Update system took 0.49 ms
    Assemble system took 1.50 ms
    Global solve took 46.27 ms
    Local solve took 0.08 ms
    Line search took 1.71 ms
    Update system took 0.53 ms
    Assemble system took 1.56 ms
    Global solve took 45.38 ms
    Local solve took 0.06 ms
    Line search took 1.59 ms
    Update system took 0.46 ms
    Assemble system took 1.50 ms
    Global solve took 43.16 ms
    Local solve took 0.06 ms
    Line search took 1.70 ms
    Update system took 0.51 ms
    Assemble system took 1.50 ms
    Global solve took 46.01 ms
    Local solve took 0.08 ms
    Line search took 1.60 ms
    Update system took 0.47 ms
    Assemble system took 1.41 ms
    Global solve took 50.32 ms
    Local solve took 0.08 ms
    Line search took 1.74 ms
    Update system took 0.60 ms
    Assemble system took 3.50 ms
    Global solve took 56.42 ms
    Local solve took 0.09 ms
    Line search took 2.77 ms
    Update system took 0.56 ms
    Assemble system took 1.49 ms
    Global solve took 56.67 ms
    Local solve took 0.09 ms
    Line search took 2.35 ms
    Update system took 0.58 ms
    Assemble system took 1.76 ms
    Global solve took 53.96 ms
    Local solve took 0.12 ms
    Line search took 2.15 ms
    Update system took 0.73 ms
    Assemble system took 1.54 ms
    Global solve took 58.57 ms
    Local solve took 0.10 ms
    Line search took 1.76 ms
    Update system took 0.55 ms
    Assemble system took 1.48 ms
    Global solve took 57.17 ms
    Local solve took 0.11 ms
    Line search took 1.82 ms
Step and readback took 677.27 ms
    Update system took 0.45 ms
    Assemble system took 1.59 ms
    Global solve took 46.53 ms
    Local solve took 0.09 ms
    Line search took 2.77 ms
    Update system took 0.55 ms
    Assemble system took 1.48 ms
    Global solve took 62.00 ms
    Local solve took 0.13 ms
    Line search took 2.12 ms
    Update system took 0.78 ms
    Assemble system took 1.77 ms
    Global solve took 54.51 ms
    Local solve took 0.10 ms
    Line search took 1.79 ms
    Update system took 0.55 ms
    Assemble system took 1.52 ms
    Global solve took 47.94 ms
    Local solve took 0.10 ms
    Line search took 1.77 ms
    Update system took 0.54 ms
    Assemble system took 1.51 ms
    Global solve took 49.24 ms
    Local solve took 0.12 ms
    Line search took 2.18 ms
    Update system took 0.78 ms
    Assemble system took 1.79 ms
    Global solve took 51.28 ms
    Local solve took 0.09 ms
    Line search took 1.75 ms
    Update system took 0.56 ms
    Assemble system took 1.49 ms
    Global solve took 55.94 ms
    Local solve took 0.11 ms
    Line search took 2.01 ms
    Update system took 0.57 ms
    Assemble system took 1.44 ms
    Global solve took 55.62 ms
    Local solve took 0.08 ms
    Line search took 1.78 ms
    Update system took 0.56 ms
    Assemble system took 1.49 ms
    Global solve took 55.72 ms
    Local solve took 0.09 ms
    Line search took 1.75 ms
    Update system took 0.55 ms
    Assemble system took 1.53 ms
    Global solve took 54.32 ms
    Local solve took 0.08 ms
    Line search took 1.75 ms
    Update system took 0.61 ms
    Assemble system took 1.50 ms
    Global solve took 59.38 ms
    Local solve took 0.12 ms
    Line search took 2.03 ms
    Update system took 0.88 ms
    Assemble system took 2.08 ms
    Global solve took 54.04 ms
    Local solve took 0.08 ms
    Line search took 1.84 ms
Step and readback took 726.54 ms
    Update system took 0.43 ms
    Assemble system took 1.52 ms
    Global solve took 48.58 ms
    Local solve took 0.09 ms
    Line search took 3.71 ms
    Update system took 0.61 ms
    Assemble system took 1.50 ms
    Global solve took 48.25 ms
    Local solve took 0.10 ms
    Line search took 2.13 ms
    Update system took 0.47 ms
    Assemble system took 1.43 ms
    Global solve took 50.79 ms
    Local solve took 0.09 ms
    Line search took 1.77 ms
    Update system took 0.55 ms
    Assemble system took 1.48 ms
    Global solve took 53.22 ms
    Local solve took 0.07 ms
    Line search took 1.59 ms
    Update system took 0.50 ms
    Assemble system took 1.43 ms
    Global solve took 55.56 ms
    Local solve took 0.08 ms
    Line search took 1.74 ms
    Update system took 0.54 ms
    Assemble system took 1.53 ms
    Global solve took 53.43 ms
    Local solve took 0.08 ms
    Line search took 1.69 ms
    Update system took 0.53 ms
    Assemble system took 1.48 ms
    Global solve took 55.87 ms
    Local solve took 0.09 ms
    Line search took 1.78 ms
    Update system took 0.61 ms
    Assemble system took 1.50 ms
    Global solve took 52.87 ms
    Local solve took 0.06 ms
    Line search took 1.57 ms
    Update system took 0.47 ms
    Assemble system took 1.40 ms
    Global solve took 55.19 ms
    Local solve took 0.08 ms
    Line search took 1.79 ms
    Update system took 0.56 ms
    Assemble system took 1.52 ms
    Global solve took 53.79 ms
    Local solve took 0.07 ms
    Line search took 1.57 ms
    Update system took 0.49 ms
    Assemble system took 1.42 ms
    Global solve took 54.79 ms
    Local solve took 0.08 ms
    Line search took 1.75 ms
    Update system took 0.56 ms
    Assemble system took 1.48 ms
    Global solve took 55.17 ms
    Local solve took 0.09 ms
    Line search took 1.95 ms
Step and readback took 715.89 ms
    Update system took 0.56 ms
    Assemble system took 1.81 ms
    Global solve took 51.53 ms
    Local solve took 0.05 ms
    Line search took 4.09 ms
    Update system took 0.55 ms
    Assemble system took 1.49 ms
    Global solve took 53.36 ms
    Local solve took 0.05 ms
    Line search took 4.24 ms
    Update system took 0.52 ms
    Assemble system took 1.79 ms
    Global solve took 59.62 ms
    Local solve took 0.09 ms
    Line search took 3.11 ms
    Update system took 0.57 ms
    Assemble system took 1.51 ms
    Global solve took 53.27 ms
    Local solve took 0.04 ms
    Line search took 3.30 ms
    Update system took 0.54 ms
    Assemble system took 1.43 ms
    Global solve took 55.67 ms
    Local solve took 0.06 ms
    Line search took 1.74 ms
    Update system took 0.53 ms
    Assemble system took 1.80 ms
    Global solve took 57.80 ms
    Local solve took 0.06 ms
    Line search took 1.57 ms
    Update system took 0.49 ms
    Assemble system took 1.43 ms
    Global solve took 60.73 ms
    Local solve took 0.09 ms
    Line search took 1.77 ms
    Update system took 0.55 ms
    Assemble system took 1.46 ms
    Global solve took 55.11 ms
    Local solve took 0.08 ms
    Line search took 1.59 ms
    Update system took 0.49 ms
    Assemble system took 1.50 ms
    Global solve took 58.94 ms
    Local solve took 0.08 ms
    Line search took 1.74 ms
    Update system took 0.55 ms
    Assemble system took 1.48 ms
    Global solve took 53.38 ms
    Local solve took 0.07 ms
    Line search took 1.54 ms
    Update system took 0.47 ms
    Assemble system took 1.39 ms
    Global solve took 56.82 ms
    Local solve took 0.08 ms
    Line search took 1.74 ms
    Update system took 0.56 ms
    Assemble system took 1.48 ms
    Global solve took 53.67 ms
    Local solve took 0.07 ms
    Line search took 1.55 ms
Step and readback took 751.76 ms
    Update system took 0.44 ms
    Assemble system took 1.47 ms
    Global solve took 54.75 ms
    Local solve took 0.08 ms
    Line search took 3.28 ms
    Update system took 0.54 ms
    Assemble system took 1.44 ms
    Global solve took 55.45 ms
    Local solve took 0.14 ms
    Line search took 4.26 ms
    Update system took 0.80 ms
    Assemble system took 1.78 ms
    Global solve took 55.05 ms
    Local solve took 0.08 ms
    Line search took 3.15 ms
    Update system took 0.52 ms
    Assemble system took 1.45 ms
    Global solve took 56.39 ms
    Local solve took 0.10 ms
    Line search took 2.30 ms
    Update system took 0.56 ms
    Assemble system took 1.51 ms
    Global solve took 52.63 ms
    Local solve took 0.07 ms
    Line search took 1.60 ms
    Update system took 0.53 ms
    Assemble system took 1.45 ms
    Global solve took 56.12 ms
    Local solve took 0.09 ms
    Line search took 2.02 ms
    Update system took 0.58 ms
    Assemble system took 1.49 ms
    Global solve took 54.92 ms
    Local solve took 0.07 ms
    Line search took 1.64 ms
    Update system took 0.49 ms
    Assemble system took 1.46 ms
    Global solve took 56.68 ms
    Local solve took 0.15 ms
    Line search took 2.09 ms
    Update system took 0.57 ms
    Assemble system took 1.49 ms
    Global solve took 55.02 ms
    Local solve took 0.08 ms
    Line search took 1.69 ms
    Update system took 0.52 ms
    Assemble system took 1.46 ms
    Global solve took 55.85 ms
    Local solve took 0.10 ms
    Line search took 1.75 ms
    Update system took 0.54 ms
    Assemble system took 1.48 ms
    Global solve took 55.41 ms
    Local solve took 0.09 ms
    Line search took 1.74 ms
    Update system took 0.57 ms
    Assemble system took 1.48 ms
    Global solve took 54.38 ms
    Local solve took 0.07 ms
    Line search took 1.56 ms
Step and readback took 743.59 ms
    Update system took 0.43 ms
    Assemble system took 1.48 ms
    Global solve took 52.21 ms
    Local solve took 0.08 ms
    Line search took 2.65 ms
    Update system took 0.49 ms
    Assemble system took 1.41 ms
    Global solve took 54.36 ms
    Local solve took 0.10 ms
    Line search took 2.81 ms
    Update system took 0.55 ms
    Assemble system took 1.49 ms
    Global solve took 52.68 ms
    Local solve took 0.08 ms
    Line search took 1.63 ms
    Update system took 0.53 ms
    Assemble system took 1.44 ms
    Global solve took 56.60 ms
    Local solve took 0.09 ms
    Line search took 1.76 ms
    Update system took 0.55 ms
    Assemble system took 1.51 ms
    Global solve took 55.31 ms
    Local solve took 0.09 ms
    Line search took 1.76 ms
    Update system took 0.56 ms
    Assemble system took 1.46 ms
    Global solve took 56.50 ms
    Local solve took 0.09 ms
    Line search took 1.73 ms
    Update system took 0.54 ms
    Assemble system took 1.52 ms
    Global solve took 54.70 ms
    Local solve took 0.07 ms
    Line search took 1.62 ms
    Update system took 0.50 ms
    Assemble system took 1.43 ms
    Global solve took 56.53 ms
    Local solve took 0.09 ms
    Line search took 1.70 ms
    Update system took 0.55 ms
    Assemble system took 1.49 ms
    Global solve took 55.33 ms
    Local solve took 0.08 ms
    Line search took 1.65 ms
    Update system took 0.51 ms
    Assemble system took 1.47 ms
    Global solve took 56.84 ms
    Local solve took 0.10 ms
    Line search took 1.75 ms
    Update system took 0.57 ms
    Assemble system took 1.50 ms
    Global solve took 54.83 ms
    Local solve took 0.07 ms
    Line search took 2.11 ms
    Update system took 0.48 ms
    Assemble system took 1.46 ms
    Global solve took 54.31 ms
    Local solve took 0.07 ms
    Line search took 1.56 ms
Step and readback took 735.70 ms
    Update system took 0.44 ms
    Assemble system took 1.86 ms
    Global solve took 53.50 ms
    Local solve took 0.06 ms
    Line search took 1.83 ms
    Update system took 0.47 ms
    Assemble system took 1.37 ms
    Global solve took 54.59 ms
    Local solve took 0.06 ms
    Line search took 1.70 ms
    Update system took 0.51 ms
    Assemble system took 1.75 ms
    Global solve took 51.74 ms
    Local solve took 0.06 ms
    Line search took 1.55 ms
    Update system took 0.50 ms
    Assemble system took 1.63 ms
    Global solve took 53.77 ms
    Local solve took 0.08 ms
    Line search took 1.74 ms
    Update system took 0.57 ms
    Assemble system took 1.70 ms
    Global solve took 51.61 ms
    Local solve took 0.08 ms
    Line search took 1.55 ms
    Update system took 0.48 ms
    Assemble system took 1.42 ms
    Global solve took 54.00 ms
    Local solve took 0.10 ms
    Line search took 1.90 ms
    Update system took 0.72 ms
    Assemble system took 1.81 ms
    Global solve took 53.21 ms
    Local solve took 0.09 ms
    Line search took 1.70 ms
    Update system took 0.54 ms
    Assemble system took 1.47 ms
    Global solve took 54.18 ms
    Local solve took 0.09 ms
    Line search took 1.78 ms
    Update system took 0.56 ms
    Assemble system took 1.49 ms
    Global solve took 52.34 ms
    Local solve took 0.08 ms
    Line search took 1.61 ms
    Update system took 0.51 ms
    Assemble system took 1.43 ms
    Global solve took 53.95 ms
    Local solve took 0.10 ms
    Line search took 1.77 ms
    Update system took 0.56 ms
    Assemble system took 1.49 ms
    Global solve took 52.15 ms
    Local solve took 0.07 ms
    Line search took 1.61 ms
    Update system took 0.49 ms
    Assemble system took 1.45 ms
    Global solve took 51.50 ms
    Local solve took 0.07 ms
    Line search took 1.57 ms
Step and readback took 711.92 ms
    Update system took 0.44 ms
    Assemble system took 1.52 ms
    Global solve took 51.91 ms
    Local solve took 0.08 ms
    Line search took 1.65 ms
    Update system took 0.48 ms
    Assemble system took 1.44 ms
    Global solve took 54.15 ms
    Local solve took 0.09 ms
    Line search took 1.72 ms
    Update system took 0.54 ms
    Assemble system took 1.46 ms
    Global solve took 52.32 ms
    Local solve took 0.08 ms
    Line search took 1.60 ms
    Update system took 0.50 ms
    Assemble system took 1.45 ms
    Global solve took 56.88 ms
    Local solve took 0.15 ms
    Line search took 2.12 ms
    Update system took 0.60 ms
    Assemble system took 1.50 ms
    Global solve took 54.78 ms
    Local solve took 0.08 ms
    Line search took 1.60 ms
    Update system took 0.48 ms
    Assemble system took 1.72 ms
    Global solve took 56.40 ms
    Local solve took 0.10 ms
    Line search took 2.05 ms
    Update system took 0.55 ms
    Assemble system took 1.48 ms
    Global solve took 54.97 ms
    Local solve took 0.08 ms
    Line search took 1.72 ms
    Update system took 0.55 ms
    Assemble system took 1.51 ms
    Global solve took 56.87 ms
    Local solve took 0.08 ms
    Line search took 1.72 ms
    Update system took 0.56 ms
    Assemble system took 1.51 ms
    Global solve took 56.92 ms
    Local solve took 0.09 ms
    Line search took 1.75 ms
    Update system took 0.56 ms
    Assemble system took 1.47 ms
    Global solve took 55.26 ms
    Local solve took 0.08 ms
    Line search took 1.72 ms
    Update system took 0.55 ms
    Assemble system took 1.48 ms
    Global solve took 60.14 ms
    Local solve took 0.10 ms
    Line search took 1.79 ms
    Update system took 0.57 ms
    Assemble system took 1.54 ms
    Global solve took 57.25 ms
    Local solve took 0.10 ms
    Line search took 1.78 ms
Step and readback took 743.12 ms
    Update system took 0.45 ms
    Assemble system took 1.54 ms
    Global solve took 56.19 ms
    Local solve took 0.09 ms
    Line search took 1.77 ms
    Update system took 0.57 ms
    Assemble system took 1.50 ms
    Global solve took 56.31 ms
    Local solve took 0.08 ms
    Line search took 1.74 ms
    Update system took 0.57 ms
    Assemble system took 1.52 ms
    Global solve took 53.66 ms
    Local solve took 0.09 ms
    Line search took 1.77 ms
    Update system took 0.57 ms
    Assemble system took 1.52 ms
    Global solve took 53.59 ms
    Local solve took 0.08 ms
    Line search took 1.75 ms
    Update system took 0.56 ms
    Assemble system took 1.50 ms
    Global solve took 53.04 ms
    Local solve took 0.08 ms
    Line search took 2.33 ms
    Update system took 1.71 ms
    Assemble system took 1.65 ms
    Global solve took 52.67 ms
    Local solve took 0.09 ms
    Line search took 1.67 ms
    Update system took 0.51 ms
    Assemble system took 1.43 ms
    Global solve took 55.93 ms
    Local solve took 0.07 ms
    Line search took 1.63 ms
    Update system took 0.50 ms
    Assemble system took 1.40 ms
    Global solve took 56.78 ms
    Local solve took 0.08 ms
    Line search took 1.68 ms
    Update system took 0.54 ms
    Assemble system took 1.49 ms
    Global solve took 53.94 ms
    Local solve took 0.07 ms
    Line search took 1.60 ms
    Update system took 0.53 ms
    Assemble system took 1.42 ms
    Global solve took 56.62 ms
    Local solve took 0.08 ms
    Line search took 1.76 ms
    Update system took 0.54 ms
    Assemble system took 1.54 ms
    Global solve took 54.12 ms
    Local solve took 0.07 ms
    Line search took 1.57 ms
    Update system took 0.48 ms
    Assemble system took 1.45 ms
    Global solve took 56.81 ms
    Local solve took 0.08 ms
    Line search took 1.71 ms
Step and readback took 735.85 ms
    Update system took 0.45 ms
    Assemble system took 1.50 ms
    Global solve took 54.02 ms
    Local solve took 0.09 ms
    Line search took 2.31 ms
    Update system took 0.55 ms
    Assemble system took 1.53 ms
    Global solve took 51.94 ms
    Local solve took 0.07 ms
    Line search took 1.57 ms
    Update system took 0.48 ms
    Assemble system took 1.41 ms
    Global solve took 53.37 ms
    Local solve took 0.09 ms
    Line search took 1.75 ms
    Update system took 0.55 ms
    Assemble system took 1.51 ms
    Global solve took 52.16 ms
    Local solve took 0.07 ms
    Line search took 1.60 ms
    Update system took 0.50 ms
    Assemble system took 1.44 ms
    Global solve took 53.08 ms
    Local solve took 0.09 ms
    Line search took 1.76 ms
    Update system took 0.58 ms
    Assemble system took 1.51 ms
    Global solve took 52.06 ms
    Local solve took 0.08 ms
    Line search took 1.57 ms
    Update system took 0.50 ms
    Assemble system took 1.42 ms
    Global solve took 51.73 ms
    Local solve took 0.08 ms
    Line search took 1.82 ms
    Update system took 0.61 ms
    Assemble system took 3.33 ms
    Global solve took 52.79 ms
    Local solve took 0.08 ms
    Line search took 1.68 ms
    Update system took 0.53 ms
    Assemble system took 1.47 ms
    Global solve took 51.23 ms
    Local solve took 0.07 ms
    Line search took 1.57 ms
    Update system took 0.51 ms
    Assemble system took 1.40 ms
    Global solve took 54.58 ms
    Local solve took 0.09 ms
    Line search took 1.79 ms
    Update system took 0.59 ms
    Assemble system took 1.48 ms
    Global solve took 51.99 ms
    Local solve took 0.07 ms
    Line search took 1.60 ms
    Update system took 0.48 ms
    Assemble system took 1.47 ms
    Global solve took 50.93 ms
    Local solve took 0.06 ms
    Line search took 1.54 ms
Step and readback took 705.09 ms
    Update system took 0.43 ms
    Assemble system took 1.48 ms
    Global solve took 51.57 ms
    Local solve took 0.13 ms
    Line search took 1.87 ms
    Update system took 0.54 ms
    Assemble system took 1.47 ms
    Global solve took 50.18 ms
    Local solve took 0.07 ms
    Line search took 1.60 ms
    Update system took 0.49 ms
    Assemble system took 1.43 ms
    Global solve took 49.51 ms
    Local solve took 0.06 ms
    Line search took 1.56 ms
    Update system took 0.48 ms
    Assemble system took 1.39 ms
    Global solve took 52.31 ms
    Local solve took 0.08 ms
    Line search took 1.73 ms
    Update system took 0.53 ms
    Assemble system took 1.47 ms
    Global solve took 49.57 ms
    Local solve took 0.06 ms
    Line search took 1.54 ms
    Update system took 0.46 ms
    Assemble system took 1.40 ms
    Global solve took 52.38 ms
    Local solve took 0.08 ms
    Line search took 1.76 ms
    Update system took 0.56 ms
    Assemble system took 1.46 ms
    Global solve took 49.74 ms
    Local solve took 0.06 ms
    Line search took 1.54 ms
    Update system took 0.47 ms
    Assemble system took 1.41 ms
    Global solve took 52.17 ms
    Local solve took 0.09 ms
    Line search took 1.69 ms
    Update system took 0.54 ms
    Assemble system took 1.48 ms
    Global solve took 49.86 ms
    Local solve took 0.04 ms
    Line search took 1.60 ms
    Update system took 0.45 ms
    Assemble system took 1.72 ms
    Global solve took 51.49 ms
    Local solve took 0.09 ms
    Line search took 1.76 ms
    Update system took 0.54 ms
    Assemble system took 1.48 ms
    Global solve took 49.93 ms
    Local solve took 0.06 ms
    Line search took 1.60 ms
    Update system took 0.48 ms
    Assemble system took 1.44 ms
    Global solve took 49.40 ms
    Local solve took 0.08 ms
    Line search took 1.61 ms
Step and readback took 680.48 ms
    Update system took 0.43 ms
    Assemble system took 1.54 ms
    Global solve took 51.89 ms
    Local solve took 0.08 ms
    Line search took 1.64 ms
    Update system took 0.52 ms
    Assemble system took 1.40 ms
    Global solve took 54.17 ms
    Local solve took 0.10 ms
    Line search took 1.75 ms
    Update system took 0.55 ms
    Assemble system took 1.49 ms
    Global solve took 52.32 ms
    Local solve took 0.07 ms
    Line search took 1.59 ms
    Update system took 0.49 ms
    Assemble system took 1.47 ms
    Global solve took 54.00 ms
    Local solve took 0.09 ms
    Line search took 1.75 ms
    Update system took 0.56 ms
    Assemble system took 1.49 ms
    Global solve took 52.67 ms
    Local solve took 0.08 ms
    Line search took 1.63 ms
    Update system took 0.51 ms
    Assemble system took 1.44 ms
    Global solve took 53.82 ms
    Local solve took 0.10 ms
    Line search took 1.78 ms
    Update system took 0.54 ms
    Assemble system took 1.50 ms
    Global solve took 53.15 ms
    Local solve took 0.09 ms
    Line search took 1.72 ms
    Update system took 0.54 ms
    Assemble system took 1.50 ms
    Global solve took 54.16 ms
    Local solve took 0.09 ms
    Line search took 1.73 ms
    Update system took 0.56 ms
    Assemble system took 1.48 ms
    Global solve took 52.24 ms
    Local solve took 0.07 ms
    Line search took 1.60 ms
    Update system took 0.50 ms
    Assemble system took 1.45 ms
    Global solve took 51.14 ms
    Local solve took 0.06 ms
    Line search took 1.62 ms
    Update system took 0.53 ms
    Assemble system took 2.10 ms
    Global solve took 54.34 ms
    Local solve took 0.08 ms
    Line search took 1.71 ms
    Update system took 0.53 ms
    Assemble system took 1.48 ms
    Global solve took 51.09 ms
    Local solve took 0.07 ms
    Line search took 1.54 ms
Step and readback took 708.55 ms
    Update system took 0.43 ms
    Assemble system took 1.46 ms
    Global solve took 52.20 ms
    Local solve took 0.09 ms
    Line search took 1.72 ms
    Update system took 0.54 ms
    Assemble system took 1.43 ms
    Global solve took 53.47 ms
    Local solve took 0.10 ms
    Line search took 1.75 ms
    Update system took 0.56 ms
    Assemble system took 1.49 ms
    Global solve took 52.83 ms
    Local solve took 0.08 ms
    Line search took 1.64 ms
    Update system took 0.52 ms
    Assemble system took 1.45 ms
    Global solve took 53.28 ms
    Local solve took 0.09 ms
    Line search took 1.72 ms
    Update system took 0.54 ms
    Assemble system took 1.49 ms
    Global solve took 53.52 ms
    Local solve took 0.10 ms
    Line search took 1.78 ms
    Update system took 0.56 ms
    Assemble system took 1.50 ms
    Global solve took 56.22 ms
    Local solve took 0.10 ms
    Line search took 2.60 ms
    Update system took 1.04 ms
    Assemble system took 1.84 ms
    Global solve took 54.54 ms
    Local solve took 0.08 ms
    Line search took 1.66 ms
    Update system took 0.52 ms
    Assemble system took 1.48 ms
    Global solve took 51.47 ms
    Local solve took 0.08 ms
    Line search took 1.72 ms
    Update system took 0.59 ms
    Assemble system took 3.33 ms
    Global solve took 54.26 ms
    Local solve took 0.08 ms
    Line search took 1.68 ms
    Update system took 0.53 ms
    Assemble system took 1.45 ms
    Global solve took 51.99 ms
    Local solve took 0.07 ms
    Line search took 1.59 ms
    Update system took 0.48 ms
    Assemble system took 1.46 ms
    Global solve took 54.58 ms
    Local solve took 0.08 ms
    Line search took 1.76 ms
    Update system took 0.55 ms
    Assemble system took 1.48 ms
    Global solve took 51.89 ms
    Local solve took 0.08 ms
    Line search took 1.59 ms
Step and readback took 717.52 ms
    Update system took 0.43 ms
    Assemble system took 1.49 ms
    Global solve took 53.09 ms
    Local solve took 0.08 ms
    Line search took 1.66 ms
    Update system took 0.48 ms
    Assemble system took 1.43 ms
    Global solve took 55.19 ms
    Local solve took 0.13 ms
    Line search took 2.02 ms
    Update system took 0.61 ms
    Assemble system took 1.48 ms
    Global solve took 53.55 ms
    Local solve took 0.08 ms
    Line search took 1.73 ms
    Update system took 0.55 ms
    Assemble system took 1.47 ms
    Global solve took 54.73 ms
    Local solve took 0.10 ms
    Line search took 1.75 ms
    Update system took 0.57 ms
    Assemble system took 1.51 ms
    Global solve took 53.24 ms
    Local solve took 0.07 ms
    Line search took 1.65 ms
    Update system took 0.50 ms
    Assemble system took 1.48 ms
    Global solve took 54.97 ms
    Local solve took 0.10 ms
    Line search took 2.74 ms
    Update system took 0.53 ms
    Assemble system took 1.48 ms
    Global solve took 53.17 ms
    Local solve took 0.08 ms
    Line search took 1.67 ms
    Update system took 0.53 ms
    Assemble system took 1.47 ms
    Global solve took 54.68 ms
    Local solve took 0.09 ms
    Line search took 1.75 ms
    Update system took 0.54 ms
    Assemble system took 1.50 ms
    Global solve took 53.26 ms
    Local solve took 0.07 ms
    Line search took 1.76 ms
    Update system took 0.55 ms
    Assemble system took 1.49 ms
    Global solve took 52.64 ms
    Local solve took 0.11 ms
    Line search took 3.80 ms
    Update system took 0.56 ms
    Assemble system took 1.65 ms
    Global solve took 53.65 ms
    Local solve took 0.09 ms
    Line search took 2.69 ms
    Update system took 0.52 ms
    Assemble system took 1.46 ms
    Global solve took 52.38 ms
    Local solve took 0.07 ms
    Line search took 2.59 ms
Step and readback took 731.52 ms
    Update system took 0.45 ms
    Assemble system took 1.59 ms
    Global solve took 53.53 ms
    Local solve took 0.08 ms
    Line search took 1.67 ms
    Update system took 0.50 ms
    Assemble system took 1.43 ms
    Global solve took 54.92 ms
    Local solve took 0.10 ms
    Line search took 1.76 ms
    Update system took 0.56 ms
    Assemble system took 1.51 ms
    Global solve took 53.05 ms
    Local solve took 0.07 ms
    Line search took 1.60 ms
    Update system took 0.48 ms
    Assemble system took 1.42 ms
    Global solve took 55.32 ms
    Local solve took 0.10 ms
    Line search took 1.76 ms
    Update system took 0.55 ms
    Assemble system took 1.53 ms
    Global solve took 55.44 ms
    Local solve took 0.09 ms
    Line search took 1.75 ms
    Update system took 0.55 ms
    Assemble system took 1.49 ms
    Global solve took 55.64 ms
    Local solve took 0.09 ms
    Line search took 1.79 ms
    Update system took 0.56 ms
    Assemble system took 1.48 ms
    Global solve took 55.87 ms
    Local solve took 0.10 ms
    Line search took 1.77 ms
    Update system took 0.56 ms
    Assemble system took 1.49 ms
    Global solve took 57.66 ms
    Local solve took 0.10 ms
    Line search took 1.84 ms
    Update system took 0.58 ms
    Assemble system took 1.50 ms
    Global solve took 53.66 ms
    Local solve took 0.09 ms
    Line search took 1.80 ms
    Update system took 0.56 ms
    Assemble system took 1.50 ms
    Global solve took 55.89 ms
    Local solve took 0.14 ms
    Line search took 2.28 ms
    Update system took 0.81 ms
    Assemble system took 1.79 ms
    Global solve took 53.71 ms
    Local solve took 0.08 ms
    Line search took 1.75 ms
    Update system took 0.55 ms
    Assemble system took 1.51 ms
    Global solve took 55.38 ms
    Local solve took 0.09 ms
    Line search took 2.70 ms
Step and readback took 738.71 ms
    Update system took 0.45 ms
    Assemble system took 1.53 ms
    Global solve took 55.79 ms
    Local solve took 0.09 ms
    Line search took 1.80 ms
    Update system took 0.55 ms
    Assemble system took 1.51 ms
    Global solve took 55.53 ms
    Local solve took 0.09 ms
    Line search took 1.77 ms
    Update system took 0.56 ms
    Assemble system took 1.51 ms
    Global solve took 55.31 ms
    Local solve took 0.09 ms
    Line search took 1.83 ms
    Update system took 0.57 ms
    Assemble system took 1.58 ms
    Global solve took 55.78 ms
    Local solve took 0.10 ms
    Line search took 1.82 ms
    Update system took 0.65 ms
    Assemble system took 1.68 ms
    Global solve took 53.68 ms
    Local solve took 0.09 ms
    Line search took 1.73 ms
    Update system took 0.54 ms
    Assemble system took 1.49 ms
    Global solve took 54.84 ms
    Local solve took 0.09 ms
    Line search took 1.75 ms
    Update system took 0.55 ms
    Assemble system took 1.50 ms
    Global solve took 52.91 ms
    Local solve took 0.08 ms
    Line search took 1.65 ms
    Update system took 0.51 ms
    Assemble system took 1.44 ms
    Global solve took 54.74 ms
    Local solve took 0.09 ms
    Line search took 1.75 ms
    Update system took 0.56 ms
    Assemble system took 1.50 ms
    Global solve took 53.37 ms
    Local solve took 0.08 ms
    Line search took 1.63 ms
    Update system took 0.54 ms
    Assemble system took 1.46 ms
    Global solve took 55.51 ms
    Local solve took 0.09 ms
    Line search took 1.76 ms
    Update system took 0.54 ms
    Assemble system took 1.52 ms
    Global solve took 53.13 ms
    Local solve took 0.07 ms
    Line search took 1.62 ms
    Update system took 0.52 ms
    Assemble system took 1.45 ms
    Global solve took 52.93 ms
    Local solve took 0.08 ms
    Line search took 1.60 ms
Step and readback took 712.74 ms
    Update system took 0.45 ms
    Assemble system took 1.47 ms
    Global solve took 53.41 ms
    Local solve took 0.08 ms
    Line search took 1.70 ms
    Update system took 0.52 ms
    Assemble system took 1.80 ms
    Global solve took 55.07 ms
    Local solve took 0.09 ms
    Line search took 1.75 ms
    Update system took 0.55 ms
    Assemble system took 1.48 ms
    Global solve took 53.08 ms
    Local solve took 0.08 ms
    Line search took 1.68 ms
    Update system took 0.53 ms
    Assemble system took 1.46 ms
    Global solve took 54.65 ms
    Local solve took 0.10 ms
    Line search took 1.80 ms
    Update system took 0.60 ms
    Assemble system took 1.51 ms
    Global solve took 53.27 ms
    Local solve took 0.08 ms
    Line search took 1.61 ms
    Update system took 0.49 ms
    Assemble system took 1.43 ms
    Global solve took 55.82 ms
    Local solve took 0.10 ms
    Line search took 1.72 ms
    Update system took 0.56 ms
    Assemble system took 1.47 ms
    Global solve took 52.26 ms
    Local solve took 0.08 ms
    Line search took 1.73 ms
    Update system took 0.55 ms
    Assemble system took 1.48 ms
    Global solve took 54.25 ms
    Local solve took 0.09 ms
    Line search took 1.73 ms
    Update system took 0.54 ms
    Assemble system took 1.49 ms
    Global solve took 51.88 ms
    Local solve took 0.08 ms
    Line search took 1.64 ms
    Update system took 0.53 ms
    Assemble system took 1.43 ms
    Global solve took 53.31 ms
    Local solve took 0.09 ms
    Line search took 1.73 ms
    Update system took 0.54 ms
    Assemble system took 1.48 ms
    Global solve took 52.03 ms
    Local solve took 0.07 ms
    Line search took 1.58 ms
    Update system took 0.49 ms
    Assemble system took 1.41 ms
    Global solve took 51.08 ms
    Local solve took 0.08 ms
    Line search took 1.65 ms
Step and readback took 698.15 ms
    Update system took 0.43 ms
    Assemble system took 1.48 ms
    Global solve took 51.88 ms
    Local solve took 0.08 ms
    Line search took 1.66 ms
    Update system took 0.50 ms
    Assemble system took 1.44 ms
    Global solve took 53.55 ms
    Local solve took 0.09 ms
    Line search took 1.79 ms
    Update system took 0.57 ms
    Assemble system took 1.53 ms
    Global solve took 52.84 ms
    Local solve took 0.08 ms
    Line search took 1.60 ms
    Update system took 0.49 ms
    Assemble system took 1.46 ms
    Global solve took 53.45 ms
    Local solve took 0.12 ms
    Line search took 2.01 ms
    Update system took 0.76 ms
    Assemble system took 1.74 ms
    Global solve took 53.39 ms
    Local solve took 0.09 ms
    Line search took 1.72 ms
    Update system took 0.55 ms
    Assemble system took 1.46 ms
    Global solve took 52.13 ms
    Local solve took 0.08 ms
    Line search took 3.49 ms
    Update system took 0.55 ms
    Assemble system took 1.47 ms
    Global solve took 52.63 ms
    Local solve took 0.07 ms
    Line search took 1.64 ms
    Update system took 0.51 ms
    Assemble system took 1.46 ms
    Global solve took 51.72 ms
    Local solve took 0.06 ms
    Line search took 2.56 ms
    Update system took 0.46 ms
    Assemble system took 1.44 ms
    Global solve took 55.51 ms
    Local solve took 0.10 ms
    Line search took 1.77 ms
    Update system took 0.56 ms
    Assemble system took 1.48 ms
    Global solve took 51.38 ms
    Local solve took 0.07 ms
    Line search took 1.55 ms
    Update system took 0.47 ms
    Assemble system took 1.37 ms
    Global solve took 54.60 ms
    Local solve took 0.08 ms
    Line search took 1.75 ms
    Update system took 0.54 ms
    Assemble system took 1.48 ms
    Global solve took 51.79 ms
    Local solve took 0.09 ms
    Line search took 1.67 ms
Step and readback took 695.71 ms
    Update system took 0.46 ms
    Assemble system took 1.48 ms
    Global solve took 49.50 ms
    Local solve took 0.07 ms
    Line search took 1.63 ms
    Update system took 0.49 ms
    Assemble system took 1.41 ms
    Global solve took 49.00 ms
    Local solve took 0.06 ms
    Line search took 1.55 ms
    Update system took 0.45 ms
    Assemble system took 1.40 ms
    Global solve took 52.44 ms
    Local solve took 0.09 ms
    Line search took 1.77 ms
    Update system took 0.56 ms
    Assemble system took 1.50 ms
    Global solve took 50.05 ms
    Local solve took 0.06 ms
    Line search took 1.61 ms
    Update system took 0.46 ms
    Assemble system took 1.41 ms
    Global solve took 52.02 ms
    Local solve took 0.08 ms
    Line search took 1.74 ms
    Update system took 0.55 ms
    Assemble system took 1.51 ms
    Global solve took 50.16 ms
    Local solve took 0.08 ms
    Line search took 1.67 ms
    Update system took 0.51 ms
    Assemble system took 1.46 ms
    Global solve took 52.10 ms
    Local solve took 0.08 ms
    Line search took 1.80 ms
    Update system took 0.57 ms
    Assemble system took 1.49 ms
    Global solve took 50.04 ms
    Local solve took 0.07 ms
    Line search took 1.60 ms
    Update system took 0.47 ms
    Assemble system took 1.42 ms
    Global solve took 51.62 ms
    Local solve took 0.10 ms
    Line search took 1.75 ms
    Update system took 0.55 ms
    Assemble system took 1.47 ms
    Global solve took 50.59 ms
    Local solve took 0.07 ms
    Line search took 1.59 ms
    Update system took 0.49 ms
    Assemble system took 1.42 ms
    Global solve took 49.37 ms
    Local solve took 0.06 ms
    Line search took 1.56 ms
    Update system took 0.47 ms
    Assemble system took 1.45 ms
    Global solve took 52.13 ms
    Local solve took 0.08 ms
    Line search took 1.74 ms
Step and readback took 665.90 ms
    Update system took 0.45 ms
    Assemble system took 1.51 ms
    Global solve took 49.24 ms
    Local solve took 0.05 ms
    Line search took 1.82 ms
    Update system took 0.47 ms
    Assemble system took 1.43 ms
    Global solve took 52.14 ms
    Local solve took 0.06 ms
    Line search took 1.75 ms
    Update system took 0.51 ms
    Assemble system took 1.49 ms
    Global solve took 50.72 ms
    Local solve took 0.08 ms
    Line search took 1.64 ms
    Update system took 0.50 ms
    Assemble system took 1.44 ms
    Global solve took 52.26 ms
    Local solve took 0.10 ms
    Line search took 2.24 ms
    Update system took 0.56 ms
    Assemble system took 1.51 ms
    Global solve took 49.73 ms
    Local solve took 0.08 ms
    Line search took 1.53 ms
    Update system took 0.48 ms
    Assemble system took 1.42 ms
    Global solve took 52.38 ms
    Local solve took 0.10 ms
    Line search took 1.76 ms
    Update system took 0.56 ms
    Assemble system took 1.48 ms
    Global solve took 50.19 ms
    Local solve took 0.08 ms
    Line search took 2.09 ms
    Update system took 0.49 ms
    Assemble system took 1.45 ms
    Global solve took 52.14 ms
    Local solve took 0.10 ms
    Line search took 1.75 ms
    Update system took 0.56 ms
    Assemble system took 1.48 ms
    Global solve took 50.15 ms
    Local solve took 0.09 ms
    Line search took 1.63 ms
    Update system took 0.48 ms
    Assemble system took 1.42 ms
    Global solve took 52.22 ms
    Local solve took 0.10 ms
    Line search took 1.78 ms
    Update system took 0.64 ms
    Assemble system took 1.49 ms
    Global solve took 50.44 ms
    Local solve took 0.08 ms
    Line search took 1.61 ms
    Update system took 0.51 ms
    Assemble system took 1.47 ms
    Global solve took 49.84 ms
    Local solve took 0.10 ms
    Line search took 3.60 ms
Step and readback took 672.68 ms
    Update system took 0.44 ms
    Assemble system took 1.58 ms
    Global solve took 53.23 ms
    Local solve took 0.09 ms
    Line search took 1.75 ms
    Update system took 0.54 ms
    Assemble system took 1.50 ms
    Global solve took 51.93 ms
    Local solve took 0.06 ms
    Line search took 1.54 ms
    Update system took 0.46 ms
    Assemble system took 1.37 ms
    Global solve took 51.51 ms
    Local solve took 0.06 ms
    Line search took 1.55 ms
    Update system took 0.47 ms
    Assemble system took 1.39 ms
    Global solve took 51.59 ms
    Local solve took 0.07 ms
    Line search took 1.77 ms
    Update system took 0.57 ms
    Assemble system took 3.13 ms
    Global solve took 52.78 ms
    Local solve took 0.08 ms
    Line search took 1.67 ms
    Update system took 0.52 ms
    Assemble system took 1.46 ms
    Global solve took 51.71 ms
    Local solve took 0.06 ms
    Line search took 1.54 ms
    Update system took 0.46 ms
    Assemble system took 1.37 ms
    Global solve took 54.93 ms
    Local solve took 0.09 ms
    Line search took 1.76 ms
    Update system took 0.56 ms
    Assemble system took 1.50 ms
    Global solve took 51.83 ms
    Local solve took 0.07 ms
    Line search took 1.58 ms
    Update system took 0.47 ms
    Assemble system took 1.39 ms
    Global solve took 54.88 ms
    Local solve took 0.08 ms
    Line search took 1.75 ms
    Update system took 0.54 ms
    Assemble system took 1.51 ms
    Global solve took 51.70 ms
    Local solve took 0.06 ms
    Line search took 1.54 ms
    Update system took 0.48 ms
    Assemble system took 1.40 ms
    Global solve took 55.10 ms
    Local solve took 0.09 ms
    Line search took 1.77 ms
    Update system took 0.57 ms
    Assemble system took 1.50 ms
    Global solve took 52.55 ms
    Local solve took 0.08 ms
    Line search took 1.67 ms
Step and readback took 693.41 ms
    Update system took 0.45 ms
    Assemble system took 1.63 ms
    Global solve took 55.15 ms
    Local solve took 0.08 ms
    Line search took 1.75 ms
    Update system took 0.55 ms
    Assemble system took 1.49 ms
    Global solve took 51.75 ms
    Local solve took 0.07 ms
    Line search took 1.54 ms
    Update system took 0.46 ms
    Assemble system took 1.42 ms
    Global solve took 52.00 ms
    Local solve took 0.07 ms
    Line search took 1.58 ms
    Update system took 0.48 ms
    Assemble system took 1.41 ms
    Global solve took 51.53 ms
    Local solve took 0.06 ms
    Line search took 1.56 ms
    Update system took 0.46 ms
    Assemble system took 1.41 ms
    Global solve took 55.32 ms
    Local solve took 0.09 ms
    Line search took 1.75 ms
    Update system took 0.56 ms
    Assemble system took 1.49 ms
    Global solve took 52.40 ms
    Local solve took 0.07 ms
    Line search took 1.59 ms
    Update system took 0.47 ms
    Assemble system took 1.41 ms
    Global solve took 54.36 ms
    Local solve took 0.09 ms
    Line search took 1.76 ms
    Update system took 0.58 ms
    Assemble system took 1.49 ms
    Global solve took 53.15 ms
    Local solve took 0.08 ms
    Line search took 1.78 ms
    Update system took 0.55 ms
    Assemble system took 1.55 ms
    Global solve took 54.06 ms
    Local solve took 0.10 ms
    Line search took 1.80 ms
    Update system took 0.55 ms
    Assemble system took 1.48 ms
    Global solve took 53.17 ms
    Local solve took 0.09 ms
    Line search took 1.75 ms
    Update system took 0.52 ms
    Assemble system took 1.50 ms
    Global solve took 54.72 ms
    Local solve took 0.13 ms
    Line search took 2.19 ms
    Update system took 0.72 ms
    Assemble system took 1.53 ms
    Global solve took 55.00 ms
    Local solve took 0.10 ms
    Line search took 1.76 ms
Step and readback took 701.35 ms
    Update system took 0.45 ms
    Assemble system took 1.55 ms
    Global solve took 56.35 ms
    Local solve took 0.10 ms
    Line search took 1.84 ms
    Update system took 0.56 ms
    Assemble system took 1.49 ms
    Global solve took 53.69 ms
    Local solve took 0.09 ms
    Line search took 1.77 ms
    Update system took 0.57 ms
    Assemble system took 1.50 ms
    Global solve took 54.75 ms
    Local solve took 0.08 ms
    Line search took 1.74 ms
    Update system took 0.67 ms
    Assemble system took 1.51 ms
    Global solve took 55.30 ms
    Local solve took 0.12 ms
    Line search took 3.57 ms
    Update system took 0.64 ms
    Assemble system took 1.51 ms
    Global solve took 53.92 ms
    Local solve took 0.10 ms
    Line search took 1.76 ms
    Update system took 0.54 ms
    Assemble system took 1.48 ms
    Global solve took 54.66 ms
    Local solve took 0.09 ms
    Line search took 1.76 ms
    Update system took 0.57 ms
    Assemble system took 1.51 ms
    Global solve took 55.15 ms
    Local solve took 0.09 ms
    Line search took 1.75 ms
    Update system took 0.58 ms
    Assemble system took 1.48 ms
    Global solve took 53.29 ms
    Local solve took 0.08 ms
    Line search took 1.73 ms
    Update system took 0.54 ms
    Assemble system took 1.48 ms
    Global solve took 54.21 ms
    Local solve took 0.09 ms
    Line search took 1.78 ms
    Update system took 0.55 ms
    Assemble system took 1.52 ms
    Global solve took 52.82 ms
    Local solve took 0.07 ms
    Line search took 2.71 ms
    Update system took 0.52 ms
    Assemble system took 1.49 ms
    Global solve took 53.85 ms
    Local solve took 0.10 ms
    Line search took 1.71 ms
    Update system took 0.54 ms
    Assemble system took 1.47 ms
    Global solve took 52.47 ms
    Local solve took 0.07 ms
    Line search took 1.60 ms
Step and readback took 712.82 ms
    Update system took 0.43 ms
    Assemble system took 1.53 ms
    Global solve took 53.89 ms
    Local solve took 0.11 ms
    Line search took 1.73 ms
    Update system took 0.56 ms
    Assemble system took 1.53 ms
    Global solve took 52.57 ms
    Local solve took 0.08 ms
    Line search took 1.64 ms
    Update system took 0.48 ms
    Assemble system took 1.47 ms
    Global solve took 51.91 ms
    Local solve took 0.07 ms
    Line search took 1.56 ms
    Update system took 0.49 ms
    Assemble system took 1.40 ms
    Global solve took 51.51 ms
    Local solve took 0.06 ms
    Line search took 1.56 ms
    Update system took 0.47 ms
    Assemble system took 1.39 ms
    Global solve took 52.19 ms
    Local solve took 0.11 ms
    Line search took 1.69 ms
    Update system took 0.52 ms
    Assemble system took 1.44 ms
    Global solve took 55.39 ms
    Local solve took 0.08 ms
    Line search took 1.77 ms
    Update system took 0.66 ms
    Assemble system took 1.52 ms
    Global solve took 55.08 ms
    Local solve took 0.10 ms
    Line search took 1.85 ms
    Update system took 0.56 ms
    Assemble system took 1.45 ms
    Global solve took 52.48 ms
    Local solve took 0.08 ms
    Line search took 1.64 ms
    Update system took 0.50 ms
    Assemble system took 1.44 ms
    Global solve took 51.87 ms
    Local solve took 0.07 ms
    Line search took 1.59 ms
    Update system took 0.50 ms
    Assemble system took 1.49 ms
    Global solve took 55.09 ms
    Local solve took 0.08 ms
    Line search took 1.75 ms
    Update system took 0.56 ms
    Assemble system took 1.47 ms
    Global solve took 51.60 ms
    Local solve took 0.06 ms
    Line search took 1.57 ms
    Update system took 0.48 ms
    Assemble system took 1.39 ms
    Global solve took 54.15 ms
    Local solve took 0.09 ms
    Line search took 1.70 ms
Step and readback took 695.06 ms
    Update system took 0.45 ms
    Assemble system took 1.53 ms
    Global solve took 51.97 ms
    Local solve took 0.08 ms
    Line search took 1.65 ms
    Update system took 0.49 ms
    Assemble system took 1.52 ms
    Global solve took 54.40 ms
    Local solve took 0.08 ms
    Line search took 1.72 ms
    Update system took 0.55 ms
    Assemble system took 1.48 ms
    Global solve took 51.92 ms
    Local solve took 0.08 ms
    Line search took 1.67 ms
    Update system took 0.53 ms
    Assemble system took 1.43 ms
    Global solve took 54.00 ms
    Local solve took 0.08 ms
    Line search took 1.76 ms
    Update system took 0.53 ms
    Assemble system took 1.47 ms
    Global solve took 52.05 ms
    Local solve took 0.08 ms
    Line search took 2.09 ms
    Update system took 0.50 ms
    Assemble system took 1.43 ms
    Global solve took 54.28 ms
    Local solve took 0.09 ms
    Line search took 1.71 ms
    Update system took 0.55 ms
    Assemble system took 1.48 ms
    Global solve took 51.75 ms
    Local solve took 0.06 ms
    Line search took 1.57 ms
    Update system took 0.47 ms
    Assemble system took 1.40 ms
    Global solve took 54.57 ms
    Local solve took 0.08 ms
    Line search took 1.75 ms
    Update system took 0.59 ms
    Assemble system took 1.49 ms
    Global solve took 51.94 ms
    Local solve took 0.08 ms
    Line search took 2.11 ms
    Update system took 0.48 ms
    Assemble system took 1.39 ms
    Global solve took 53.95 ms
    Local solve took 0.08 ms
    Line search took 1.75 ms
    Update system took 0.68 ms
    Assemble system took 1.91 ms
    Global solve took 52.92 ms
    Local solve took 0.10 ms
    Line search took 1.76 ms
    Update system took 0.54 ms
    Assemble system took 1.49 ms
    Global solve took 54.71 ms
    Local solve took 0.09 ms
    Line search took 1.77 ms
Step and readback took 697.85 ms
    Update system took 0.51 ms
    Assemble system took 1.61 ms
    Global solve took 52.26 ms
    Local solve took 0.08 ms
    Line search took 1.64 ms
    Update system took 0.48 ms
    Assemble system took 1.41 ms
    Global solve took 54.91 ms
    Local solve took 0.09 ms
    Line search took 1.72 ms
    Update system took 0.59 ms
    Assemble system took 1.56 ms
    Global solve took 53.11 ms
    Local solve took 0.08 ms
    Line search took 1.73 ms
    Update system took 0.55 ms
    Assemble system took 1.48 ms
    Global solve took 51.60 ms
    Local solve took 0.06 ms
    Line search took 1.56 ms
    Update system took 0.47 ms
    Assemble system took 1.39 ms
    Global solve took 51.60 ms
    Local solve took 0.07 ms
    Line search took 1.57 ms
    Update system took 0.48 ms
    Assemble system took 1.39 ms
    Global solve took 54.10 ms
    Local solve took 0.08 ms
    Line search took 1.74 ms
    Update system took 0.56 ms
    Assemble system took 1.48 ms
    Global solve took 52.25 ms
    Local solve took 0.07 ms
    Line search took 1.58 ms
    Update system took 0.48 ms
    Assemble system took 1.45 ms
    Global solve took 53.73 ms
    Local solve took 0.10 ms
    Line search took 1.77 ms
    Update system took 0.55 ms
    Assemble system took 1.48 ms
    Global solve took 52.69 ms
    Local solve took 0.08 ms
    Line search took 1.62 ms
    Update system took 0.50 ms
    Assemble system took 1.45 ms
    Global solve took 53.46 ms
    Local solve took 0.09 ms
    Line search took 1.70 ms
    Update system took 0.55 ms
    Assemble system took 1.49 ms
    Global solve took 52.54 ms
    Local solve took 0.07 ms
    Line search took 1.64 ms
    Update system took 0.50 ms
    Assemble system took 1.45 ms
    Global solve took 51.61 ms
    Local solve took 0.09 ms
    Line search took 1.63 ms
Step and readback took 694.18 ms
    Update system took 0.55 ms
    Assemble system took 1.58 ms
    Global solve took 53.40 ms
    Local solve took 0.08 ms
    Line search took 1.74 ms
    Update system took 0.54 ms
    Assemble system took 1.49 ms
    Global solve took 54.05 ms
    Local solve took 0.10 ms
    Line search took 1.77 ms
    Update system took 0.57 ms
    Assemble system took 1.51 ms
    Global solve took 57.55 ms
    Local solve took 0.08 ms
    Line search took 1.84 ms
    Update system took 0.57 ms
    Assemble system took 1.49 ms
    Global solve took 52.19 ms
    Local solve took 0.06 ms
    Line search took 1.55 ms
    Update system took 0.48 ms
    Assemble system took 1.40 ms
    Global solve took 51.85 ms
    Local solve took 0.07 ms
    Line search took 1.61 ms
    Update system took 0.50 ms
    Assemble system took 1.40 ms
    Global solve took 51.33 ms
    Local solve took 0.06 ms
    Line search took 1.64 ms
    Update system took 0.49 ms
    Assemble system took 1.72 ms
    Global solve took 55.31 ms
    Local solve took 0.08 ms
    Line search took 2.23 ms
    Update system took 0.53 ms
    Assemble system took 1.48 ms
    Global solve took 54.63 ms
    Local solve took 0.08 ms
    Line search took 1.74 ms
    Update system took 0.65 ms
    Assemble system took 1.64 ms
    Global solve took 56.01 ms
    Local solve took 0.12 ms
    Line search took 2.17 ms
    Update system took 0.81 ms
    Assemble system took 1.79 ms
    Global solve took 52.86 ms
    Local solve took 0.07 ms
    Line search took 1.59 ms
    Update system took 0.50 ms
    Assemble system took 1.41 ms
    Global solve took 55.63 ms
    Local solve took 0.10 ms
    Line search took 2.08 ms
    Update system took 0.82 ms
    Assemble system took 1.76 ms
    Global solve took 52.83 ms
    Local solve took 0.07 ms
    Line search took 1.60 ms
Step and readback took 711.25 ms
    Update system took 0.44 ms
    Assemble system took 1.52 ms
    Global solve took 52.64 ms
    Local solve took 0.08 ms
    Line search took 1.71 ms
    Update system took 0.53 ms
    Assemble system took 1.48 ms
    Global solve took 51.96 ms
    Local solve took 0.07 ms
    Line search took 1.69 ms
    Update system took 0.58 ms
    Assemble system took 1.65 ms
    Global solve took 54.48 ms
    Local solve took 0.08 ms
    Line search took 1.71 ms
    Update system took 0.53 ms
    Assemble system took 1.46 ms
    Global solve took 51.58 ms
    Local solve took 0.06 ms
    Line search took 1.55 ms
    Update system took 0.46 ms
    Assemble system took 1.40 ms
    Global solve took 51.45 ms
    Local solve took 0.07 ms
    Line search took 2.07 ms
    Update system took 0.47 ms
    Assemble system took 1.40 ms
    Global solve took 51.18 ms
    Local solve took 0.06 ms
    Line search took 1.56 ms
    Update system took 0.44 ms
    Assemble system took 1.40 ms
    Global solve took 54.28 ms
    Local solve took 0.08 ms
    Line search took 1.75 ms
    Update system took 0.56 ms
    Assemble system took 1.49 ms
    Global solve took 51.79 ms
    Local solve took 0.06 ms
    Line search took 1.55 ms
    Update system took 0.47 ms
    Assemble system took 1.40 ms
    Global solve took 55.20 ms
    Local solve took 0.08 ms
    Line search took 2.79 ms
    Update system took 0.55 ms
    Assemble system took 1.50 ms
    Global solve took 52.71 ms
    Local solve took 0.06 ms
    Line search took 1.70 ms
    Update system took 0.54 ms
    Assemble system took 1.47 ms
    Global solve took 54.73 ms
    Local solve took 0.08 ms
    Line search took 1.72 ms
    Update system took 0.55 ms
    Assemble system took 1.48 ms
    Global solve took 52.37 ms
    Local solve took 0.06 ms
    Line search took 1.58 ms
Step and readback took 692.77 ms
    Update system took 0.43 ms
    Assemble system took 1.49 ms
    Global solve took 55.02 ms
    Local solve took 0.08 ms
    Line search took 1.76 ms
    Update system took 0.57 ms
    Assemble system took 1.49 ms
    Global solve took 51.88 ms
    Local solve took 0.07 ms
    Line search took 1.53 ms
    Update system took 0.47 ms
    Assemble system took 1.39 ms
    Global solve took 54.37 ms
    Local solve took 0.08 ms
    Line search took 1.75 ms
    Update system took 0.57 ms
    Assemble system took 1.47 ms
    Global solve took 52.30 ms
    Local solve took 0.06 ms
    Line search took 1.59 ms
    Update system took 0.48 ms
    Assemble system took 1.41 ms
    Global solve took 51.77 ms
    Local solve took 0.06 ms
    Line search took 1.56 ms
    Update system took 0.46 ms
    Assemble system took 1.41 ms
    Global solve took 51.54 ms
    Local solve took 0.06 ms
    Line search took 1.56 ms
    Update system took 0.46 ms
    Assemble system took 1.39 ms
    Global solve took 54.23 ms
    Local solve took 0.08 ms
    Line search took 1.80 ms
    Update system took 0.55 ms
    Assemble system took 1.51 ms
    Global solve took 52.96 ms
    Local solve took 0.07 ms
    Line search took 1.67 ms
    Update system took 0.55 ms
    Assemble system took 1.48 ms
    Global solve took 55.21 ms
    Local solve took 0.12 ms
    Line search took 2.14 ms
    Update system took 0.80 ms
    Assemble system took 1.61 ms
    Global solve took 52.90 ms
    Local solve took 0.08 ms
    Line search took 1.73 ms
    Update system took 0.55 ms
    Assemble system took 1.49 ms
    Global solve took 53.59 ms
    Local solve took 0.08 ms
    Line search took 1.76 ms
    Update system took 0.56 ms
    Assemble system took 1.50 ms
    Global solve took 53.42 ms
    Local solve took 0.08 ms
    Line search took 1.78 ms
Step and readback took 697.44 ms
    Update system took 0.46 ms
    Assemble system took 1.61 ms
    Global solve took 54.71 ms
    Local solve took 0.12 ms
    Line search took 3.49 ms
    Update system took 0.55 ms
    Assemble system took 1.46 ms
    Global solve took 54.38 ms
    Local solve took 0.08 ms
    Line search took 1.74 ms
    Update system took 0.54 ms
    Assemble system took 1.53 ms
    Global solve took 57.16 ms
    Local solve took 0.08 ms
    Line search took 2.29 ms
    Update system took 0.56 ms
    Assemble system took 1.48 ms
    Global solve took 54.82 ms
    Local solve took 0.08 ms
    Line search took 2.27 ms
    Update system took 0.55 ms
    Assemble system took 1.49 ms
    Global solve took 55.56 ms
    Local solve took 0.08 ms
    Line search took 1.75 ms
    Update system took 0.56 ms
    Assemble system took 1.50 ms
    Global solve took 54.45 ms
    Local solve took 0.08 ms
    Line search took 1.78 ms
    Update system took 0.57 ms
    Assemble system took 1.50 ms
    Global solve took 55.36 ms
    Local solve took 0.09 ms
    Line search took 1.83 ms
    Update system took 0.55 ms
    Assemble system took 1.47 ms
    Global solve took 52.69 ms
    Local solve took 0.08 ms
    Line search took 1.62 ms
    Update system took 0.51 ms
    Assemble system took 1.45 ms
    Global solve took 52.11 ms
    Local solve took 0.07 ms
    Line search took 1.59 ms
    Update system took 0.54 ms
    Assemble system took 1.41 ms
    Global solve took 54.60 ms
    Local solve took 0.08 ms
    Line search took 1.75 ms
    Update system took 0.55 ms
    Assemble system took 1.49 ms
    Global solve took 51.94 ms
    Local solve took 0.07 ms
    Line search took 1.57 ms
    Update system took 0.50 ms
    Assemble system took 1.41 ms
    Global solve took 55.40 ms
    Local solve took 0.08 ms
    Line search took 1.74 ms
Step and readback took 714.71 ms
--record: wrote 150 frames to timing_runs_graph/gpu_nograph.npz (positions 150x600x3, tets constant)
